-- Adminer 4.7.8 MySQL dump

SET NAMES utf8;
SET time_zone = '+00:00';
SET foreign_key_checks = 0;
SET sql_mode = 'NO_AUTO_VALUE_ON_ZERO';

SET NAMES utf8mb4;

DROP TABLE IF EXISTS `content_categories`;
CREATE TABLE `content_categories` (
  `id` int(10) unsigned NOT NULL AUTO_INCREMENT,
  `title` varchar(191) COLLATE utf8mb4_unicode_ci DEFAULT NULL,
  `slug` varchar(191) COLLATE utf8mb4_unicode_ci DEFAULT NULL,
  `created_at` timestamp NULL DEFAULT NULL,
  `updated_at` timestamp NULL DEFAULT NULL,
  PRIMARY KEY (`id`)
) ENGINE=InnoDB DEFAULT CHARSET=utf8mb4 COLLATE=utf8mb4_unicode_ci;

INSERT INTO `content_categories` (`id`, `title`, `slug`, `created_at`, `updated_at`) VALUES
(1,	'Institucional',	'institucional',	'2019-07-28 08:08:03',	'2019-07-28 08:08:03'),
(2,	'Novedades',	'novedades',	'2019-07-28 08:08:21',	'2019-07-28 08:08:21'),
(3,	'Webinars',	'webinars',	'2019-09-02 23:18:39',	'2019-09-05 22:52:48');

DROP TABLE IF EXISTS `content_pages`;
CREATE TABLE `content_pages` (
  `id` int(10) unsigned NOT NULL AUTO_INCREMENT,
  `title` varchar(191) COLLATE utf8mb4_unicode_ci NOT NULL,
  `slug` varchar(191) COLLATE utf8mb4_unicode_ci DEFAULT NULL,
  `category_id` int(10) unsigned DEFAULT NULL,
  `page_text` text COLLATE utf8mb4_unicode_ci,
  `excerpt` text COLLATE utf8mb4_unicode_ci,
  `updated_at` timestamp NULL DEFAULT NULL,
  `featured_image` varchar(191) COLLATE utf8mb4_unicode_ci DEFAULT NULL,
  `video` varchar(191) COLLATE utf8mb4_unicode_ci DEFAULT NULL,
  `featured` int(1) unsigned DEFAULT NULL,
  `visible` int(1) unsigned DEFAULT NULL,
  `order` int(10) unsigned DEFAULT NULL,
  `views` int(10) unsigned DEFAULT NULL,
  `deleted_at` timestamp NULL DEFAULT NULL,
  `created_at` timestamp NULL DEFAULT NULL,
  PRIMARY KEY (`id`),
  KEY `50082_59d647970e1a3` (`category_id`),
  CONSTRAINT `50082_59d647970e1a3` FOREIGN KEY (`category_id`) REFERENCES `content_categories` (`id`) ON DELETE CASCADE
) ENGINE=InnoDB DEFAULT CHARSET=utf8mb4 COLLATE=utf8mb4_unicode_ci;

INSERT INTO `content_pages` (`id`, `title`, `slug`, `category_id`, `page_text`, `excerpt`, `updated_at`, `featured_image`, `video`, `featured`, `visible`, `order`, `views`, `deleted_at`, `created_at`) VALUES
(1,	'Quiénes somos',	'quienes-somos',	1,	'<p>Cromoi&oacute;n se especializa, desde el a&ntilde;o 1984, en comercializar insumos y equipamiento aplicados a la investigaci&oacute;n b&aacute;sica, el diagn&oacute;stico humano y veterinario.<br />\r\n<br />\r\nCromoi&oacute;n cumple con el prop&oacute;sito de abastecer integralmente con productos de calidad validada bajo procesos controlados, y servicios acordes a normas que garanticen la satisfacci&oacute;n de las necesidades de los profesionales de los respectivos sectores involucrados.<br />\r\n<br />\r\nCromoi&oacute;n propicia el mejoramiento continuo de sus integrantes, procurando armonizar y potenciar esa evoluci&oacute;n, con una absoluta dedicaci&oacute;n en la labor cotidiana, que la instale en una posici&oacute;n de liderazgo en el mercado, y la constituya en el soporte confiable y de elecci&oacute;n para los clientes.<br />\r\n<br />\r\nCromoi&oacute;n, desde la concepci&oacute;n de sus valores fundacionales, y en funci&oacute;n del rol inherente a la actividad que desempe&ntilde;a, ha asumido con plena convicci&oacute;n, un elevado grado de compromiso hacia la comunidad, el que se ve reflejado fielmente en su lema institucional:<br />\r\n&nbsp;</p>\r\n\r\n<p>&quot;La importancia de un servicio&quot; &reg;&nbsp;</p>',	NULL,	'2021-02-13 03:39:31',	'1566530415-cromo.jpg',	NULL,	0,	1,	NULL,	2395,	NULL,	'2019-07-28 08:09:17'),
(3,	'Insertos Acusera',	'insertos-acusera',	2,	'<p>Orina / Qu&iacute;mica Cl&iacute;nica / Card&iacute;aco / Inmunolog&iacute;a - Prote&iacute;nas<br />Coagulaci&oacute;n / Monitoreo de Drogas Terap&eacute;uticas / Diabetes<br />Gases en Sangre / Inmunoensayo / L&iacute;pidos / Antioxidantes</p>',	NULL,	'2021-02-12 14:38:44',	'1564745470-reactivo_home.jpg',	NULL,	0,	1,	NULL,	559,	NULL,	'2019-08-02 16:31:10'),
(4,	'Controles de calidad para hematología',	'controles-de-calidad-para-hematologia',	2,	'<p>Citrometr&iacute;a de flujo - Controles de calidad - Tubos y conservantes.</p><p>CD-Chex Plus&reg; /&nbsp;CD-Chex Plus&reg; BC /&nbsp;CD-Chex CD34&reg;</p>',	NULL,	'2019-09-30 17:48:12',	'1564746722-reactivos_home.jpg',	NULL,	1,	1,	NULL,	9,	'2019-09-30 17:48:12',	'2019-08-02 16:52:02'),
(5,	'Cómo hacer un Webinar GRATIS con YouTube Live',	'como-hacer-un-webinar-gratis-con-youtube-live',	3,	'<p>Maecenas porttitor, quam convallis mollis elementum, risus elit imperdiet dolor, nec condimentum erat orci ut urna. Sed et tempor sem, eu molestie felis.</p><p>Aliquam convallis commodo turpis non posuere. Proin feugiat ultricies arcu, eu egestas ipsum accumsan sit amet. Pellentesque nec nulla eget purus imperdiet dapibus.</p><p>Vivamus vestibulum est in diam congue, at blandit arcu dictum. Sed metus nibh, condimentum sit amet accumsan id, dapibus et sapien. Sed blandit velit purus, a porttitor odio commodo vel.</p><p>Nulla et odio molestie, blandit quam ut, tempus ipsum. Aenean sed cursus erat. Aliquam sed fermentum arcu. Phasellus odio mauris, cursus quis libero nec, accumsan imperdiet massa.</p><p>Cras pellentesque neque non ultrices suscipit. Ut auctor leo ornare mattis iaculis.</p>',	NULL,	'2019-09-10 20:32:53',	'1568124310-Screen Shot 2019-09-10 at 11.01.52.jpg',	'oNfQrQ1CEqI',	0,	1,	NULL,	4,	'2019-09-10 20:32:53',	'2019-09-10 19:05:10'),
(6,	'Control de Calidad interno como una parte integral de su estrategia ISO',	'control-de-calidad-interno-como-una-parte-integral-de-su-estrategia-iso',	3,	'<p>T.M. Luis Valenzuela Andrade</p><p>Magister en Aseguramiento de Calidad en Laboratorios Cl&iacute;nicos, ISO 15189, UNAB 2007</p>',	NULL,	'2021-02-12 22:25:11',	'1568126897-webinar 1.jpg',	'SaHIs8iTcQQ',	0,	1,	NULL,	489,	NULL,	'2019-09-10 19:48:17'),
(7,	'Impacto del control de calidad en la serologia infecciosa parte 1',	'impacto-del-control-de-calidad-en-la-serologia-infecciosa-parte-1',	3,	'<p>Alba C. Garz&oacute;n</p>',	NULL,	'2021-02-12 14:41:20',	'1568129110-infecciosa 1.jpg',	'Ya1g7kciGIA',	0,	1,	NULL,	466,	NULL,	'2019-09-10 20:01:09'),
(8,	'Impacto del Control de Calidad en la Serología Infecciosa parte 2',	'impacto-del-control-de-calidad-en-la-serologia-infecciosa-parte-2',	3,	'<p>Alba C Garz&oacute;n</p>',	NULL,	'2021-02-12 14:41:39',	'1568129247-infecciosa 2.jpg',	'E5RhnGs_GRI',	0,	1,	NULL,	432,	NULL,	'2019-09-10 20:27:27'),
(9,	'Importancia de los Controles de Calidad Independientes Tercera Opinión y el Peer Group',	'importancia-de-los-controles-de-calidad-independientes-tercera-opinion-y-el-peer-group',	3,	'<p>Alba C. Garz&oacute;n</p><ol><li>Fundamentos de Mejoramiento de Calidad</li><li>Seguridad anal&iacute;tica y seguridad cl&iacute;nica</li><li>Generalidades de Control de Calidad Interno</li><li>Estrategias de Mejora</li></ol><p>&nbsp;</p>',	NULL,	'2021-02-12 14:42:21',	NULL,	'h4WoFqXbLds',	NULL,	1,	NULL,	466,	NULL,	'2019-09-11 18:50:24'),
(10,	'Programa de Evaluación Externa de la Calidad RIQAS',	'programa-de-evaluacion-externa-de-la-calidad-riqas',	3,	'<p>Alba C Garz&oacute;n</p><ul><li>Genaralidades e impacto de la Evaluaci&oacute;n Externa RIQAS</li><li>&iquest;Porqu&eacute; cre&eacute;rle a RIQAS?</li><li>Interpretaci&oacute;n de las herramientas RIQAS y su impacto en la toma de acciones correctivas y preventivas</li><li>Conclusiones.</li></ul>',	NULL,	'2021-02-12 14:41:08',	NULL,	'UsfzMJRdUnQ',	NULL,	1,	NULL,	459,	NULL,	'2019-09-11 18:56:27'),
(11,	'Definir Especificaciones de Calidad Analítica en el Laboratorio Clínico',	'definir-especificaciones-de-calidad-analitica-en-el-laboratorio-clinico',	3,	'<p>Alba C. Garz&oacute;n</p><ul><li>Genaralidades</li><li>Diferencias entre los est&aacute;ndares de Calidad Anal&iacute;tica</li><li>Estrategia de Tonks y Aspen en la definici&oacute;n de metas de calidad anal&iacute;tica</li><li>Conclusi&oacute;n</li></ul>',	NULL,	'2021-02-12 14:42:07',	NULL,	'8TDMl5X4Ak4',	0,	1,	NULL,	438,	NULL,	'2019-09-11 19:02:20'),
(12,	'Diseño de indicadores de competencia técnica con el programa de evaluación externa RIQAS',	'diseno-de-indicadores-de-competencia-tecnica-con-el-programa-de-evaluacion-externa-riqas',	3,	'<p>Alba C. Garz&oacute;n</p><ul><li>Concepto generales sobre los indicadores</li><li>Indicadorwes trazadorwes derivados del programa RIQAS</li><li>La importancia de la incertidumbre en la evaluaci&oacute;n del desempe&ntilde;o y en la construcci&oacute;n de indicadores</li><li>Indicadores de efectividad</li><li>Conclusiones</li></ul>',	NULL,	'2021-02-13 03:21:11',	NULL,	'dSzRJEZlbM0',	NULL,	1,	NULL,	412,	NULL,	'2019-09-11 19:06:13'),
(13,	'Reglas Básicas para la Ejecución de Acciones correctivas en Química Clínica de acuerdo al desempeño.',	'reglas-basicas-para-la-ejecucion-de-acciones-correctivas-en-quimica-clinica-de-acuerdo-al-desempeno',	3,	'<p>Alba C. Garz&oacute;n</p><ul><li>Herramientas fundamentales para la toma de decisiones, en el an&aacute;lisis de causas.</li><li>Fundamentos generales para la ejecuci&oacute;n de acciones correctivas en el &aacute;rea de Qu&iacute;mica Cl&iacute;nica</li><li>Ejemplos pr&aacute;cticos de An&aacute;lisis para ejecuci&oacute;n de acciones.</li><li>Conclusiones</li></ul>',	NULL,	'2021-02-12 14:42:42',	NULL,	'5P-pTYpe0Ro',	NULL,	1,	NULL,	420,	NULL,	'2019-09-11 19:09:34'),
(14,	'Programación de las reglas de control para optimizar la detección del error y minimizar el falso rechazo',	'programacion-de-las-reglas-de-control-para-optimizar-la-deteccion-del-error-y-minimizar-el-falso-rechazo',	3,	'<p>Alba C. Garz&oacute;n</p><p>OBJETIVO</p><p>Fortalecer el uso y adecuada interpretaci&oacute;n y programaci&oacute;n de las reglas de control estad&iacute;stico en los gr&aacute;ficos de control de calidad interno, y la importancia del software de QC para definir su interacci&oacute;n intracorrida e intercorrida. Sensibilidasd de las reglas, modo de operaci&oacute;n y acci&oacute;n a implementar.</p>',	NULL,	'2021-02-12 14:43:04',	NULL,	'0auKCSWk5XE',	NULL,	1,	NULL,	378,	NULL,	'2019-09-11 19:20:07'),
(22,	'Ofertas',	'ofertas',	2,	NULL,	NULL,	'2020-02-18 01:50:41',	'1568389041-Oferta Stock 300px.jpg',	NULL,	1,	0,	NULL,	4,	'2020-02-18 01:50:41',	'2019-09-13 20:22:06'),
(23,	'GLUCOCURVE75',	'glucocurve75',	2,	'<p>Test de Tolerancia Oral a la Glucosa (TTOG)<br />m&eacute;todo de laboratorio para verificar la forma en que el cuerpo metaboliza el azucar en la sangre</p><ul><li>Polvo de solubilidad instant&aacute;nea</li><li>Sabor a Naranja</li><li>Reduce la estad&iacute;stica de n&aacute;useas y v&oacute;mitos</li><li>F&aacute;cil de preparar</li><li>Estandarizaci&oacute;n del test</li><li>Practico envase monotest</li></ul><p>Como uso profesional: embarazadas y ni&ntilde;os por unica vez</p>',	NULL,	'2021-02-12 13:51:11',	'1569847154-Gluco para web.jpg',	NULL,	1,	1,	NULL,	605,	NULL,	'2019-09-30 17:39:14'),
(24,	'Streck Cyto-Chex® BCT',	'streck-cyto-chex-bct',	2,	'<p>Tubos de Recolecci&oacute;n de Sangre</p><p>Cyto-Chex&reg; BCT est&aacute; indicado para la toma y el almacenamiento de muestras de sangre para la determinaci&oacute;n de inmunofenotipo de gl&oacute;bulos blancos por citometr&iacute;a de flujo</p><p><br />&nbsp;</p><p>Estabilidad de las Celulas</p><ul><li>Mantiene la morfolog&iacute;a celular y la expresi&oacute;n del ant&iacute;geno de superficie</li><li>Las muestra s son estables a temperatura ambiente para un conveniente transporte y almacenamiento</li><li>La muestras pueden ser mantenidas por 14 d&iacute;as antes del analisis permitiendo as&iacute; el procesamiento en batch.</li><li>FDA 510(k) lo autoriz&oacute; para La recuperaci&oacute;n de marcadores celulares de subconjuntos de linfocitos del panel del VIH durante los 14 d&iacute;as siguientes a la toma de la muestra.</li></ul>',	NULL,	'2020-03-30 20:01:45',	'1569847629-Cyto-Chex 200 px.jpg',	NULL,	0,	0,	NULL,	249,	NULL,	'2019-09-30 17:47:09'),
(25,	'Tiras Reactivas para Análisis de Orina',	'tiras-reactivas-para-analisis-de-orina',	2,	'<p>Evite reacciones falso negativas y debiles utilice URS-11 y mida el &Aacute;cido Ascorbico en orina.</p><p>&nbsp;</p><p>URS 11 -&nbsp;Tiras Reactivas para An&aacute;lisis de Orina</p><p>&nbsp;</p><p>Para la detecci&oacute;n cualitativa y semi-cuantitativa de la&nbsp;</p><p>glucosa, bilirrubina, cetona, gravedad espec&iacute;fica, sangre, pH, prote&iacute;na, urobilin&oacute;geno, nitrito, leucocitos y &aacute;cido asc&oacute;rbico en orina.</p><p>&nbsp;</p><p>Presentaci&oacute;n : kit x 100 tiras</p><p>&nbsp;</p><p>Se podr&aacute;n observar reacciones falsas negativas y d&eacute;biles de glucosa, sangre y bilirrubina si:</p><ul><li>Glucosa: m&aacute;s de 50 mg / dl de &aacute;cido asc&oacute;rbico en la muestra.</li><li>Bilirrubina: m&aacute;s de 50 mg / dl de &aacute;cido asc&oacute;rbico en la muestra.</li><li>Sangre: m&aacute;s de 10 mg / dl de &aacute;cido asc&oacute;rbico en la muestra.</li></ul>',	NULL,	'2021-02-12 00:44:53',	'1607692493-Tiras de orina fondo blanco 400px.png',	NULL,	1,	1,	NULL,	770,	NULL,	'2019-12-03 02:00:11'),
(26,	'CoronaVirus - Randox',	'coronavirus-randox',	2,	'<p><strong>Randox ha desarrollado una prueba r&aacute;pida para COIV-19, la nueva cepa variante de coronavirus.</strong></p><p><strong>Es el &uacute;nico test en el mundo que puede identificar la cepa letal y diferenciarla entre las dem&aacute;s variantes no letales que producen los mismos s&iacute;ntomas.</strong></p><p><strong>Beneficios de detectar 2019-CoV con Randox</strong></p><ul><li>Breve tiempo de respuesta</li><li>Diferencia entre infecci&oacute;n leve y grave.</li><li>Opciones automatizadas y semiautomatizadas disponibles.</li><li>Disponibilidad de programas QCMD Coronavirus y Respiratory II EQA y Qnostics</li></ul><p><strong>Matriz Singleplex 2019-nCoV</strong></p><p>Este ensayo aborda la necesidad inmediata de que la nueva cepa 2019-nCoV se detecte de forma r&aacute;pida y precisa, para actuar seg&uacute;n los protocolos m&eacute;dicos.</p><ul><li>Tipo de muestra: hisopado nasofar&iacute;ngeo</li><li>Volumen de la muestra: 300ul</li></ul><p><strong>Matriz de infecciones del tracto respiratorio viral multiplex</strong></p><p>En este panel se detectan cinco cepas de coronavirus, incluido el COIV-19 (2019-nCoV, 229E, NL63, OC43 y HKU1). Este panel proporciona un pantallazo respiratorio que permite tomar las decisiones adecuadas.</p><ul><li>Tipo de muestra: hisopado nasofar&iacute;ngeo</li><li>Volumen de la muestra: 300ul</li></ul><p>Panel de Virus&nbsp;&nbsp; &nbsp;&nbsp;&nbsp; &nbsp;</p><ol><li>2019-nCoV&nbsp;&nbsp; &nbsp;</li><li>Coronavirus 229E/NL63</li><li>Coronavirus OC43/HKUI</li><li>Middle East Respiratory - Syndrome Coronavirus (MERS-CoV)</li><li>Pan-Coronavirus (SARS, SARS like, 2019-nCoV)</li><li>Adenovirus A/B/C/D/E</li><li>Enterovirus A/B/C</li><li>Influenza A&nbsp;&nbsp; &nbsp;</li><li>Influenza B</li><li>Rhinovirus A/B</li></ol><p><strong>Randox brinda tecnolog&iacute;a point of care para diagn&oacute;stico molecular a trav&eacute;s del robusto Vivalytic:</strong></p><ul><li>Tiempo: 3 hs</li><li>Plataforma: point of care</li><li>Sistema cerrado</li><li>Completamente automatizado</li></ul><p><strong>4 pasos para optimizar el flujo de trabajo:</strong></p><ul><li>escanear o colocar el c&oacute;digo de muestra</li><li>escanear o colocar el c&oacute;digo de cartucho</li><li>Insertar muestra en el cartucho de prueba y cerrar la tapa</li><li>Insertar el cartucho: extracci&oacute;n, PCR y detecci&oacute;n.</li></ul>',	NULL,	'2020-03-30 20:07:23',	'1581969980-CoronaVirus-Flyer-v2-1.png',	'6nN4ZFXAxaI',	0,	0,	NULL,	523,	NULL,	'2020-02-18 02:06:20'),
(27,	'CROMOION en tiempos de Cuarentena',	'cromoion-en-tiempos-de-cuarentena',	1,	'<p>En las &uacute;ltimas semanas el mundo ha estado observando y sufriendo una pandemia sin precedentes, la primera de este siglo.</p><p>Mientras el impacto del COVID-19 continua, comenzamos a enfrentarnos a cambios radicales, tanto en nuestra vida profesional como personal, enfrent&aacute;ndonos a situaciones desafiantes.</p><p>Es por esto que acompa&ntilde;ando y cumpliendo con el Decreto 297/2020 publicado el 20 de Marzo, siendo una empresa que brinda un servicio esencial para hacer frente a esta emergencia sanitaria, y al vernos directamente impactados por las excepciones legales (o nuevas normativas) hemos decidido adoptar algunas medidas que nos permitan seguir cumpliendo con nuestras actividades y al mismo tiempo resguardar la salud de nuestros empleados, clientes, proveedores y del resto de la sociedad.&nbsp;</p><p>En funci&oacute;n de lo cual, a partir del 25 de marzo y hasta nuevo aviso, Cromoi&oacute;n ha dispuesto que:</p><p>&nbsp;</p><ul><li>&nbsp;El personal administrativo, especialistas de producto, &aacute;rea comercial, marketing y servicio t&eacute;cnico trabajen en modalidad home office.</li><li>El personal de dep&oacute;sito trabaje los d&iacute;as lunes, mi&eacute;rcoles y viernes en el horario de 9 a 16 hs.</li><li>La log&iacute;stica ser&aacute; pautada previamente con clientes y proveedores.</li></ul><p>&nbsp;</p><p>El contacto con la empresa se seguir&aacute; realizando por los canales habituales, tel&eacute;fonos, email y WhatsApp de la empresa, como as&iacute; tambi&eacute;n a los emails y celulares personales de cada uno de nosotros.</p><p>&nbsp;</p><p>Estamos ante una situaci&oacute;n extraordinaria y que nunca imaginamos vivir. Pero sabemos que toda crisis nos presenta una oportunidad y esta no ser&aacute; la excepci&oacute;n. Redoblemos nuestros esfuerzos, seamos solidarios y confiemos en que m&aacute;s temprano que tarde superaremos este momento.</p><p>&nbsp;</p><p>Con afecto,</p>',	NULL,	'2020-11-27 00:12:11',	'1585580775-covid19.jpg',	NULL,	1,	0,	NULL,	763,	NULL,	'2020-03-30 20:06:15'),
(28,	'Onsite Dengue Ag Rapid Test',	'onsite-dengue-ag-rapid-test',	2,	'<p>OnSite Dengue Ag Rapid Test es un inmunoensayo cromatogr&aacute;fico de flujo lateral para la&nbsp;detecci&oacute;n cualitativa del ant&iacute;geno NS1 del dengue (DEN1, 2, 3, 4) en suero, plasma o sangre entera de humanos<br />&nbsp;</p><ul><li>Detecta el ant&iacute;geno NS1 de los 4 serotipos (DEN1, 2, 3, 4)</li><li>Sensibilidad Relativa: 100%, Especicidad Relativa: 98.75%, Acuerdo General: 99.0%</li><li>Reactividad cruzada: No se observaron resultados de prueba de dengue falsos positivos en 6 a&nbsp;10 muestras positivas de los siguientes estados patol&oacute;gicos HIV, HCV, HBV, CHIK, Malaria,&nbsp;Fiebre Tifoidea</li><li>El l&iacute;mite de detecci&oacute;n es de 0.25 ng/mL determinado sobre el ant&iacute;geno NS1 recombinante del&nbsp;dengue del serotipo 2 (DEN2<br />&nbsp;</li></ul>',	NULL,	'2021-02-12 13:51:08',	'1606414847-11880 [Convertido]-01.png',	NULL,	1,	1,	NULL,	236,	NULL,	'2020-11-27 00:20:47');

DROP TABLE IF EXISTS `content_page_content_tag`;
CREATE TABLE `content_page_content_tag` (
  `content_page_id` int(10) unsigned DEFAULT NULL,
  `content_tag_id` int(10) unsigned DEFAULT NULL,
  KEY `fk_p_50082_50081_contentt_5959be007343c` (`content_page_id`),
  KEY `fk_p_50081_50082_contentp_5959be00734c0` (`content_tag_id`),
  CONSTRAINT `fk_p_50081_50082_contentp_5959be00734c0` FOREIGN KEY (`content_tag_id`) REFERENCES `content_tags` (`id`) ON DELETE CASCADE,
  CONSTRAINT `fk_p_50082_50081_contentt_5959be007343c` FOREIGN KEY (`content_page_id`) REFERENCES `content_pages` (`id`) ON DELETE CASCADE
) ENGINE=InnoDB DEFAULT CHARSET=utf8mb4 COLLATE=utf8mb4_unicode_ci;


DROP TABLE IF EXISTS `content_tags`;
CREATE TABLE `content_tags` (
  `id` int(10) unsigned NOT NULL AUTO_INCREMENT,
  `title` varchar(191) COLLATE utf8mb4_unicode_ci DEFAULT NULL,
  `slug` varchar(191) COLLATE utf8mb4_unicode_ci DEFAULT NULL,
  `created_at` timestamp NULL DEFAULT NULL,
  `updated_at` timestamp NULL DEFAULT NULL,
  PRIMARY KEY (`id`)
) ENGINE=InnoDB DEFAULT CHARSET=utf8mb4 COLLATE=utf8mb4_unicode_ci;


DROP TABLE IF EXISTS `encuestas`;
CREATE TABLE `encuestas` (
  `id` int(10) unsigned NOT NULL AUTO_INCREMENT,
  `empresa` varchar(191) COLLATE utf8mb4_unicode_ci DEFAULT NULL,
  `nombre` varchar(191) COLLATE utf8mb4_unicode_ci DEFAULT NULL,
  `pais` varchar(191) COLLATE utf8mb4_unicode_ci DEFAULT NULL,
  `atencion_rapidez` varchar(191) COLLATE utf8mb4_unicode_ci DEFAULT NULL,
  `atencion_cortesia` varchar(191) COLLATE utf8mb4_unicode_ci DEFAULT NULL,
  `atencion_solucion` varchar(191) COLLATE utf8mb4_unicode_ci DEFAULT NULL,
  `servicio_cumplimiento_plazos_entrega` varchar(191) COLLATE utf8mb4_unicode_ci DEFAULT NULL,
  `servicio_rapidez_asesoramiento` varchar(191) COLLATE utf8mb4_unicode_ci DEFAULT NULL,
  `servicio_calidad_servicio_postventa` varchar(191) COLLATE utf8mb4_unicode_ci DEFAULT NULL,
  `servicio_velocidad_respuesta` varchar(191) COLLATE utf8mb4_unicode_ci DEFAULT NULL,
  `servicio_respuesta_ante_imprevistos` varchar(191) COLLATE utf8mb4_unicode_ci DEFAULT NULL,
  `comentarios` text COLLATE utf8mb4_unicode_ci,
  `viewed` int(1) DEFAULT NULL,
  `created_at` timestamp NULL DEFAULT NULL,
  `updated_at` timestamp NULL DEFAULT NULL,
  `deleted_at` timestamp NULL DEFAULT NULL,
  PRIMARY KEY (`id`),
  KEY `encuestas_deleted_at_index` (`deleted_at`)
) ENGINE=InnoDB DEFAULT CHARSET=utf8mb4 COLLATE=utf8mb4_unicode_ci;


DROP TABLE IF EXISTS `eventos`;
CREATE TABLE `eventos` (
  `id` int(10) unsigned NOT NULL AUTO_INCREMENT,
  `nombre` varchar(191) COLLATE utf8mb4_unicode_ci DEFAULT NULL,
  `lugar` varchar(191) COLLATE utf8mb4_unicode_ci DEFAULT NULL,
  `fecha` time DEFAULT NULL,
  `publicado` int(10) unsigned DEFAULT NULL,
  `created_at` timestamp NULL DEFAULT NULL,
  `updated_at` timestamp NULL DEFAULT NULL,
  `deleted_at` timestamp NULL DEFAULT NULL,
  PRIMARY KEY (`id`),
  KEY `eventos_deleted_at_index` (`deleted_at`)
) ENGINE=InnoDB DEFAULT CHARSET=utf8mb4 COLLATE=utf8mb4_unicode_ci;


DROP TABLE IF EXISTS `inquiries`;
CREATE TABLE `inquiries` (
  `id` int(10) unsigned NOT NULL AUTO_INCREMENT,
  `name` varchar(191) COLLATE utf8mb4_unicode_ci DEFAULT NULL,
  `email` varchar(191) COLLATE utf8mb4_unicode_ci DEFAULT NULL,
  `company` varchar(191) COLLATE utf8mb4_unicode_ci DEFAULT NULL,
  `phone` varchar(191) COLLATE utf8mb4_unicode_ci DEFAULT NULL,
  `product` varchar(191) COLLATE utf8mb4_unicode_ci DEFAULT NULL,
  `viewed` int(1) DEFAULT NULL,
  `replied` int(10) unsigned DEFAULT NULL,
  `created_at` timestamp NULL DEFAULT NULL,
  `updated_at` timestamp NULL DEFAULT NULL,
  `deleted_at` timestamp NULL DEFAULT NULL,
  PRIMARY KEY (`id`),
  KEY `inquiries_deleted_at_index` (`deleted_at`)
) ENGINE=InnoDB DEFAULT CHARSET=utf8mb4 COLLATE=utf8mb4_unicode_ci;

INSERT INTO `inquiries` (`id`, `name`, `email`, `company`, `phone`, `product`, `viewed`, `replied`, `created_at`, `updated_at`, `deleted_at`) VALUES
(1,	'IRENE ARANDA',	'irenearanda@bganalizadores.com.ar',	'BG ANALIZADORES S.A.',	'48562024 INT.119',	'Glucosa 6 Fosfato',	NULL,	NULL,	'2019-10-21 19:37:03',	'2019-10-21 19:37:03',	NULL),
(2,	'Dra Romina Carballo',	'rocar@ffyb.uba.ar',	'Facultad de Farmacia y Bioquimica. Catedra de Quimica Analitica',	'01152874452',	'Colesterol',	NULL,	NULL,	'2019-10-25 00:43:56',	'2019-10-25 00:43:56',	NULL),
(3,	'CELIA ZULEMA GAISER',	'celiagaiser@yahoo.com.ar',	'DACHEN',	'02994423982',	'CHAGAS RAPIDO FIRST RESPONSE',	NULL,	NULL,	'2019-11-06 18:30:21',	'2019-11-06 18:30:21',	NULL),
(4,	'jorge dadone',	'dadonej@yahoo.com',	'centro medico elordi',	'2994187889',	'CHAGAS RAPIDO FIRST RESPONSE',	NULL,	NULL,	'2019-11-06 20:32:39',	'2019-11-06 20:32:39',	NULL),
(5,	'SILVANA BERTONE',	'mariasilvanabertone@yahoo.com.ar',	'LABORATORIO CENTRAL. HZONAL TRELEW',	'2804615631',	'Ácidos Biliares enzimático 5ta generación',	NULL,	NULL,	'2019-11-06 22:48:57',	'2019-11-06 22:48:57',	NULL),
(6,	'Gaston Casasnovas',	'gastoncasasnovas@hotmail.com',	'laboratorios Maffrand',	'0358154308075',	'D-3-Hidroxibutirato RANBUT',	NULL,	NULL,	'2019-11-12 19:41:37',	'2019-11-12 19:41:37',	NULL),
(7,	'Ingrid falkenberg',	'falkenberg.ingrid@hotmail.com',	'Biocym lab.',	'03414915735',	'TOSOH AIA360',	NULL,	NULL,	'2019-11-15 16:33:12',	'2019-11-15 16:33:12',	NULL),
(8,	'Luis Alberto Lencina',	'contacto@lablencina.com',	'Labortorios Lencina & Asociados',	'2664695569',	'CHAGAS RAPIDO FIRST RESPONSE',	NULL,	NULL,	'2019-11-28 17:43:33',	'2019-11-28 17:43:33',	NULL),
(9,	'Diego Martin Ferreyra',	'diegomartin242004@gmai.com',	'DR Diego Martin Ferreyra',	'03544 421754',	'Troponina I .',	NULL,	NULL,	'2019-11-29 00:37:30',	'2019-11-29 00:37:30',	NULL),
(10,	'SILVIA GARCIA',	'lgi_vedia197@yahoo.com.ar',	'LABORATORIO GARCIA',	'02354420203',	'Glucocurve75',	NULL,	NULL,	'2019-12-03 22:15:57',	'2019-12-03 22:15:57',	NULL),
(11,	'paula martin',	'labmerlo@yahoo.com.ar',	'laboratorio merlo',	'+541165244487',	'CHAGAS RAPIDO FIRST RESPONSE',	NULL,	NULL,	'2019-12-04 21:27:25',	'2019-12-04 21:27:25',	NULL),
(12,	'Walter Francisco Tetzlaff',	'waltertetzlaff@gmail.com',	'Lipidos y Aterosclerosis, FFyB-UBA',	'59508678',	'OLERUP SSP - HLA KITS',	NULL,	NULL,	'2019-12-06 19:53:27',	'2019-12-06 19:53:27',	NULL),
(13,	'Mariano Iglesias',	'info@iglesiasharamburu.com.ar',	'Iglesias Haramburu',	'54 221 4211446',	'Ácidos Grasos no esterificados',	NULL,	NULL,	'2019-12-07 17:55:26',	'2019-12-07 17:55:26',	NULL),
(14,	'Adriana Imelda Plascencia Villa',	'adrypv@hotmail.com',	'Sector Salud',	'4121573605',	'TOSOH HLC-723 GX',	NULL,	NULL,	'2019-12-15 19:03:18',	'2019-12-15 19:03:18',	NULL),
(15,	'VICENTIN MIRTA IRMA',	'mirtavicentin@yahoo.com.ar',	'Laboratorio CENTRAL VILLA ANGELA',	'3735526676',	'Chagas anticuerpos contra receptores a neurotransmisores autonómicos.',	NULL,	NULL,	'2020-01-09 20:09:43',	'2020-01-09 20:09:43',	NULL),
(16,	'VICENTIN MIRTA IRMA',	'mirtavicentin@yahoo.com.ar',	'Laboratorio CENTRAL VILLA ANGELA',	'3735526676',	'Chagas Ag recombinante',	NULL,	NULL,	'2020-01-09 20:10:44',	'2020-01-09 20:10:44',	NULL),
(17,	'VICENTIN MIRTA IRMA',	'mirtavicentin@yahoo.com.ar',	'Laboratorio CENTRAL VILLA ANGELA',	'3735526676',	'HTLV I/II  Avioq',	NULL,	NULL,	'2020-01-09 20:14:29',	'2020-01-09 20:14:29',	NULL),
(18,	'VICENTIN MIRTA IRMA',	'mirtavicentin@yahoo.com.ar',	'Laboratorio CENTRAL VILLA ANGELA',	'3735526676',	'Mycoplasma Pneumoniae',	NULL,	NULL,	'2020-01-09 20:17:04',	'2020-01-09 20:17:04',	NULL),
(19,	'VICENTIN MIRTA IRMA',	'mirtavicentin@yahoo.com.ar',	'Laboratorio CENTRAL VILLA ANGELA',	'3735526676',	'CA 27.29  TOSOH',	NULL,	NULL,	'2020-01-09 20:27:32',	'2020-01-09 20:27:32',	NULL),
(20,	'VICENTIN MIRTA IRMA',	'mirtavicentin@yahoo.com.ar',	'Laboratorio CENTRAL VILLA ANGELA',	'3735526676',	'Troponina I TOSOH',	NULL,	NULL,	'2020-01-09 20:28:56',	'2020-01-09 20:28:56',	NULL),
(21,	'NOSEDA GUILLERMO FEDERICO',	'gfnoseda@gmail.com',	'LAB LABORATORIO DE ANALISI BOLIVAR',	'231415616089',	'TOSOH AIA360',	NULL,	NULL,	'2020-01-13 22:15:39',	'2020-01-13 22:15:39',	NULL),
(22,	'Pablo Alejandro Fernández',	'pablobioq@yahoo.com.ar',	'Laboratorio Selva SRL',	'1169525657',	'TOSOH AIA360',	NULL,	NULL,	'2020-01-16 18:48:43',	'2020-01-16 18:48:43',	NULL),
(23,	'Tania Simunovich',	'tania.simunovich@diagnoslab.com.ar',	'DIAGNOS',	'(0297) 446-6006',	'. RIQAS - Esquema Internacional de Aseguramiento de la Calidad',	NULL,	NULL,	'2020-01-22 23:28:34',	'2020-01-22 23:28:34',	NULL),
(24,	'Gerardo Zuin',	'laboratoriocarcar@nodosud.com.ar',	'Laboratorio \"Dr.Jorge.A.Carcar\"',	'3537608457',	'CK-MB',	NULL,	NULL,	'2020-01-28 23:45:19',	'2020-01-28 23:45:19',	NULL),
(25,	'Marcos Guerrero',	'marcosjguerrero@gmail.com',	'Fundación Fundosol',	'1141791556',	'Citomegalovirus',	NULL,	NULL,	'2020-02-11 23:48:39',	'2020-02-11 23:48:39',	NULL),
(26,	'Camila Wehbe',	'cawehbe13@hotmail.com',	'Bioq. Camila Wehbe',	'+543584186493',	'Glucocurve75',	NULL,	NULL,	'2020-03-11 22:21:45',	'2020-03-11 22:21:45',	NULL),
(27,	'Gabriela Maiolino',	'maiolinog@nipromed.com',	'NIPRO',	'1151519318',	'Microglobulina b-2  TOSOH',	NULL,	NULL,	'2020-03-13 21:01:23',	'2020-03-13 21:01:23',	NULL),
(28,	'Melina Pagotto',	'melina.pagotto@gmail.com',	'Laboratorio Ábrego Failla',	'03416206830',	'Panel 3 tests COC/ THC/ BZO',	NULL,	NULL,	'2020-04-03 15:46:53',	'2020-04-03 15:46:53',	NULL),
(29,	'LUCENA ETHEL',	'draethellucena@yahoo.com.ar',	'BIOQUIMICA',	'02615416062',	'Panel 2 tests  COC / THC',	NULL,	NULL,	'2020-04-03 17:16:50',	'2020-04-03 17:16:50',	NULL),
(30,	'María Laura Cohen',	'cohen.lau@hotmail.com',	'Hospital Ramos Mejia',	'1534589149',	'Ácidos Biliares enzimático 5ta generación',	NULL,	NULL,	'2020-04-06 18:06:25',	'2020-04-06 18:06:25',	NULL),
(31,	'Ingrid mercado',	'siac.ivmercado@gmail.com',	'Siac',	'±59160778787',	'TSH Neonatal ',	NULL,	NULL,	'2020-05-04 01:24:18',	'2020-05-04 01:24:18',	NULL),
(32,	'María del Carmen Iriarte',	'lalyiriarte@ceabi.com.ar',	'Iriarte',	'42439351',	'CHAGAS RAPIDO FIRST RESPONSE',	NULL,	NULL,	'2020-05-07 20:40:34',	'2020-05-07 20:40:34',	NULL),
(33,	'Rocio Alvarez',	'rocio@biolac.com.ar',	'Obarrio',	'42901654',	'TOSOH HLC-723 GX',	NULL,	NULL,	'2020-05-22 22:55:15',	'2020-05-22 22:55:15',	NULL),
(34,	'alejandro',	'INFO@ALFALABORATORIO.COM.AR',	'alfa laboratorio',	'0298315419691',	'Cobre - colorimétrico',	NULL,	NULL,	'2020-05-22 23:51:26',	'2020-05-22 23:51:26',	NULL),
(35,	'Marcela Lopez',	'quimicaclinica@labmedicina.com',	'laboratorio de Medicina',	'1534228327',	'Cobre - colorimétrico',	NULL,	NULL,	'2020-07-03 20:03:03',	'2020-07-03 20:03:03',	NULL),
(36,	'Carlos Corthey',	'ccorthey@lebym.com.ar',	'LEBYM SRL',	'03454213516',	'Zinc - colorimétrico',	NULL,	NULL,	'2020-07-26 17:25:48',	'2020-07-26 17:25:48',	NULL),
(37,	'Carlos Corthey',	'ccorthey@lebym.com.ar',	'LEBYM SRL',	'0345 4213515',	'Ácidos Biliares enzimático 5ta generación',	NULL,	NULL,	'2020-07-26 17:27:57',	'2020-07-26 17:27:57',	NULL),
(38,	'Maria Emilia Trucco',	'emitrucco@hotmail.com',	'Fundacion para el Progreso de la Medicina',	'0351153717144',	'Glutation Peroxidasa RANSEL',	NULL,	NULL,	'2020-07-27 21:31:53',	'2020-07-27 21:31:53',	NULL),
(39,	'Maria Emilia Trucco',	'emitrucco@hotmail.com',	'Fundacion para el Progreso de la Medicina',	'0351153717144',	'Superóxido Dismutasa RANSOD',	NULL,	NULL,	'2020-07-27 21:32:14',	'2020-07-27 21:32:14',	NULL),
(40,	'MARIA LAURA IGLESIAS',	'mliglesias1980@gmail.com',	'UCES',	'1162697365',	'Dengue NS1 Ag/ IgM / IgG',	NULL,	NULL,	'2020-07-29 00:24:40',	'2020-07-29 00:24:40',	NULL),
(41,	'LUZ MARIA BASURTO GONZÁLEZ',	'lusol_basurto@yahoo.com.mx',	'INSTITUTO TECNOLOGICO DE ESTUDIOS SUPERIORES DE ZAMORA',	'3511456162',	'Lector UMELISA  PR621',	NULL,	NULL,	'2020-07-29 03:32:49',	'2020-07-29 03:32:49',	NULL),
(42,	'Marcela Castro',	'marcelacastro80@hotmail.com',	'Laboratorio de Terapia Intensiva y Urgencias- Hospital de Clínicas José de San Martín-FFyB-UBA',	'01169957650',	'Gases en Sangre RQ9134',	NULL,	NULL,	'2020-09-11 19:12:28',	'2020-09-11 19:12:28',	NULL),
(43,	'HORACIO RUIZ HIDALGO',	'laboratorio@chp.com.ar',	'CENTRO DE HEMATOLOGÍA PAVLOVSKY',	'011 4821422',	'Glucocurve75',	NULL,	NULL,	'2020-09-25 02:32:07',	'2020-09-25 02:32:07',	NULL),
(44,	'Valeria Higa',	'valeriahiga@biol.com.ar',	'Instituto Biologico Argentino SAIC',	'01142551040',	'Hemoglobina Total',	NULL,	NULL,	'2020-09-28 22:20:28',	'2020-09-28 22:20:28',	NULL),
(45,	'Micaela Ferrara',	'micaelaferrara@biol.com.ar',	'BIOL',	'1150564014',	'Hemoglobina Total',	NULL,	NULL,	'2020-09-30 16:51:25',	'2020-09-30 16:51:25',	NULL),
(46,	'Gabriela Chain',	'gchain@biorossi.com.ar',	'Laboratorio Biorossi',	'1166002920',	'Glucocurve75',	NULL,	NULL,	'2020-11-26 23:15:52',	'2020-11-26 23:15:52',	NULL),
(47,	'maribel trangoni',	'marita_009@hotmail.com',	'hospital 4 de junio',	'3644360998',	'Ácidos Biliares enzimático 5ta generación',	NULL,	NULL,	'2020-12-02 00:09:45',	'2020-12-02 00:09:45',	NULL),
(48,	'Luis Antonio Ramos Mireles',	'laboratoriohbicentenario@GMAIL.COM',	'Laboratorio del Hospital del Bicentenario de Esteban Echeverria',	'1164280758',	'Inmunoensayos RQ9125a/b/c  RQ9130',	NULL,	NULL,	'2020-12-09 22:09:15',	'2020-12-09 22:09:15',	NULL),
(49,	'Luis Antonio Ramos Mireles',	'laboratoriohbicentenario@GMAIL.COM',	'Laboratorio del Hospital del Bicentenario de Esteban Echeverria',	'1164280758',	'Cardíaco Líquido RQ9136',	NULL,	NULL,	'2020-12-09 22:11:58',	'2020-12-09 22:11:58',	NULL),
(50,	'Luis Antonio Ramos Mireles',	'laboratoriohbicentenario@GMAIL.COM',	'Laboratorio del Hospital del Bicentenario de Esteban Echeverria',	'1164280758',	'Gases en Sangre RQ9134',	NULL,	NULL,	'2020-12-09 22:12:49',	'2020-12-09 22:12:49',	NULL);

DROP TABLE IF EXISTS `internal_notifications`;
CREATE TABLE `internal_notifications` (
  `id` int(10) unsigned NOT NULL AUTO_INCREMENT,
  `text` varchar(191) COLLATE utf8mb4_unicode_ci NOT NULL,
  `link` varchar(191) COLLATE utf8mb4_unicode_ci DEFAULT NULL,
  `created_at` timestamp NULL DEFAULT NULL,
  `updated_at` timestamp NULL DEFAULT NULL,
  PRIMARY KEY (`id`)
) ENGINE=InnoDB DEFAULT CHARSET=utf8mb4 COLLATE=utf8mb4_unicode_ci;


DROP TABLE IF EXISTS `internal_notification_user`;
CREATE TABLE `internal_notification_user` (
  `internal_notification_id` int(10) unsigned DEFAULT NULL,
  `user_id` int(10) unsigned DEFAULT NULL,
  `read_at` timestamp NULL DEFAULT NULL,
  `created_at` timestamp NOT NULL DEFAULT CURRENT_TIMESTAMP,
  KEY `fk_p_50087_50078_user_int_5959be326288b` (`internal_notification_id`),
  KEY `fk_p_50078_50087_internal_5959be326293a` (`user_id`),
  CONSTRAINT `fk_p_50078_50087_internal_5959be326293a` FOREIGN KEY (`user_id`) REFERENCES `users` (`id`) ON DELETE CASCADE,
  CONSTRAINT `fk_p_50087_50078_user_int_5959be326288b` FOREIGN KEY (`internal_notification_id`) REFERENCES `internal_notifications` (`id`) ON DELETE CASCADE
) ENGINE=InnoDB DEFAULT CHARSET=utf8mb4 COLLATE=utf8mb4_unicode_ci;


DROP TABLE IF EXISTS `library_categories`;
CREATE TABLE `library_categories` (
  `id` int(10) unsigned NOT NULL AUTO_INCREMENT,
  `name` varchar(191) COLLATE utf8mb4_unicode_ci DEFAULT NULL,
  `created_at` timestamp NULL DEFAULT NULL,
  `updated_at` timestamp NULL DEFAULT NULL,
  `deleted_at` timestamp NULL DEFAULT NULL,
  PRIMARY KEY (`id`),
  KEY `library_categories_deleted_at_index` (`deleted_at`)
) ENGINE=InnoDB DEFAULT CHARSET=utf8mb4 COLLATE=utf8mb4_unicode_ci;

INSERT INTO `library_categories` (`id`, `name`, `created_at`, `updated_at`, `deleted_at`) VALUES
(1,	'PRODUCTOS',	'2019-09-12 08:32:52',	'2019-09-12 08:32:52',	NULL),
(2,	'247',	'2019-09-12 08:35:07',	'2019-09-12 08:35:07',	NULL),
(3,	'CHAGAS',	'2019-09-12 08:35:24',	'2019-09-12 08:35:24',	NULL),
(4,	'CONTROL DE CALIDAD',	'2019-09-12 21:26:51',	'2019-09-30 17:27:27',	'2019-09-30 17:27:27'),
(5,	'DENGUE',	'2019-09-12 21:27:14',	'2019-09-16 22:46:10',	'2019-09-16 22:46:10'),
(6,	'INFECCIOSAS',	'2019-09-12 21:27:14',	'2019-09-16 22:41:13',	'2019-09-16 22:41:13'),
(7,	'NEONATAL',	'2019-09-12 21:27:54',	NULL,	NULL),
(8,	'QUÍMICA CLÍNICA',	'2019-09-12 21:28:09',	'2019-09-30 17:27:17',	'2019-09-30 17:27:17'),
(9,	'RANDOX',	'2019-09-12 21:28:25',	'2019-09-30 17:27:49',	'2019-09-30 17:27:49'),
(10,	'RANDOX CONTROL DE CALIDAD',	'2019-09-12 21:28:47',	'2019-09-30 17:27:08',	'2019-09-30 17:27:08'),
(11,	'VIROLOGÍA',	'2019-09-12 21:29:17',	'2019-09-16 22:42:58',	'2019-09-16 22:42:58'),
(12,	'ACUSERA',	'2019-09-13 23:11:15',	'2019-09-30 17:25:38',	'2019-09-30 17:25:38'),
(13,	'INSERTOS ACUSERA',	'2019-09-16 17:53:06',	'2019-09-16 17:53:47',	NULL),
(14,	'OLERUP - HLA',	'2019-09-18 23:46:37',	'2019-09-30 17:27:02',	'2019-09-30 17:27:02'),
(15,	'SSP HLA',	'2019-10-02 23:14:41',	'2019-10-02 23:14:41',	NULL),
(16,	'RIQAS',	'2020-01-22 00:59:43',	'2020-01-22 00:59:43',	NULL),
(17,	'ACUSERA.',	'2020-01-23 19:25:03',	'2020-01-23 19:25:03',	NULL);

DROP TABLE IF EXISTS `library_items`;
CREATE TABLE `library_items` (
  `id` int(10) unsigned NOT NULL AUTO_INCREMENT,
  `name` varchar(191) COLLATE utf8mb4_unicode_ci DEFAULT NULL,
  `description` text COLLATE utf8mb4_unicode_ci,
  `pdf` varchar(191) COLLATE utf8mb4_unicode_ci DEFAULT NULL,
  `category_id` int(10) unsigned DEFAULT NULL,
  `uuid` varchar(191) COLLATE utf8mb4_unicode_ci DEFAULT NULL,
  `downloads` bigint(12) unsigned DEFAULT NULL,
  `published` varchar(191) COLLATE utf8mb4_unicode_ci DEFAULT NULL,
  `created_at` timestamp NULL DEFAULT NULL,
  `updated_at` timestamp NULL DEFAULT NULL,
  `deleted_at` timestamp NULL DEFAULT NULL,
  PRIMARY KEY (`id`),
  KEY `library_items_deleted_at_index` (`deleted_at`),
  KEY `337386_5d7802639f12c` (`category_id`),
  CONSTRAINT `337386_5d7802639f12c` FOREIGN KEY (`category_id`) REFERENCES `library_categories` (`id`) ON DELETE CASCADE
) ENGINE=InnoDB DEFAULT CHARSET=utf8mb4 COLLATE=utf8mb4_unicode_ci;

INSERT INTO `library_items` (`id`, `name`, `description`, `pdf`, `category_id`, `uuid`, `downloads`, `published`, `created_at`, `updated_at`, `deleted_at`) VALUES
(2,	'Uncertain About Measurement Uncertainty',	'Acerca de la medición de la incertidumbre',	'1568316243-Uncertain About Measurement Uncertainty.pdf',	2,	'e15321a0-d592-11e9-bb21-876a1facab90',	4,	'1',	'2019-09-13 00:24:03',	'2019-10-11 07:55:37',	NULL),
(3,	'Cat n° CAL 2350 - Lote 1320UN - IFU CAL nivel 2',	'Information  for Use Calibrador Nivel 2  vencimiento 2021-01',	'1568638726-1320UN  2021-01-comprimido.pdf',	13,	'a8c287d0-d880-11e9-a91f-9d97b5609ebb',	1,	'1',	'2019-09-16 17:51:11',	'2019-10-11 23:08:34',	NULL),
(4,	'prueba',	'1318',	'1568640203-LT691 24.7 new features A5 flyer.pdf',	2,	'287e2700-d885-11e9-a318-a33236a82e58',	NULL,	'1',	'2019-09-16 18:23:23',	'2019-09-16 19:21:08',	'2019-09-16 19:21:08'),
(5,	'Cat n° CAL 2350 - Lote 1242UN - IFU CAL nivel 2',	'Information for Use Calibrador Nivel 2 vencimiento 2020-02',	'1568643954-1242UN  2020-02.pdf',	13,	'e4385180-d88d-11e9-b1dd-2b2425fa7885',	NULL,	'1',	'2019-09-16 19:25:54',	'2020-08-11 17:37:08',	'2020-08-11 17:37:08'),
(6,	'Cat n° CAL 2351 - Lote 1662UE - IFU CAL nivel 3',	'Information for Use Calibrador Nivel 3 vencimiento 28/04/2022',	'1597149386-1162UE  2022-04.pdf',	13,	'155330b0-d88e-11e9-b59c-93958f57d32c',	NULL,	'1',	'2019-09-16 19:27:16',	'2020-08-11 17:36:26',	NULL),
(7,	'Cat n° CAL 2351 - Lote 961UE - IFU CAL nivel 3',	'Information for Use Calibrador Nivel 3 vencimiento 2020-01',	'1568644111-961UE  2020-01.pdf',	13,	'41e2ee20-d88e-11e9-8729-0b93da4d7375',	NULL,	'1',	'2019-09-16 19:28:31',	'2020-08-11 17:38:09',	'2020-08-11 17:38:09'),
(8,	'Cat n° HN1530 20x5 ml  -  Cat n° HS 2611 5x5 ml  - IFU Ensayado Química Clínica Premium Plus Nivel 2',	'Information For Use  Ensayado Química Clínica Premium Plus Nivel 2 \r\nlote 1309UN\r\nVencimiento 28/06/2022',	'1568644282-1309UN  2022-06.pdf',	13,	'a7d7f580-d88e-11e9-8574-591ae2745936',	NULL,	'1',	'2019-09-16 19:31:22',	'2019-10-11 23:52:46',	NULL),
(9,	'Cat n° HE 1532 20x5 ml  Cat n° HS2611 5x5 ml  - IFU Ensayado Química Clínica Premium Plus Nivel 3',	'Information For Use  Ensayado Química Clínica Premium Plus Nivel 3\r\nlote 1002UE\r\nVencimiento 28/02/2022',	'1568644498-1002UE  2022-02.pdf',	13,	'28eb4ea0-d88f-11e9-9f97-215e07ef75e0',	NULL,	'1',	'2019-09-16 19:34:58',	'2019-10-11 23:54:15',	NULL),
(10,	'Cat n° MSS5024  -  IFU Maternal Control Nivel 1',	'Information For Use  Maternal Control Nivel 1\r\nlote 7009MS\r\nVencimiento 28/11/2020',	'1568644686-Maternal Control Level 1.pdf',	13,	'987225a0-d88f-11e9-8c9f-571924eff545',	NULL,	'1',	'2019-09-16 19:38:06',	'2019-10-11 23:54:49',	NULL),
(11,	'Cat n° MSS5025  -  IFU Maternal Control Nivel 2',	'Information For Use  Maternal Control Nivel 2\r\nlote 6758MS\r\nVencimiento 28/05/2020',	'1568644756-Maternal Control Level 2.pdf',	13,	'c271fa10-d88f-11e9-911e-a965db59ecff',	NULL,	'1',	'2019-09-16 19:39:16',	'2020-08-21 22:54:19',	'2020-08-21 22:54:19'),
(12,	'Cat n° MSS5026  -  IFU Maternal Control Nivel 3',	'Information For Use  Maternal Control Nivel 3\r\nlote 6759MS\r\nVencimiento 28/05/2020',	'1568644814-Maternal Control Level 3.pdf',	13,	'e5201750-d88f-11e9-bbee-93c4aa89dddf',	NULL,	'1',	'2019-09-16 19:40:14',	'2020-08-21 22:54:40',	'2020-08-21 22:54:40'),
(13,	'Anticuerpos Antireceptores Muscarinicos',	'Anticuerpos Antireceptores Muscarinicos',	'1568653939-Anticuerpos Antireceptores Muscarinicos.pdf',	3,	'23f4f680-d8a5-11e9-bdfd-f9ff588b847c',	4,	'1',	'2019-09-16 22:12:19',	'2019-10-11 04:12:29',	NULL),
(14,	'Evaluation of three commercial ELISA for diagnosis of Chagas Disease',	'Evaluation of three commercial ELISA for diagnosis of Chagas Disease',	'1568653970-Evaluation of three commercial ELISA for diagnosis of Chagas Disease.pdf',	3,	'361c2e90-d8a5-11e9-a2ed-4faee2521e80',	NULL,	'1',	'2019-09-16 22:12:50',	'2019-09-16 22:12:50',	NULL),
(15,	'Influencia de la presencia de anticuerpos antimuscarínicos M2',	'Influencia de la presencia de anticuerpos antimuscarínicos M2',	'1568654002-Influencia de la presencia de anticuerpos antimuscarínicos M2.pdf',	3,	'49b27500-d8a5-11e9-a8a1-016ccc03abb8',	NULL,	'1',	'2019-09-16 22:13:22',	'2019-09-16 22:13:22',	NULL),
(16,	'Los Fenómenos Disautonómicos en los infectados por T Cruzi',	'Los Fenómenos Disautonómicos en los infectados por T Cruzi',	'1568654034-Los Fenómenos Disautonómicos en los infectados por T Cruzi.pdf',	3,	'5ca5a400-d8a5-11e9-8414-1fd981f02701',	NULL,	'1',	'2019-09-16 22:13:54',	'2019-09-16 22:13:54',	NULL),
(17,	'Rapid diagnostic tests duo as alternative to conventional serological assays for conclusive Chagas disease diagnosis',	'Rapid diagnostic tests duo as alternative to conventional serological assays for conclusive Chagas disease diagnosis',	'1568654075-Rapid diagnostic tests duo as alternative to conventional serological assays for conclusive Chagas disease diagnosis.pdf',	3,	'74e2e190-d8a5-11e9-a938-43fce8353a5a',	2,	'1',	'2019-09-16 22:14:35',	'2019-10-11 04:15:10',	NULL),
(18,	'Screening and Confirmation in Chagas Disease',	'Screening and Confirmation in Chagas Disease',	'1568654195-Screening and Confirmation in Chagas Disease.pdf',	3,	'bcae3d00-d8a5-11e9-a0e7-4dab903f2e68',	NULL,	'1',	'2019-09-16 22:16:35',	'2019-09-16 22:16:35',	NULL),
(19,	'Serokit y Chagas pruebas del Ministerio de Salud',	'Serokit y Chagas pruebas del Ministerio de Salud',	'1568654223-Serokit y Chagas pruebas del Ministerio de Salud.pdf',	3,	'cd2903c0-d8a5-11e9-97c2-f548d40c4631',	NULL,	'1',	'2019-09-16 22:17:03',	'2019-09-16 22:17:03',	NULL),
(20,	'Aislamiento y purificación de tirotropina humana Umelisa TSH',	'Aislamiento y purificación de tirotropina humana Umelisa TSH',	'1568656588-Aislamiento y purificación de tirotropina humana Umelisa TSH.pdf',	7,	'4ec58350-d8ab-11e9-a153-673e433577bb',	1,	'1',	'2019-09-16 22:56:28',	'2019-10-11 07:19:48',	NULL),
(21,	'Diagnostico precoz Hipotiroidsimo congenito Umelisa TSH',	'Diagnostico precoz Hipotiroidsimo congenito Umelisa TSH',	'1568656618-Diagnostico precoz Hipotiroidsimo congenito Umelisa TSH.pdf',	7,	'6085a7a0-d8ab-11e9-a8e3-ad9cb9d00151',	NULL,	'1',	'2019-09-16 22:56:58',	'2019-09-16 22:56:58',	NULL),
(22,	'Estudio comparativo de los tres papeles de filtro en los ensayos  UMELISA para el tamizaje neonatal de hipotiroidismo congénito y fenilcetonuria',	'Estudio comparativo de los tres papeles de filtro en los ensayos  UMELISA para el tamizaje neonatal de hipotiroidismo congénito y fenilcetonuria',	'1568656655-Estudio comparativo de los tres papeles de filtro en los ensayos  UMELISA para el tamizaje neonatal de hipotiroidismo congénito y fenilcetonuria 2002.pdf',	7,	'76c675c0-d8ab-11e9-a68a-7df483a67b85',	1,	'1',	'2019-09-16 22:57:35',	'2019-10-11 06:24:31',	NULL),
(23,	'Influencia de la edad en los resultados del cribado neonatal de hipotiroidismo congénito, fenilcetonuria y galactosemia',	'Influencia de la edad en los resultados del cribado neonatal de hipotiroidismo congénito, fenilcetonuria y galactosemia',	'1568656707-Influencia de la edad en los resultados del cribado neonatal de hipotiroidismo congénito, fenilcetonuria y galactosemia.pdf',	7,	'95c65830-d8ab-11e9-8b64-4d49509faba3',	NULL,	'1',	'2019-09-16 22:58:27',	'2019-09-16 22:58:27',	NULL),
(24,	'TSH-T4-PKU Hospital L Molas - La Pampa Argentina',	'TSH-T4-PKU Hospital L Molas - La Pampa Argentina',	'1568656736-TSH-T4-PKU Hospital L Molas - La Pampa Argentina.pdf',	7,	'a6e77dd0-d8ab-11e9-98dc-3ff0256103a7',	3,	'1',	'2019-09-16 22:58:56',	'2019-10-11 07:14:02',	NULL),
(25,	'ADD-ONS',	NULL,	'1568832479-ADD-ONS .pdf',	14,	'd63d81f0-da44-11e9-9fc8-ffc5847ad163',	2,	'0',	'2019-09-18 23:47:59',	'2019-10-01 22:32:09',	NULL),
(26,	'COMBI TRAYS',	NULL,	'1568832578-COMBI TRAYS .pdf',	14,	'10c2f050-da45-11e9-a910-ed0d47b0a32c',	2,	'0',	'2019-09-18 23:49:38',	'2019-10-01 22:30:08',	NULL),
(27,	'HLA-B',	NULL,	'1568832671-HLA B.pdf',	14,	'4887a130-da45-11e9-b6c7-0de182e69f56',	NULL,	'0',	'2019-09-18 23:51:11',	'2019-09-19 04:31:23',	NULL),
(28,	'HLA-A',	NULL,	'1568832705-HLA-A.pdf',	14,	'5cdbde10-da45-11e9-adc1-91da085ec7ab',	2,	'0',	'2019-09-18 23:51:45',	'2019-10-01 22:33:26',	NULL),
(29,	'HLA-C',	NULL,	'1568832731-HLA-C.pdf',	14,	'6c588480-da45-11e9-b0a7-ad49eb545d41',	NULL,	'0',	'2019-09-18 23:52:11',	'2019-09-19 04:27:58',	NULL),
(30,	'HLA-DP',	NULL,	'1568832759-HLA-DP.pdf',	14,	'7cc55ae0-da45-11e9-b1b4-c3647eaf22b8',	NULL,	'0',	'2019-09-18 23:52:39',	'2019-09-19 04:22:58',	NULL),
(31,	'HLA-DQ',	NULL,	'1568832789-HLA-DQ.pdf',	14,	'8ef28030-da45-11e9-a936-b33f274d2bd2',	NULL,	'0',	'2019-09-18 23:53:09',	'2019-09-19 04:22:44',	NULL),
(32,	'HLA-DR',	NULL,	'1568832817-HLA-DR.pdf',	14,	'9f7b9920-da45-11e9-9498-3729baf0f2b6',	NULL,	'0',	'2019-09-18 23:53:37',	'2019-09-19 04:18:49',	NULL),
(33,	'NULL ALLELE',	NULL,	'1568832846-NULL ALLELE .pdf',	14,	'b0c33860-da45-11e9-affc-415bdc6d8dfe',	4,	'0',	'2019-09-18 23:54:06',	'2019-10-01 22:33:52',	NULL),
(34,	'Tosoh Veterinaria',	NULL,	'1569521890-Tosoh rangos de referencia.pdf',	7,	'fef18be0-e089-11e9-b41a-3b6be83fd362',	NULL,	'0',	'2019-09-26 23:18:10',	'2019-09-26 23:18:10',	NULL),
(35,	'Evaluation',	NULL,	'1569522649-Evaluation Report AIA-360 samples from dogs and cats.pdf',	7,	'c33d6d70-e08b-11e9-9184-93a77a2c7c0b',	2,	'0',	'2019-09-26 23:30:49',	'2019-10-10 00:39:28',	NULL),
(36,	'IFU HLA Olerup SSP® con Taq polimerasa',	NULL,	'1570040163-IFU HLA Olerup SSP® con Taq polimerasa.pdf',	15,	'b2181240-e540-11e9-8919-2ba9bf84eaf0',	2,	'1',	'2019-10-02 23:16:04',	'2019-10-11 07:21:32',	NULL),
(37,	'IFU HLA Olerup SSP® sin Taq polimerasa',	NULL,	'1570040270-IFU HLA Olerup SSP® sin Taq polimerasa.pdf',	15,	'f18093d0-e540-11e9-98ea-bd4cd093c454',	NULL,	'1',	'2019-10-02 23:17:50',	'2019-10-02 23:17:50',	NULL),
(38,	'Calculation Tables Olerup SSP Kits con Taq Polimerasa',	NULL,	'1570040314-Calculation Tables Olerup SSP Kits con Taq Polimerasa.pdf',	15,	'0bd3f810-e541-11e9-b82a-5147cc89682a',	NULL,	'1',	'2019-10-02 23:18:34',	'2019-10-02 23:18:34',	NULL),
(39,	'Calculation Tables Olerup SSP Kits sin Taq Polimerasa',	NULL,	'1570040361-Calculation Tables Olerup SSP Kits sin Taq Polimerasa.pdf',	15,	'278df6c0-e541-11e9-974a-edb4200da1c1',	1,	'1',	'2019-10-02 23:19:21',	'2019-10-11 07:23:13',	NULL),
(40,	'Consenso Argentino de Toxoplasmosis Congénita',	'Consenso Argentino de Toxoplasmosis Congénita, recomienda la técnica de Aglutinación Directa',	'1579289288-Consenso argentino de toxoplasmosis congénita.pdf',	3,	'462d7930-e9ce-11e9-8539-a5db8d5f922e',	NULL,	'0',	'2019-10-08 18:19:36',	'2020-01-18 01:28:08',	NULL),
(41,	'Rangos de Referencia en Veterinaria - Tosoh',	NULL,	'1570650191-Tosoh rangos de referencia.pdf',	7,	'06ff27f0-eacd-11e9-91ca-6144ee3fb0b3',	1,	'0',	'2019-10-10 00:43:11',	'2019-10-10 00:56:50',	NULL),
(42,	'Archivo de prueba',	'Descripción del pdf de prueba',	'1570815325-Compare Result | Motherboard | GIGABYTE.pdf',	1,	'822f2c80-ec4d-11e9-8da5-37e61f8beb64',	NULL,	'0',	'2019-10-11 22:35:25',	'2019-10-11 22:35:38',	'2019-10-11 22:35:38'),
(43,	'Chagas Rápido First Response',	NULL,	'1574876606-Chagas rápido First Response - Lemos.pdf',	3,	'6a3f2210-113d-11ea-a7ba-6f7c5b5c11da',	133,	'0',	'2019-11-27 23:43:26',	'2021-02-03 21:54:05',	NULL),
(44,	'Evaluación de la performance del Reactivo Avioq HTLV I/II',	'Evaluación de tres kits para 192 determinaciones.\r\nBioq. Mauro Fernandez Toscano.\r\n\r\nConclusión\r\nEl ensayo para HTLV I/II Avioq Microelisa System se presenta como una buena alternativa de procesamiento manual para la determinación de HTLV.\r\nEl procedimiento es práctico, cómodo y el equipo se muestra robusto en los parámetros indicados para su trabajo.',	'1575553351-Evaluación de la performance del Reactivo Avioq HTLV III.pdf',	1,	'16366720-1765-11ea-8aa5-3f22b6fb052a',	101,	'0',	'2019-12-05 19:42:32',	'2021-01-30 22:46:55',	NULL),
(45,	'Análisis de performance de un nuevo ensayo para detección de anticuerpos para HTLV I-II-Congreso ABA 2019',	'Análisis de performance de un nuevo ensayo para detección de anticuerpos para HTLV I-II-Congreso ABA 2019',	'1575636613-Análisis de performance de un nuevo ensayo para detección de anticuerpos para HTLV I-II-Congreso ABA 2019.pdf',	1,	'f1e5c040-1826-11ea-bee6-f54672370964',	106,	'0',	'2019-12-06 18:50:13',	'2021-01-30 22:46:42',	NULL),
(46,	'Evaluación del tamizaje para HTLV I-II y su correlación con un estudio confirmatorio-Congreso Muñiz',	'Evaluación del tamizaje para HTLV I-II y su correlación con un estudio confirmatorio-Congreso Muñiz',	'1575636661-Evaluación del tamizaje para HTLV I-II y su correlación con un estudio confirmatorio-Congreso Muñiz.pdf',	1,	'0ed049d0-1827-11ea-bcdb-279aabef7e67',	96,	'0',	'2019-12-06 18:51:01',	'2021-02-01 02:27:11',	NULL),
(47,	'LT244-Acusera-24.7-Interlaboratory-Data-Management-JUL19',	NULL,	'1579786039-LT244-Acusera-24.7-Interlaboratory-Data-Management-JUL19-compressed.pdf',	2,	'14bed3b0-3de4-11ea-976e-f130182255cc',	NULL,	'1',	'2020-01-23 19:27:19',	'2020-01-23 19:27:19',	NULL),
(48,	'LT033-RIQAS-Explained',	NULL,	'1579786221-LT033-RIQAS-Explained-SEP19-compressed.pdf',	16,	'81105930-3de4-11ea-b6f2-b9d55842dd34',	NULL,	'1',	'2020-01-23 19:30:21',	'2020-01-23 19:30:21',	NULL),
(49,	'LT027-Acusera-third-party-controls',	NULL,	'1579786453-LT027-Acusera-third-party-controls-SEPT19-compressed.pdf',	17,	'0b9fa1c0-3de5-11ea-a12f-992d1c95d01c',	NULL,	'1',	'2020-01-23 19:34:14',	'2020-01-23 19:34:14',	NULL),
(50,	'LT772-IQC-Liquid-Controls',	NULL,	'1579786572-LT772-IQC-Liquid-Controls-SEPT19-compressed.pdf',	17,	'525402e0-3de5-11ea-869a-e77c28f8586a',	NULL,	'1',	'2020-01-23 19:36:12',	'2020-01-23 19:36:12',	NULL),
(51,	'IFU- Información de Uso Rota-Adeno CTK',	NULL,	'1583867147-OnSite Rota Adeno Ag IFU.pdf',	1,	'264f47f0-6302-11ea-bb1a-8190c68efbf6',	84,	'0',	'2020-03-11 00:05:47',	'2021-01-30 23:46:31',	NULL),
(52,	'IFU - Prueba Rápida OnSite Troponina I',	'IFU - Prueba Rápida OnSite Troponina I',	'1586183089-IFU OnSite Troponina I.pdf',	1,	'5fa1be60-7812-11ea-b0ff-cd91eabb0515',	21,	'0',	'2020-04-06 19:24:49',	'2020-04-28 18:17:52',	NULL),
(53,	'Cat n° CAL 2351 - Lote 1024UE - IFU CAL nivel 3',	'Information for Use Calibrador Nivel 3 vencimiento 2020-12-28 - size 20x 5 ml',	'1587394497-1024UE  2020-12.pdf',	13,	'e6d4cd60-8316-11ea-9c87-61147ac60423',	NULL,	'1',	'2020-04-20 19:54:57',	'2020-04-20 20:02:00',	NULL),
(54,	'Folleto OnSite COVID-19 IgG/IgM Rapid Test',	NULL,	'1603307588-OnSite COVID 19 CTK Aprobado.pdf',	7,	'7450bc00-13d1-11eb-b276-37e3971c953f',	3,	'0',	'2020-10-22 00:13:08',	'2020-11-16 18:53:47',	NULL),
(55,	'Manual de instrucciones OnSite COVID-19',	NULL,	'1603307934-IFU OnSite COVID-19 IgM IgG - CTK Español.pdf',	7,	'4249c670-13d2-11eb-96e8-c380cee63c31',	7,	'0',	'2020-10-22 00:18:54',	'2020-11-16 18:53:49',	NULL),
(56,	'Folleto COVID-19 Lemos',	NULL,	'1603308458-Folleto COVID AR IgM IgG Serokit Lemos.pdf',	7,	'7aed63b0-13d3-11eb-9cc1-915f53391530',	2,	'0',	'2020-10-22 00:27:38',	'2020-11-16 18:53:46',	NULL),
(57,	'IFU COVIDAR IgG',	NULL,	'1603308591-COVIDAR IgG Manual de Instrucciones.pdf',	7,	'ca07e760-13d3-11eb-a635-3b3fff455acd',	4,	'0',	'2020-10-22 00:29:51',	'2020-11-16 18:53:45',	NULL),
(58,	'IFU COVIDAR IgM',	NULL,	'1603308641-Covid Ar IgM - Manual de Instrucciones.pdf',	7,	'e81a1200-13d3-11eb-88ed-c3c421db6274',	4,	'0',	'2020-10-22 00:30:41',	'2020-11-16 19:51:52',	NULL),
(59,	'IFU Serokit',	NULL,	'1603308681-SEROKIT Manual de Instrucciones.pdf',	7,	'ff7edcb0-13d3-11eb-ab25-3720ee83444f',	4,	'0',	'2020-10-22 00:31:21',	'2020-11-16 18:53:41',	NULL),
(60,	'IFU Coronardx',	NULL,	'1603308767-Manual Kit CoronAR Dx_IVD ANMAT v1.pdf',	7,	'32fc4980-13d4-11eb-8799-5b542723baa1',	3,	'0',	'2020-10-22 00:32:47',	'2020-11-16 18:53:50',	NULL),
(61,	'Folleto Coronardx',	NULL,	'1603309128-Novedades Bioquimicas CoronArdx 22x30.pdf',	7,	'0a397660-13d5-11eb-9f4e-995f1ec628f1',	3,	'0',	'2020-10-22 00:38:48',	'2020-11-16 18:53:52',	NULL);

DROP TABLE IF EXISTS `manufacturers`;
CREATE TABLE `manufacturers` (
  `id` int(10) unsigned NOT NULL AUTO_INCREMENT,
  `name` varchar(191) COLLATE utf8mb4_unicode_ci DEFAULT NULL,
  `slug` varchar(191) COLLATE utf8mb4_unicode_ci DEFAULT NULL,
  `brand` varchar(191) COLLATE utf8mb4_unicode_ci DEFAULT NULL,
  `created_at` timestamp NULL DEFAULT NULL,
  `updated_at` timestamp NULL DEFAULT NULL,
  `deleted_at` timestamp NULL DEFAULT NULL,
  PRIMARY KEY (`id`),
  KEY `manufacturers_deleted_at_index` (`deleted_at`)
) ENGINE=InnoDB DEFAULT CHARSET=utf8mb4 COLLATE=utf8mb4_unicode_ci;

INSERT INTO `manufacturers` (`id`, `name`, `slug`, `brand`, `created_at`, `updated_at`, `deleted_at`) VALUES
(1,	'Tosoh',	'tosoh',	'1564691934-logo-tosoh.jpg',	'2019-08-02 01:38:54',	'2019-08-02 01:38:54',	NULL),
(2,	'Laboratorio Lemos',	'laboratorio-lemos',	'1564691971-logo-lemos.jpg',	'2019-08-02 01:39:31',	'2019-08-02 01:39:31',	NULL),
(3,	'Randox',	'randox',	'1567694314-Randox orange.jpg',	'2019-08-02 08:28:00',	'2019-09-05 19:38:45',	'2019-09-05 19:38:45'),
(4,	'Tecno Suma',	'tecno-suma',	'1564958706-logo_tecnosuma.jpg',	'2019-08-05 03:45:06',	'2019-08-05 03:45:06',	NULL),
(5,	'Nano-Ditech Corp',	'nano-ditech-corp',	'1567392806-logo.jpg',	'2019-09-02 07:53:27',	'2019-09-02 07:53:27',	NULL),
(7,	'Randox',	'randox',	'1567694517-Randox (1).jpg',	'2019-09-05 19:41:57',	'2019-09-05 19:41:57',	NULL),
(8,	'APDIA',	'apdia',	NULL,	'2019-09-13 19:01:30',	'2019-09-13 19:01:30',	NULL),
(9,	'AVIOQ',	'avioq',	NULL,	'2019-09-18 20:04:05',	'2019-09-18 20:04:05',	NULL),
(10,	'MONLAB',	'monlab',	NULL,	'2019-09-18 20:08:48',	'2019-09-18 20:08:48',	NULL),
(11,	'CIE',	'cie',	NULL,	'2019-09-18 20:15:46',	'2019-09-18 20:15:46',	NULL),
(12,	'OLERUP',	'olerup',	'1568822832-olerup_logo.png',	'2019-09-18 21:07:12',	'2019-09-18 21:07:12',	NULL),
(13,	'STRECK',	'streck',	'1568915163-Streck-Brandmark-RGB 400px.jpg',	'2019-09-19 22:46:03',	'2019-09-19 22:46:03',	NULL),
(14,	'Glucocurve',	'glucocurve',	NULL,	'2019-09-20 20:56:55',	'2019-09-20 20:56:55',	NULL),
(15,	'Virion Serion',	'virion-serion',	'1569348475-Logo Virion Serion 400px.jpg',	'2019-09-24 23:05:45',	'2019-09-24 23:07:55',	NULL),
(16,	'InBios',	'inbios',	NULL,	'2019-09-26 00:41:06',	'2019-09-26 00:41:06',	NULL),
(17,	'Wondfo',	'wondfo',	NULL,	'2019-09-27 20:10:32',	'2019-09-27 20:10:32',	NULL),
(18,	'Savyon',	'savyon',	NULL,	'2019-09-27 23:37:07',	'2019-09-27 23:37:07',	NULL),
(19,	'CTK',	'ctk',	'1581689487-Logo CTK Biotech 300px.jpg',	'2019-09-27 23:37:20',	'2020-02-14 20:11:27',	NULL),
(20,	'TECO',	'teco',	'1569612858-Logo verde con letras verdes 400PX.jpg',	'2019-09-28 00:34:18',	'2019-09-28 00:34:18',	NULL);

DROP TABLE IF EXISTS `messages`;
CREATE TABLE `messages` (
  `id` int(10) unsigned NOT NULL AUTO_INCREMENT,
  `name` varchar(191) COLLATE utf8mb4_unicode_ci DEFAULT NULL,
  `company` varchar(191) COLLATE utf8mb4_unicode_ci DEFAULT NULL,
  `email` varchar(191) COLLATE utf8mb4_unicode_ci DEFAULT NULL,
  `phone` varchar(191) COLLATE utf8mb4_unicode_ci DEFAULT NULL,
  `address` varchar(191) COLLATE utf8mb4_unicode_ci DEFAULT NULL,
  `zip` varchar(191) COLLATE utf8mb4_unicode_ci DEFAULT NULL,
  `city` varchar(191) COLLATE utf8mb4_unicode_ci DEFAULT NULL,
  `state` varchar(191) COLLATE utf8mb4_unicode_ci DEFAULT NULL,
  `country` varchar(191) COLLATE utf8mb4_unicode_ci DEFAULT NULL,
  `comments` text COLLATE utf8mb4_unicode_ci,
  `viewed` int(1) DEFAULT NULL,
  `created_at` timestamp NULL DEFAULT NULL,
  `updated_at` timestamp NULL DEFAULT NULL,
  `deleted_at` timestamp NULL DEFAULT NULL,
  PRIMARY KEY (`id`),
  KEY `messages_deleted_at_index` (`deleted_at`)
) ENGINE=InnoDB DEFAULT CHARSET=utf8mb4 COLLATE=utf8mb4_unicode_ci;

INSERT INTO `messages` (`id`, `name`, `company`, `email`, `phone`, `address`, `zip`, `city`, `state`, `country`, `comments`, `viewed`, `created_at`, `updated_at`, `deleted_at`) VALUES
(1,	'Bertinat Maria Soledad',	'Cibic, laboratorios',	'sbertinat@cibic.com.ar',	'0341 4722424',	'zeballos 249',	'2000',	'Rosario',	'Santa Fe',	'Argentina',	'Solicito presupuesto de SSP COMBI TRAYS - HLA:\r\n-101.708-24 A-B-DR-DQ 24\r\n-101.708-24u A-B-DR-DQ 24\r\nNo se bien cual es la diferencia entre los dos kits\r\n\r\nMuchas gracias\r\n\r\nSaludos\r\n\r\nBqca. Bertinat Maria Soledad',	1,	'2019-10-11 21:10:21',	'2019-10-11 21:45:41',	NULL),
(2,	'CELESTE DOMECQ',	'AYMED S.A.',	'cel_domecq@yahoo.com.ar',	'011-1551507242',	'libertad 613',	'1814',	'cañuelas',	'BS AS',	'ARGENTINA',	'BUENOS DIAS , NECESITO PRESUESTO DE LOS TEST DE TROPONINA , MI NOMBRE ES CELESTE JEFA DE ENFERMERIA DE AYMED SA DE LA CIUDAD DE CAÑUELAS, MUCHAS GRACIAS.',	1,	'2019-10-23 18:38:41',	'2019-10-28 22:56:47',	NULL),
(3,	'Cecilia Basiglio',	'IFISIE',	'basiglio@ifise-conicet.gov.ar',	'03414305799',	'Suipacha 570',	'S2002LRL',	'Rosario',	'Santa Fe',	'Argentina',	'Solicito presupuesto y disponibilidad del siguiente producto:\r\nRTIOXIDANT STATUS COLORIMETRIC (CAT NX2332)	5 x 10ml (S)',	1,	'2019-10-25 17:06:02',	'2019-10-28 22:55:56',	NULL),
(4,	'Laura Von Steiger',	'Laboratorio de histocompatibilidad de Misiones',	'Versuslau@gmail.com',	'0376-154248124',	'lopez torres y cabred',	'3300',	'posadas',	'misiones',	'argentina',	'Hola buenas tardes, solicito cotizacion de  kit  HLA de SSP combi trays A B DR DQ por 24 determinaciones, y queria saber si viene con taq incluida o no. Tambien kit HLA de SSP DQ low por 48 determinaciones.\r\n\r\nmuchas gracias\r\n\r\nsaludos',	1,	'2019-10-28 23:34:39',	'2019-11-04 21:23:32',	NULL),
(5,	'Daniel Varela',	'CEOM SRL',	'ceom.srl.01@gmail.com',	'0351-153279382',	'Rondeau 293 Primer Piso',	'5000',	'Córdoba',	'Córdoba',	'Argentina',	'Buenos días, en primer lugar me presento, nuestro centro Médico CEOM SRL  (Centro de Endocrinologia, Osteologia y Metabolismo) posee varias especialidades y obviamente un pequeño laboratorio que trabaja tanto en química como en RIA.\r\nNuestra intención, es estudiar la posibilidad de adquirir equipamiento mas modernos que nos permite crecer, obteniendo una mejoría en la calidad de nuestro servicio como también en la rapidez en los resultados.\r\nComo pregunta, nos interesa un AIA 360 si está dentro de nuestras posibilidades la adquirir ya sea a través de compra o leasing.\r\nEsperamos poder contar con más información de parte de uds de ser esto posible.\r\nSaludamos atte.\r\n\r\nSr Daniel Varela\r\nSocio Gerente\r\nCEOM S.R.L.',	1,	'2019-10-31 17:22:36',	'2019-11-04 21:22:49',	NULL),
(6,	'Carolina Trucco Boggione',	'Laboratorio de Inmunohematologia, facultad de Cs Bioquimicas, UNR',	'carolinatruccoboggione@gmail.com',	'03414804592 int 310',	'Suipacha 531',	'2000',	'Rosario',	'Santa Fe',	'Argentina',	'Quisiera saber el costo de los tubos Streck. Gracias',	1,	'2019-11-05 22:30:24',	'2019-11-06 00:55:27',	NULL),
(7,	'CELIA GAISER',	'DACHEN',	'celiagaiser@yahoo.com.ar',	'02994423982',	'SOLDADO DESCONOCIDO 461',	'8300',	'NEUQUEN',	'NEUQUEN',	'Argentina',	'Me interesa saber el precio del Test rápido para Chagas, y también el precio del Kit para Marihuana. Gracias\r\nSaludos cordiales \r\nCELIA GAISER',	NULL,	'2019-11-06 18:38:33',	'2019-11-06 18:38:33',	NULL),
(8,	'ANDRES BALDO',	'FACULTAD DE CIENCIAS VETERINARIAS UNLP - PRODUCCION BOVINA',	'abaldo@fcv.unlp.edu.ar',	'1156224847',	'CALLE 60 Y 118',	'1900',	'LA PLATA',	'BUENOS AIRES',	'ARGENTINA',	'Solicito cotización de kits para determinación de NEFA en sangre de vacas.\r\npor favor pueden indicarme la cantidad de determinaciones que pueden realizarse ?\r\ngracias',	1,	'2019-11-11 23:42:17',	'2019-11-21 23:12:49',	NULL),
(9,	'Antonio Spizzirri',	'Grafi´k Baires S.R.L.',	'gbaires@grafikbaires.com.ar',	'42751807',	'Av. Pte. Gral. Juan Domingo Perón 3304',	'1888',	'Florencio Varela',	'Buenos Aires',	'Argentina',	'Buen día\r\n\r\nRepresento a Grafi´k Baires S.R.L. y nos gustaría poder acceder a un contacto de compras o quien pueda evaluar nuestra propuesta, como proveedores de nuestros servicios gráficos en papelería corporativa, prospectos y estuches.\r\n\r\nAtte.\r\n\r\nAntonio Spizzirri',	NULL,	'2019-11-22 01:59:26',	'2019-11-22 01:59:26',	NULL),
(10,	'Verónica De Luca',	'Facultad Cs Veterinarias UBA',	'vdeluca@fvet.uba.ar',	'52872495',	NULL,	NULL,	'CABA',	NULL,	'Argentina',	'Buen día necesito presupuesto a nombre de\r\nUBA\r\nCUIT:30-54666656-1\r\nIVA: exento\r\nDirección: Viamonte 444 - CABA\r\nde los siguientes productos\r\n\r\nPROTI2 (Biuret500+Alb500+SP) (WIENER) 2 CAJAS\r\nCREATININA 130-220det (WIENER) 2 CAJAS\r\nFOSFATEMIA UV AA 100ml (WIENER) 2 CAJAS\r\nUREMIA RVOS 1 y 2 500det (WIENER) 2 CAJAS\r\nUREASA x 500 35ml 500det (WIENER) 2 CAJAS\r\n\r\ndesde ya muchas gracias',	NULL,	'2019-12-03 20:51:40',	'2019-12-03 20:51:40',	NULL),
(11,	'SILVIA GARCIA',	'LABORATORIO GARCIA',	'lgi_vedia197@yahoo.com.ar',	'02354420203',	NULL,	NULL,	'VEDIA',	NULL,	'ARGENTINA',	'Quisiera saber el precio del GLUCOCURVE 75. Gracias',	NULL,	'2019-12-03 22:17:44',	'2019-12-03 22:17:44',	NULL),
(12,	'Walter Francisco Tetzlaff',	'Lipidos y Aterosclerosis, FFyB-UBA',	'waltertetzlaff@gmail.com',	'59508678',	'junin 956',	'1113',	'Ciudad Autonomade Buenos Aires',	'Buenos Aires',	'Argentina',	'Estimados, mande un email solicitando informacion y presupuesto del OLERUP SSP - HLA KITS, hace unos dias la Dra Laura Boero hablo por telefono con su representante en argentina y le dijo que le iba mandar la informacion y todavia no recibimos nada.\r\nEspero su respuesta.\r\nSaludos cordiales.\r\nLic. Walter Tetzlaff\r\nBecario Doctoral Conicet',	NULL,	'2019-12-06 19:55:33',	'2019-12-06 19:55:33',	NULL),
(13,	'Ivan Figueiras',	'Polter Argentina',	'ivanf.polter@gmail.com',	'42097685',	'San M. Argentano',	NULL,	'AVELLANEDA',	NULL,	'ARGENTINA',	'Buenos días \r\nSomos fabricantes hace 35 años de todo tipo de materiales para Packaging, Polietileno termocontraible, Film con burbujas de aire, Streecht para paletizar y demás productos para packaging detallados en la presentación de productos. Tenemos varios clientes de su mismo rubro y afines, quería saber si estaban interesados en establecer una relación comercial y ofrecerles alguna cotización. \r\n\r\nContamos además con representaciones de 1ra línea mundial como Sealed Air -POLIOLEFINA CRYOVAC-\r\n\r\ny Poliolefina -TRILAM- (de fabricación propia)\r\n\r\nSi alguno de estos u otros productos que comercializamos es de su interés me pongo a disposición para ampliar al respecto o lo que consideren necesario.\r\n\r\nAdjunto presentación de productos.\r\n\r\nAguardo confirmación de recepción.\r\n\r\nUn saludo y desde ya muchas gracias.\r\n\r\n-- \r\n\r\nIvan Figueiras\r\n\r\n   Dto. de ventas\r\n\r\n  116982-7080 \r\n\r\n\r\n\r\nADMINISTRACION  ARENALES 2172 (1870)AVELLANEDA)\r\n\r\nFABRICA:                ARENALES 2162 (1870 AVELLANEDA)\r\n\r\nBUENOS AIRES - ARGENTINA\r\n\r\n4208-3586 / 4209-7685\r\n\r\nwww.polter.com.ar',	1,	'2019-12-12 02:41:35',	'2019-12-20 21:38:22',	NULL),
(14,	'Marcela Jordan',	'Laboratorio Privado',	'marcebetjor@gmail.com',	'1165332876',	'Av Nazca 2365, D',	'1416',	'Bs As',	'Ciudad Autónoma de Buenos Aires',	'Argentina',	'Podrian pasarme precios de paneles?',	NULL,	'2020-01-02 20:27:08',	'2020-01-02 20:27:08',	NULL),
(15,	'Leticia Flamni',	'MG PHARMACORP SRL',	'bahiablanca@pharmacorp.com.ar',	'0291-5171088',	'Nicaragua 1859',	'8000',	'Bahía Blanca',	'Buenos Aires',	'Argentina',	'Buenos días, \r\nSolicito si me pordrían envíar lahabilitación de ANMAt y Ministerio de Salud Provincial , para completar la documentación de proveedores para la sucursal de MG PHARMACORP SRL de Bahía Blanca.\r\nSaludos cordiales.\r\n\r\nFarm. Leticia Flamini\r\nMG Pharmacorp S.R.L\r\nSuc. Bahía Blanca\r\nNicaragua 1859\r\nTel.: 0291-5171088\r\nbahiablanca@pharmacorp.com.ar',	NULL,	'2020-01-03 18:25:48',	'2020-01-03 18:25:48',	NULL),
(16,	'Leticia Flamni',	'MG PHARMACORP SRL',	'bahiablanca@pharmacorp.com.ar',	'02915171088',	'Nicaragua 1859',	'8000',	'Bahía Blanca',	'Buenos Aires',	'Argentina',	'Buenos días!\r\nRecibí mercadería bajo remito n° 1-60651, podrían enviarme la factura?\r\nSaludos cordiales\r\n\r\nFarm. Leticia Flamini\r\nMG Pharmacorp S.R.L\r\nSuc. Bahía Blanca\r\nNicaragua 1859\r\nTel.: 0291-5171088\r\nbahiablanca@pharmacorp.com.ar',	NULL,	'2020-01-03 18:49:21',	'2020-01-03 18:49:21',	NULL),
(17,	'Mariano Flotta',	'ACADEMIA NACIONAL DE MEDICINA',	'mflotta@anm.edu.ar',	'4809-1032',	'Pacheco de Melo 3081',	'1425',	'C.A.B.A.',	NULL,	'Argentina',	'PEDIDO DE PRESUPUESTO\r\n \r\n \r\nSolicitamos, tengan a bien, cotizar los siguientes productos:\r\n \r\n1 CHAGATEK RECOMBINANTE – 192 DET. – CHAGAS ELISA\r\n\r\n \r\nNOTA: Por favor, aclarar Plazo de Entrega y si los precios incluyen el IVA \r\nAgradeciendo su colaboración, los saludamos muy atentamente.\r\n \r\n \r\nMariano J. FLOTTA\r\nDepartamento de Compras\r\nAcademia Nacional de Medicina\r\nBuenos Aires - Argentina\r\nTel./Fax: 54-11-4805-2060',	NULL,	'2020-01-13 18:37:39',	'2020-01-13 18:37:39',	NULL),
(18,	'NOSEDA GUILLERMO FEDERICO',	'LAB LABORATORIO DE ANALISI BOLIVAR',	'gfnoseda@gmail.com',	'2314616089',	'Olascoaga 34',	'6550',	'Bolivar',	'BSAS',	'ARGENTINA',	'SOLICITO INFORMACION DE PRECIO MODO DE PAGO TIEMPO DE ENTREGA Y PUESTA EN MARCHA PARA EQUIPO DE INMUNO ANALISIS  TOSOH AIA360 PARA LABORATORIO DE ANALISIS CLINICOS MEDIO (40 PAC DIA).\r\nSOLICITO ME INFORMEN COSTO POR DETERMINACION PARA PANEL  TIROIDES, MARCADORES TUMORALES, ENDOCRINO Y PANEL ANEMIA VITD.\r\nESPERO SU AMABLE RESPUESTA\r\nGRACIAS SALUDOS CORDIALES',	NULL,	'2020-01-13 22:24:31',	'2020-01-13 22:24:31',	NULL),
(19,	'jimena presa',	'language roots',	'idiomas@languageroots.com.ar',	'1155758823',	'miguel de azcuenaga 236',	'1035',	'vicente lopez',	'buenos aires',	'Argentina',	'Estimados/as, nos ponemos en contacto con el fin de hacerles llegar nuestras propuestas de clases de idiomas in company, como así también de convenios corporativos.\r\n\r\nDe ser de su interés quedamos a la espera de su respuesta o contacto de la persona/área a cargo de capacitaciones.\r\n\r\nMuchas gracias por su tiempo y atención.\r\nSaludo atte.\r\nJimena Presa Garin.',	NULL,	'2020-01-29 19:54:16',	'2020-01-29 19:54:16',	NULL),
(20,	'Alfredo Ricardo de Alzáa',	'Clear Words Translations',	'adealzaa@clearwordstranslations.com',	'+54(351)662-3797',	NULL,	NULL,	'Córdoba',	NULL,	'Argentina',	'Estimados...somos una empresa de lingüística y nos interesaría contactar con el dpto de compras para registrarnos como proveedores y ofrecer nuestros servicios. Si nos facilitan una dirección de mail y/o teléfono nos contactaríamos con uds para ampliar información al respecto.\r\n\r\nsaludos cordiales',	NULL,	'2020-02-04 21:46:53',	'2020-02-04 21:46:53',	NULL),
(21,	'Florencia sierra',	'Salud Publica Veterinaria',	'fsierra@fvet.uba.ar',	'1560018669',	'av chorroarin 280',	NULL,	'caba',	NULL,	'argentins',	'Quería saber el precio del producto AD TOXO COLOR - LEMOS. Muchas gracias\r\n\r\nFlorencia',	NULL,	'2020-02-06 19:30:32',	'2020-02-06 19:30:32',	NULL),
(22,	'Gomez Fernando Daniel',	'Laboratorio de Fisiopatogenia',	'gomezfernandod@gmail.com',	'1170458576',	'Laboratorio de Fisiopatogenia   IFIBIO-Houssay   Facultad de Medicina     UBA-CONICET',	'1121',	'CABA',	'Ciudad Autonoma de Buenos Aires',	'Argentina',	'Buenos días! \r\nQuisiera pedir presupuesto de Kit para Urea Color 2R x 500 det. Código: 02010100044 ; Creatinina Cinetica AA Liquida x 250 ml. Código: 02010100559.\r\nDesde ya muchas gracias.',	NULL,	'2020-02-10 19:23:32',	'2020-02-10 19:23:32',	NULL),
(23,	'Victoria Wargon',	'Biomadryn',	'Victoria.wargon@gmail.com',	'011-1569088539',	'Roque Saenz Peña 172',	'9120',	'Puerto madryn',	'Chubut',	'Argentina',	'Podrian por favor envirme informacion y presupuesta del nuevo kit coronavirus random? Gracias',	NULL,	'2020-02-19 18:51:38',	'2020-02-19 18:51:38',	NULL),
(24,	'GUSTAVO GONZALEZ',	'BISIONES SRL',	'gustavo.gonzalez@bisiones.com.ar',	'3764870695',	'Belgrano Nº 2256',	'3300',	'POSADAS',	'MISIONES',	'ARGENTINA',	'BUENOS DIA SOLICITO LOS SIGUIENTES PRODUCTOS:\r\nSUERO CONTROL ANORMAL (ACIDOS BILIARES) RANDOX HN1532\r\nSUERO CONTROL NORMAL (ACIDOS BILIARES) RANDOX HN1530\r\nACIDOS BILIARES RANDOX BI 3863\r\nCAL AC BILIARES RANDOX CAL 2351\r\nDESDE YA MUCHAS GRACIAS\r\nBQCO GONZALEZ GUSTAVO MP 498 - DIRECTOR TECNICO',	NULL,	'2020-02-20 20:48:56',	'2020-02-20 20:48:56',	NULL),
(25,	'Dr Victor A Castillo',	'Fav. Ciencias Veterinarias-Hosp Escuela de MEdicina Veterinaria',	'vcastill@fvet.uba.ar',	'1553424811',	NULL,	NULL,	'CABA',	NULL,	'Arg.',	'Buenos días, estoy a cargo del servicio de Diagnóstico por Quimioluminiscencia que se presta en la Fac. de Ciancias Veterinarias-UBA a través del Immulite 1000 de Siemens, siendo ustedes proveedores de los kit diagnósticos.\r\nA su vez dirijo un proyecto de investigación, del cual me toca en este mes presentar la rendición de cuentas. Dado que por la compra de los kits excedo el máximo permitido para compra directa, lo cual me obligaría a realizar compulsa entre 3 proveedores, les solicito que por favor me envíen (copia) a la brevedad la constancia o contrato donde diga que Cromoion SRL es el único proveedor de kit diagnósticos para el Immulite 1000 y representante de Siemens en Argentina (o en CABA y alrededores).\r\nLa misma puede ser enviáda por este medio (vcastill@fvet.uba.ar y con copia a clinpeq@fvet.uba.ar) \r\nDesde ya muchas gracias\r\nProf Dr Víctor A. Castillo, phD\r\nCat Clin. Med Peq Animales\r\nServ. Diag. Quimioluminiscencia-HEMV\r\nFCV-UBA',	NULL,	'2020-03-08 19:22:19',	'2020-03-08 19:22:19',	NULL),
(26,	'Galo Jarrin',	'LEADING NORTH ADVISORS LATAM',	'gjarrin@leadingnorthadvisors.com',	'0983864016',	'Av. De los Shyris N32-218',	'170508',	'QUITO',	'PICHINCHA',	'Ecuador',	'Apreciados Señores\r\nSomos ina empresa novel en Ecuador pero nuestra experiencia y relaciones a nivel de los directivos de la misma es sumamente basta.\r\nQueremos expandir nuestro portafolio de servicios en Ecuador, y a mediano plazo en Peru y Bolivia. \r\nHemos revisado su portafolio de servicios y nos interesaria explorar la opción de ser sus distribuidores para la zona andina de Latam.\r\nEspero que esto tambien sea de su interes. \r\nQuedamos atentoa a sus comentarios y contestación\r\nSaludos desde Ecuador',	NULL,	'2020-03-09 20:18:46',	'2020-03-09 20:18:46',	NULL),
(27,	'Martin Blanco',	'Totaro Representaciones',	'martin@totaroweb.com.ar',	'3416632932',	'Bv. Segui 2067',	'2000',	'Rosario',	'Santa Fe',	'Argentina',	'Buenas tardes\r\nConsulto por Kits para Dengue. Disponibilidad, precios\r\nSaludos Cordiales\r\nMartín Blanco',	NULL,	'2020-03-11 00:06:13',	'2020-03-11 00:06:13',	NULL),
(28,	'Gabriela Maiolino',	'NIPRO',	'maiolinog@nipromed.com',	'1151519318',	'Fondo de la Legua 936',	NULL,	'Buenos Aires',	'Buenos Aires',	'Argentina',	'Buenas tardes,\r\nPor favor podrian enviarme precio de los siguientes productos\r\n\r\n25259   ST AIA-PACK BMG 20 cups x 5 trays (100 tests)\r\n20359   AIA-PACK BMG Calibrator Set Six levels, 12 x 1 mL\r\n20559   AIA-PACK BMG Sample Diluting Concentrate 4 x 10 mL\r\n\r\nDisponibilidad y si tienen las adaptacion para Vitros 5.1\r\n\r\nGracias\r\n\r\nGabriela',	NULL,	'2020-03-13 21:16:28',	'2020-03-13 21:16:28',	NULL),
(29,	'Schalpeter  Betiana',	'Laboratorio Provincial de Epidemiología',	'betischal@hotmail.com',	'343 4209646',	'25 de Mayo',	'3100',	'Paraná',	'Emtre Ríos',	'Argentina',	'Hola, Buenas tardes. Les escribo de compras del Ministerio de Salud de Entre Ríos, para consultarles si ustedes venden Hisopos en Tubo Seco, los mismos son para el Laboratorio de Epidemiología de esta ciudad. En caso afirmativo necesitaría saber si cuenta con stock del mismo. \r\nEspero una pronta respuesta. Desde ya muchas gracias',	NULL,	'2020-03-22 23:04:28',	'2020-03-22 23:04:28',	NULL),
(30,	'Carolina Eva Carrizo',	'Inmunología y Reumatología CEMIC',	'ccarrizo@cemic.edu.ar',	'0111562762779',	'Murillo 614 2do C',	'1414',	'CABA',	'Buenos Aires',	'Argentina',	'Estimados estuve viendo que hay un kit para dosar IL-6 por ELISA de IBL, lo tienen disponible o hay que hacer trámite deimportación?\r\nAguardo información\r\nAtte\r\n\r\nCarolina',	NULL,	'2020-03-24 17:05:47',	'2020-03-24 17:05:47',	NULL),
(31,	'MARIA FERNANDA BUSTOS',	'Laboratorio Galizia',	'fernandabustos@hotmail.com',	'01151101319',	'Cramer 1146',	'1872',	'Don Bosco',	'Buenos Aires',	'Argentina',	'Hola. Necesito determinar bicarbonato en sangre por método enzimático. Uds disponen del Reactivo CO2-Bicarbonato?\r\nMe podrían enviar información sobre la técnica y el costo del kit.\r\nMuchas gracias',	NULL,	'2020-04-09 03:04:51',	'2020-04-09 03:04:51',	NULL),
(32,	'Ulises Pafundi',	'Mensaje privado',	'ulises_pafundi@yahoo.com.ar',	'1555952436',	'Isabel la catolica 839',	'1270',	'CABA',	'Buenos Aires',	'Argentina',	'A quien corresponda\r\nMi nombre es Ulises Pafundi y estoy recientemente graduado como Agente de propaganda médica. Envío este mensaje solicitando una dirección de correo electrónico a donde pueda enviar mi C.V.\r\nMuchas gracias\r\nSaludos cordiales',	NULL,	'2020-05-13 01:17:30',	'2020-05-13 01:17:30',	NULL),
(33,	'Fernando Carrasquedo',	'Q Squared Solutions S.A',	'fernando.carrasquedo@q2labsolutions.com',	'15 6784 9926',	'Av Triunvirato 3030',	'1427',	'CABA',	NULL,	'Argentina',	'Estimados\r\nMe pongo en contacto con ustedes para solicitarles información sobre estos productos. Quería saber si tienen disponibilidad permanente así como también saber los costos de cada uno\r\n\r\nMultistix 10-SG (10 parámetros) x 100 tiras  \r\nChek-Stix Combo: 25 positivas/25 negativas (Orina Control)\r\n\r\n\r\nPodrían informarme además con cuantos meses de validez proveen aproximadamente estos productos?\r\nNecesitaría que me informen las condiciones de venta y para ser dados de alta como cliente\r\n\r\nsaludos cordiales\r\n\r\nFernando Carrasquedo',	NULL,	'2020-05-18 18:46:01',	'2020-05-18 18:46:01',	NULL),
(34,	'SEBASTIAN GÓMEZ',	'EMPRESA ARAUCO ARGENTINA S.A.',	'sebastian.gomez@arauco.com',	'01154689969',	'Gobernador Valentín Vergara 403',	NULL,	'Vicente López',	'Buenos Aires',	'Argentina',	'Buenas tardes, por favor de cotizar 200 test IgG  & IgM  anti-SARS-COV-2 in 15 minutos.\r\n\r\nY saber si los test PCR los comercializan para empresar.\r\n\r\nAguardo comentarios.\r\n\r\nGracias, saludos.',	NULL,	'2020-05-18 22:03:07',	'2020-05-18 22:03:07',	NULL),
(35,	'Julieta Cerezo',	'UBA',	'julietacerezo@gmail.com',	'0111558338844',	'Junin 956',	'1028',	'CABA',	NULL,	'Argentina',	'Estimados,\r\n\r\nNecesitaría cotización de los siguientes productos:\r\n\r\nTrypanosoma Detect Rapid Test – Firma CROMOION S.R.L.\r\n\r\nChagas Detect Plus Rapid Test - Firma CROMOION S.R.L.\r\n\r\nGracias\r\nJulieta Cerezo\r\n\r\nDatos de facturación\r\n\r\nFacultad de Farmacia y Bioquímica UBA\r\n\r\nDirección:  Viamonte 444, CABA Argentina\r\n\r\n \r\n\r\nDatos de entrega:\r\n\r\nJunin 956, 6º piso, Facultad de Farmacia y Bioquímica- Cátedra de Biotecnología',	NULL,	'2020-06-19 21:00:25',	'2020-06-19 21:00:25',	NULL),
(36,	'Giselle Borau',	'No somos laboratorio',	'gborau@gmail.com',	'1556351310',	NULL,	NULL,	'CABA',	'Buenos Aires',	'Argentina',	'Buenas tardes. ¿Cómo están? Espero que muy bien.\r\n\r\nEscribo para consultarles si fabrican para terceros shampoo y jabón sólido, sin envase, naturales, sin siliconas; ni parabenos, ni sulfatos.\r\nTenemos la fórmula y los moldes de ser necesario.\r\n\r\nMuchas gracias,\r\n\r\nAtte,\r\n\r\nGiselle',	NULL,	'2020-06-23 18:29:10',	'2020-06-23 18:29:10',	NULL),
(37,	'Gustavo Acevedo',	'Chousa SRL',	'gustavo.acevedo@chousa.com.ar',	'46530909',	'Galileo 3631',	'1702',	'Ciudadela Norte',	'Buenos Aires',	'Argentina',	'Buenas tardes,\r\n\r\nQuisiera saber precio y disponibilidad de URINE STRIP 10 ( 2 unidades)\r\n\r\nMuchas gracias',	NULL,	'2020-06-23 23:17:14',	'2020-06-23 23:17:14',	NULL),
(38,	'FRNANDO ROBERTO NADELMAN',	'LABORATORIO DE MEDICINA NUCLEAR RESISTENCIA',	'DRNADELMAN@GMAIL.COM',	'03624436215',	'ARBO Y BLANCO 218',	'3500',	'RESISTENCIA',	'CHACO',	'ARGENTINA',	'DESEARIA RECIBIR INFORMACION SOBRE COSTOSDEL SISTEMA INMUNOENSAYOS  TOSOH AIA360 EQUIPO Y REACTIVOSATTE. DR. NADELMAN',	NULL,	'2020-06-28 18:57:24',	'2020-06-28 18:57:24',	NULL),
(39,	'FRNANDO ROBERTO NADELMAN',	'LABORATORIO DE MEDICINA NUCLEAR RESISTENCIA',	'DRNADELMAN@GMAIL.COM',	'03624436215',	'ARBO Y BLANCO 218',	'3500',	'RESISTENCIA',	'CHACO',	'ARGENTINA',	'DESEARIA RECIBIR INFORMACION SOBRE COSTOSDEL SISTEMA INMUNOENSAYOS  TOSOH AIA360 EQUIPO Y REACTIVOSATTE. DR. NADELMAN',	NULL,	'2020-06-28 18:59:17',	'2020-06-28 18:59:17',	NULL),
(40,	'Jose',	'Grupo BASA',	'jose.miranda@grupobasa.com.ar',	'33492795',	'Azopardo 1405',	NULL,	'CABA',	NULL,	'Argentina',	'Buen dia estoy interesado en conocer los kits que comercializan para PCR Covid, tenemos una termocicladora Becton Dickinson, quisiera saber si son compatibles y el precio.\r\n\r\n\r\n\r\nMuchas gracias',	NULL,	'2020-06-30 20:13:54',	'2020-06-30 20:13:54',	NULL),
(41,	'Julieta Ciccarella',	'Laboratorio Wilde',	'Julieta@laboratoriowilde.com.ar',	'42078606',	'Av mitre 6545',	'1875',	'Wilde',	'Buenos Aires',	'Argentina',	'Buen día. Quisiera saber el valor de glucocurve 75.\r\nGracias',	NULL,	'2020-07-03 18:33:26',	'2020-07-03 18:33:26',	NULL),
(42,	'Martin Nicolas Lopez',	'CENTRO MEDICO SANTA CRUZ',	'martinlopez1990@gmail.com',	'+543515387666',	'MARIANO MORENO 107',	'9011',	'CALETA OLIVIA',	'SANTA CRUZ',	'ARGENTINA',	'Buenas tardes, les escribimos desde el Centro Médico Santa Cruz, situado en la localidad de Caleta Olivia, provincia de Santa Cruz. El motivo de la consulta es la intensión de adquirir los tests PCR para detección de Covid . Cual es la disponibilidad y el precio que tienen? Realizan envíos a nuestra localidad? Es necesario realizar un trámite previo para su adquisición?  \r\nAguardo sus comentarios, muchísimas gracias.\r\nCentro Médico Santa Cruz\r\nGIMBA S.A.',	NULL,	'2020-07-08 03:33:59',	'2020-07-08 03:33:59',	NULL),
(43,	'Maria R Rintoul',	'Laboratorio Tucumán',	'grintoul58@gmail.com',	'03816649418',	'Av Sarmiento 196',	'4000',	'San Miguel de Tucumán',	'Analisis bioquímicos',	'Argentina',	'Buenos días\r\nMe comunico como coordinadora del Laboratorio Tucumán. \r\nMe llama mucho la atención la falta de respuesta sobre el stock de reactivos para screening neonatal.  \r\nMi inquietud es por saber si depende de uds por problemas de pandemia y trabajos desde la casa o es un problema de comunicación con el encargado de compras del lab.\r\nNosotros entendemos la  situación que estamos viviendo pero la información rápida ayuda a tomar medidas. \r\nDesde ya muchas gracias.\r\n\r\ndra María R Rintoul',	NULL,	'2020-07-20 19:55:04',	'2020-07-20 19:55:04',	NULL),
(44,	'SEUNG HYO CHOI',	'SEASUN BIOMATERIALS',	'shchoi@seasunbio.com',	'+821024140757',	NULL,	NULL,	'SEUL',	NULL,	'COREA DEL SUR',	'Buenas tardes\r\nSomos una empresa surcoreana\r\nNosotros tenemos 2 kits de PCR, aprobados por EUA-FDA y CE\r\nQueríamos registrarlos en Argentina\r\nSi les interesa, contéstenos sin duda, por favor\r\n\r\nUn Saludo',	NULL,	'2020-07-21 13:28:26',	'2020-07-21 13:28:26',	NULL),
(45,	'Maria',	'Fundacion para el Progreso de la Medicina',	'emitrucco@hotmail.com',	'0351153717144',	'Montevideo',	'5000',	'Cordoba',	'Soltera',	'Argentina',	'Hola buenas tardes.\r\n\r\nQuería saber si me pueden enviar los insertos de la técnica para realizar Superoxido dismutasa (RANSOD) y Glutation peroxidasa (RANSEL).\r\n\r\nAdemas el costo de cada uno de los kit.\r\n\r\nMuchas gracias.\r\n\r\nSaludos',	NULL,	'2020-07-27 21:43:35',	'2020-07-27 21:43:35',	NULL),
(46,	'Virginia Cassain',	'Hospital de Niños Sor Maria Ludovica de La Plata',	'labtoxicologia.ludovica@gmail.com',	'0221-156024590',	NULL,	'1900',	'La Plata',	'Bs As',	'Argentina',	'Hola, escribo del Hospital de Niños Sor Maria Ludovica de La Plata, quisiera saber si comercializan el standar de voriconazol, hay una licitación en curso con apertura el 11/8\r\nMuchas gracias\r\nVirginia Cassain',	NULL,	'2020-08-04 04:13:40',	'2020-08-04 04:13:40',	NULL),
(47,	'LAMBERT NYOBE',	'WUHAN HEALTHCARE BIOTECHNOLOGY CO., LTD.',	'bd@healthcare-biotech.com',	'+8618707111804',	'No. 666 Gaoxin Boulevard, Biolake',	'430075',	'Wuhan',	'Hubei',	'China',	'Dear Sir / Madame,\r\n\r\nHope our email finds you very well particularly at this time of Covid-19 global health crisis we need to join hands to fight the enemy.\r\nWe are manufacturer of quality proven molecular diagnostics test kits supplied at a competitive price consisting of:\r\n1]. Covid-19 RT-PCR kits. \r\n2]. FISH probes kits for various cancer diagnosis. \r\nIn addition, we support 30% of our customers freight fee (for Covid-19 kits supply only). From your PO confirmation to shipment, we need less than 48 hours to release the goods to your destination address. The product is CE-IVD, ISO13485(2016), ISO9001(2015) registered. \r\nWe hope the above be helpful in your decision and we look forward to your soon reply.\r\n\r\nBest Regards',	NULL,	'2020-08-04 12:52:58',	'2020-08-04 12:52:58',	NULL),
(48,	'Martha Lucia Arregocés',	'Sabinlab Laboratorio Clínico',	'marregoces@hotmail.com',	'3046550238',	'Calle 13No 22-44',	'70001',	'Sincelejo',	'Sucre',	'Colombia',	'Buenas me gustaría coocee si es posible adquirir reactivos con ustedes y el precio. Y como es el proceso para comprar sus productos\r\n\r\nGracias',	NULL,	'2020-08-04 16:51:35',	'2020-08-04 16:51:35',	NULL),
(49,	'Nadia Roa',	'Laboratorio Forastiere',	'labforastiere@gmail.com',	'2323420814',	'Italia 1180',	'6700',	'Lujan',	'Buenos Aires',	'Argentina',	'Buenas Tardes\r\nA traves de EMSA compramos calibradores Randox Acusera Cal 2 Cal2350 lot 1320 un y Cal 3 Cal2351 lot1162 ue.\r\nQuisiera que me envíen los pdf con los valores. \r\nMucahs gracias',	NULL,	'2020-08-11 00:16:50',	'2020-08-11 00:16:50',	NULL),
(50,	'Daehyun Yoo',	'Bio TNS',	'yoodi@biotns.com',	'+821082768800',	NULL,	NULL,	'Seoul',	NULL,	'Korea',	'To whom it may concern,\r\n\r\n\r\nI am Yoodi, BioTNS\'s Director of Sales.\r\n\r\n\r\nWe are looking for a distributor capable of supplying our \'RT-PCR PNA kits\' to the Argentina.\r\nWe got FDA and CE certification.\r\n\r\n\r\nBioTNS is the place where RT-PCR TEST KITS is manufactured in Korea.\r\nOur RT-PCR KIT received an EUA from the US FDA on June 30.\r\n*https://www.fda.gov/media/139677/download\r\n\r\n\r\nThe description of our product can also be found in the video below.\r\nhttps://youtu.be/1frS_FlMd1E\r\n\r\n\r\nBecause Bio TNS is a manufacturer, it can supply KIT.\r\nOur MOQ is 10,000 TEST, and the maximum daily output is 200,000 TESTS.\r\n\r\n\r\nIn addition to the RT PCR Kit, Bio TNS includes RNA extraction kits and VTM etc. \r\nWe can also be provide as a package.\r\n\r\n\r\nIf there is anything we can discuss about this, please contact us.\r\nWe\'ll do our best to help wherever you need Covid 19\'s RT-PCR test kit.\r\n\r\n\r\nIf you reply to my email, I will deliver the company introduction letter and brochure.\r\nI sincerely ask for your positive cooperation.\r\n\r\n\r\nMore specific data and discussions can be answered immediately by my email or by calling +82 10 8276 8800.\r\nThank you.',	NULL,	'2020-08-18 11:45:15',	'2020-08-18 11:45:15',	NULL),
(51,	'Karina Carletti',	'Consultorio privado',	'karina_carletti@dimaria.com.ar',	'46447014/1157828872',	'El Recado 5967',	'1408',	'Caba',	'Default',	'Argentina',	'Hola me contacto con uds por intermedio del listado del Ministerio de Salud de la Nacion \r\nSoy medica y en el consultorio donde trabao estamos asesorandonos para efectuar test rapidos para deteccion de Ac  SARS Cov2. \r\nDesearia me informen sobre si es asi que estan trabajando sobre esos productos . \r\nDe ser asi deseria obtener algun tipo de bibliografia de los mismos   y \r\n\r\nMuchas Gracias \r\nSaludos cordiales\r\nKarina Carletti\r\nDNI 1794920',	NULL,	'2020-08-24 05:54:30',	'2020-08-24 05:54:30',	NULL),
(52,	'Gustavo Eijo',	'Dolci e hija srl Proveedores del estado.',	'guseijo@gmail.com',	'1128767376',	'San MIguel',	'1662',	'San Miguel',	'Bs AS',	'Argentina.',	'Buenas noches. Somos una firma proveedora del estado, solicito información sobre test civid 19. \r\nCuenta en cantidades importantes PCR y Rapidos. ? Mejor precios posible, desde 50.000 pruebas. Podría fact la menor parte posible, si esto sirve para bajar el costo final, como así también la forma de pago conveniente para uds.\r\nAguardo detalles .\r\nAtte',	NULL,	'2020-08-26 08:11:37',	'2020-08-26 08:11:37',	NULL),
(53,	'María Martina Pérez',	'Laboratorio Bioquímico Alfonso',	'laboratoriobioquimicoalfonso@gmail.com',	'2342421925',	'Rivadavia 671',	'6640',	'BRAGADO',	'Buenos Aires',	'Argentina',	'Quisiera si me pudieran enviar un presupuesto para el test rápido inmunocromatográfico  OnSite COVID-19 IgG/IgM CTK Biotech Inc (USA).\r\nMuchas gracias.',	NULL,	'2020-08-26 21:40:39',	'2020-08-26 21:40:39',	NULL),
(54,	'Omar Villalobos',	'Laboratorio Campo Elias',	'ovillalobos13@gmail.com',	'+584246317385',	'Cabimas',	'4013',	'Cabimas',	'Zulia',	'Venezuela',	'Buenos días amigos, saludos por acá el Lic. Omar Villalobos les escribo para saber si tienen disponibilidad de reactivos para el Tosoh AIA 360. SALUDOS',	NULL,	'2020-08-27 18:54:48',	'2020-08-27 18:54:48',	NULL),
(55,	'Ingrid Jenik',	'no',	'ingrid.jenik@vicunha.com.ar',	'01167801020',	NULL,	NULL,	'CABA',	'Buenos Aires',	'Argentina',	'Buen día. \r\nSomos una empresa textil.\r\nNecesitamos adquirir 100 test rápidos serológicos covid-19 para entorno laboral. \r\nAguardamos su cotización y disponibilidad de entrega.\r\nGracias.',	NULL,	'2020-09-01 18:52:50',	'2020-09-01 18:52:50',	NULL),
(56,	'sebastian echevarria',	'laboratorio Dra. Amado',	'willever@hotmail.com',	'1140422070',	'sarachaga 5327',	'1407',	'ciudad autonoma de buenos aires',	'caba',	'argentina',	'Estimados, hace algunos años compraba los sueros control RANDOX nivel 2. Quisiera saber si aun los venden y que valor tendrían. Si bien mi laboratorio queda en pcia de bs as yo vivo en villa luro, así que los recibiría aquí.\r\n\r\nSaludos\r\n\r\nSebastian',	NULL,	'2020-09-20 06:57:16',	'2020-09-20 06:57:16',	NULL),
(57,	'Milagro Said',	'Universidad Nacional de Salta',	'milagro.said@gmail.com',	'+543874554994',	'Av. Bolivia 5150',	'4400',	'Capital',	'Salta',	'Argentina',	'Buenos días, quisiera saber si disponen de los siguientes tests de detección de COVID-19 y solicitar su cotización: ELA CHEMSTRIP® COVID-19, CoronAR dx® y SMART DETECT SARS-Cov-2 rRT-PCR.Además, si es posible pedir la cotización de kit de extracción de ARN viral.\r\nDesde ya muchas gracias\r\nMilagro',	NULL,	'2020-09-24 19:41:18',	'2020-09-24 19:41:18',	NULL),
(58,	'JOSE PACHADO',	'COMISION NACIONAL DE ENERGIA ATOMICA',	'josepachado@cnea.gob.ar',	'01141258237',	'Av Libertador 8250',	'1429',	'CABA',	'Buenos Aires',	'Argentina',	'Buenas Dias\r\n\r\nMe contacto en busca de cotizacion de kits rapidos de deteccion de anticuerpos (IgG/IgM) para COVID-19\r\n\r\nMuchas Gracias!',	NULL,	'2020-10-30 19:59:44',	'2020-10-30 19:59:44',	NULL),
(59,	'Antonella Panebianco',	'GIEFAS',	'antopane@gmail.com',	'0297215432142',	'Pasaje de la Paz 235',	'8370',	'San Martín de los Andes',	'Neuquén',	'Argentina',	'Estimados, buenas tardes\r\nQuisiera pedir un presupuesto de kits ELISA para medir: \r\n1- progesterona\r\n2- insulina\r\n3- ácidos grasos no esterificados (NEFAs)\r\n\r\nCuáles son los medios de pago? Existe la posibilidad de realizar una transferencia desde Estados Unidos? Uno de los financiamientos que poseo es de una universidad de allá.\r\n\r\nDesde ya, Mmuchas gracias\r\n\r\nSaludos\r\n\r\nAntonella Panebianco',	NULL,	'2020-11-11 02:51:59',	'2020-11-11 02:51:59',	NULL),
(60,	'Alejandra Báez',	'Centro de Estudios e Investigación de la Enfermedad de Chagas y Leishmaniasis, Facultad de Cs Médicas, INICSA-CONICET',	'alejandralidiab@hotmail.com',	'3518018879',	'Santa Rosa 1085',	'5000',	'Córdoba',	'Córdoba',	'Argentina',	'Hola! Quisiera que me enviaran el presupuesto de Randox sod125 kit para espectrofotómetro, si es que tienen disponibilidad.\r\nMuchas gracias! Saludos!',	NULL,	'2020-11-12 22:55:09',	'2020-11-12 22:55:09',	NULL),
(61,	'Brenda di Giácomo',	'Universidad Nacional del Sur',	'brenda.digiacomo@uns.edu.ar',	'2932520218',	'Murature 1160',	'8109',	'Punta Alta',	'Buenos Aires',	'Argentina',	'Buen día, mi nombre es Brenda Di Giácomo, soy Secretaria de Evaluación y Posgrado del departamento de Ciencias de la Salud de la Universidad Nacional del Sur. Desde el DCS tenemos intención de comprar kits Pambio COVID-19 Ag Rapid Test Device. Queríamos saber costos. Muchas gracias. Saludos cordiales. Brenda',	NULL,	'2020-11-16 20:18:34',	'2020-11-16 20:18:34',	NULL),
(62,	'7W7PEG',	'2GS613',	'info@domainworld.com',	'+12548593423',	'9XS7J6',	'E3QS20',	'5Z9KBL',	'JIB111',	'E2R7U2',	'IMPORTANCE NOTICE\r\n\r\n\r\n\r\nNotice#: 491343\r\n\r\nDate: 2020-11-30    \r\n\r\n\r\n\r\nExpiration message of your cromoion.com\r\n\r\n\r\n\r\nEXPIRATION NOTIFICATION\r\n\r\n\r\n\r\nCLICK HERE FOR SECURE ONLINE PAYMENT: https://domainsafenow.com/?n=cromoion.com&r=a&t=1606653726&p=v1\r\n\r\n\r\n\r\nThis purchase expiration notification cromoion.com advises you about the submission expiration of domain cromoion.com for your e-book submission. \r\n\r\nThe information in this purchase expiration notification cromoion.com may contains CONFIDENTIAL AND/OR LEGALLY PRIVILEGED INFORMATION from the processing department from the processing department to purchase our e-book submission. NON-COMPLETION of your submission by the given expiration date may result in CANCELLATION of the purchase.\r\n\r\n\r\n\r\nCLICK HERE FOR SECURE ONLINE PAYMENT: https://domainsafenow.com/?n=cromoion.com&r=a&t=1606653726&p=v1\r\n\r\n\r\n\r\nACT IMMEDIATELY. The submission notification cromoion.com for your e-book will EXPIRE WITHIN 2 DAYS after reception of this email\r\n\r\n\r\n\r\nThis notification is intended only for the use of the individual(s) having received this message. \r\n\r\n\r\n\r\nPLEASE CLICK ON SECURE ONLINE PAYMENT TO COMPLETE YOUR PAYMENT\r\n\r\n\r\n\r\nSECURE ONLINE PAYMENT: https://domainsafenow.com/?n=cromoion.com&r=a&t=1606653726&p=v1\r\n\r\n\r\n\r\nNon-completion of your submission by given expiration date may result in cancellation.\r\n\r\n\r\n\r\nAll online services will be restored automatically upon confirmation of payment. Delivery will be completed within 24 hours. \r\n\r\n\r\n\r\nCLICK UNDERNEATH FOR IMMEDIATE PAYMENT:\r\n\r\n\r\n\r\nSECURE ONLINE PAYMENT: https://domainsafenow.com/?n=cromoion.com&r=a&t=1606653726&p=v1',	NULL,	'2020-11-29 18:42:08',	'2020-11-29 18:42:08',	NULL),
(63,	'Roberto Omar Sandoval Silva',	'INDSANDHER CREATEC',	'industria.sandher@gmail.com',	'4433140295',	'oriente 4 Num 1360-10 col. ciudad Industrial',	'58200',	'Morelia',	NULL,	'MEXICO',	'BUEN DIA NOS PODRIAN COTIZAR EL SIGUIENTE EQUIPO\r\nLector de placas de PR-621 de la marca UMELISA\r\n\r\nQUEDO EN ESPERA DE SU AMABLE RESPUESTA\r\n\r\nSALUDOS \r\nROBERTO OMAR SANDOVAL SILVA',	NULL,	'2020-12-16 23:31:02',	'2020-12-16 23:31:02',	NULL),
(64,	'ISELA SOTELO',	'DISEÑO TECNOLOGICO EN LABORATORIOS S.A DE C.V',	'cotizaciones.isela@quimilab.com',	'3336381038',	'CALZ. INDEPENDENCIA NTE. No 1038, COL. INDEPENDENCIA',	'44340',	'GUADALAJARA',	'JALISCO',	'MEXICO',	'BUENAS TARDES\r\n\r\nME PODRIA POR FAVOR COTIZAR EL SIGUIENTE EQUIPO LECTOR DE PLACAS DE PR-621 ES UN FOTOMETRO-FLUOROMETRO PARA REALIZAR LECTURAS DE FLUORESCENCIA Y ABSORBANCIA EN TIRAS UMELISA Y MICROELISA \r\nO SI FUERAN TAN AMABLES DE CANALIZARME CON ALGUNO DE SUS DISTRIBUIDORES EN MEXICO\r\nQUEDO ATENTA A SU INFORMACION\r\n\r\nSALUDOS',	NULL,	'2020-12-17 00:07:15',	'2020-12-17 00:07:15',	NULL),
(65,	'AVILA DIEZ MARIA VICTORIA',	'BIONOA',	'bionoacdm@gmail.com',	'1161752084',	'Juramento 1595',	'4400',	'Salta',	'Salta',	'Argentina',	'Estimados muy buenos dias\r\nEstoy interesada en adquirir el kit HLA B 5701 DNA Screening de Wienner Lab ref150000.\r\nPor favor les solicito me informen si lo comercializan.\r\nSi es asi , indicarme precio forma de pago y si realizan envios a la ciudad de Salta\r\nMuchas gracias!\r\nSaludos\r\nDra Avila Diez',	NULL,	'2020-12-21 21:41:51',	'2020-12-21 21:41:51',	NULL),
(66,	'RUBEN ROLERI',	'12073198',	'rubenroleri@hotmail.com',	'0375615563141',	'ÑAEMBE 968',	'3342',	'GDOR VIRASORO',	'Corrientes',	'Argentina',	'Buen dia: necesito informacion sobre el equipo TOSOH AIA 360 tengo un laboratorio de mediana complejidad. Gracias',	NULL,	'2020-12-22 22:56:40',	'2020-12-22 22:56:40',	NULL),
(67,	'Carlos Eduardo Desio',	'Sistemas Sesamo SRL',	'ced@sesamo-arg.com',	'01145237073',	'Mendoza, 5037',	'1431',	'Ciudad Autónoma de Buenos Aires',	'CABA',	'Argentina',	'De mi mayor consideración\r\n\r\nPor este medio solicitamos tengan a bien indicarnos el procedimiento para ser proveedor de su empresa, nos dedicamos desde 1996 al CCTV, control de accesos y cableado estructurado, contamos con 3 equipos de técnicos uniformados con camionetas identificadas para brindar servicio de instalación y mantenimiento de sistemas de CCTV y control de acceso en todo el país .\r\n\r\nSin más Saludo a Uds. Atte.',	NULL,	'2021-01-13 02:51:45',	'2021-01-13 02:51:45',	NULL),
(68,	'Sonal',	'Outsourceing',	'alok.3w.outsource@gmail.com',	'9981360654',	'9981360654',	'9981360654',	'9981360654',	'9981360654',	'9981360654',	'I came up with this:  I hope this email finds you well! My name is Sonal Sahu and I am  Marketing head of software development company located in India. I wanted to reach out to introduce you about our software development services. My team is committed to provide utmost quality with latest technology stack software solution for our customers for 1) Mobile based solution in iOS and Android platforms 2) Web app based solution 3) Cloud solutions for web and mobile platforms in AWS/Azure 4) Data entry operations  I assure you that my team  can provide you competitive cost and world class quality software with round the clock support. If you are in need of any software solution, you do not need to go far. Just shoot an email with what ever issue you have and we will take it from there. I hope to hear from you and would be happy to answer any query.               you can unsubscribe from our mailing list by clicking http://paisakamaye.online/unsubscribe/addtoblack_list.php?url=cromoion.com     here.       Regards,  Sonal Sahu   9981360654',	NULL,	'2021-01-16 09:26:22',	'2021-01-16 09:26:22',	NULL),
(69,	'Liliana fellner',	'LAC NORTE',	'compraslaboratoriofatima@gmail.com',	'3885175557',	'AV ITALIA 116',	'4612',	'Palpalá',	'Jujuy',	'Argentina',	'Buenos dias: quisiera saber si tienen test rapido para la deteccion de Ag Dengue o ELISA para det de Ac IgM para dengue.\r\n\r\nPor otro lado me interesaria recibir informacion sobre reactivos para Screening Neonatal',	NULL,	'2021-01-18 20:26:07',	'2021-01-18 20:26:07',	NULL),
(70,	'Liliana fellner',	'LAC NORTE',	'compraslaboratoriofatima@gmail.com',	'03885175557',	'AV ITALIA 116',	'4612',	'Palpalá',	'Jujuy',	'Argentina',	'Buen dia: quisiera saber si tienen test rapido para Ag-Dengue y/o Elisa para IgM Dengue. \r\n\r\nAsi tambien me interesa mayor informacion sobre los reactivos para Screening neonatal.\r\n\r\nGracias por la pronta respuesta\r\nDra liliana Fellner',	NULL,	'2021-01-18 20:30:29',	'2021-01-18 20:30:29',	NULL),
(71,	'zeng shan',	'Beijing Hotgen Biotech Co., Ltd.',	'zengshan@hotgenbiotech.ltd',	'008613148198542',	'9 building, No.9 Tianfu Street, Daxing District, Beijing, 102600, P.R. China',	'100000',	'beijing',	'beijign',	'CHINA',	'Dear Sir/Madam\r\n\r\nI am Zeng Shan, the business manager of Beijing Hotgen Biotech Co., Ltd, We are a key laboratory unit in Beijing. We mainly produce COVID-19 nucleic acid test kits, antigen test kits and antibody test kits,VTM, etc.. At present, our antigen test kit has Sold and used in more than 80 countries and regions around the world. At the same time, we are applying for WHO certification and US EUA.\r\n\r\nHotgen is China\'s largest manufacturer of COVID-19 test kits. We have complete technology and products. Now we are looking for a strong distributor in your country and look forward to cooperating with your company.\r\n\r\nPlease submit my information to the main person in charge, my email: zengshan@hotgenbiotech.ltd; Whatsapp: +8613148198542, looking forward to reply, we will send the product manual and quotation, thank you.\r\n\r\nbest regards\r\nZeng Shan',	NULL,	'2021-01-27 18:04:55',	'2021-01-27 18:04:55',	NULL),
(72,	'93PYWZ',	'UIYCVX',	'info@domainregistercorp.com',	'+12548593423',	'SJBH1Q',	'WH4SR4',	'YJ6Y7B',	'WT840K',	'6ZWVZ0',	'Notice#: 491343\r\nDate: 2021-02-03  \r\n\r\nYOUR IMMEDIATE ATTENTION TO THIS MESSAGE IS ABSOLUTELY NECESSARY!\r\n\r\nYOUR DOMAIN cromoion.com WILL BE TERMINATED WITHIN 24 HOURS\r\n\r\nWe have not received your payment for the renewal of your domain cromoion.com\r\n\r\nWe have made several attempts to reach you by phone, to inform you regarding the TERMINATION of your domain cromoion.com\r\n\r\nCLICK HERE FOR SECURE ONLINE PAYMENT: https://domain-register.ga/?n=cromoion.com&r=a&t=1612326740&p=v1\r\n\r\nIF WE DO NOT RECEIVE YOUR PAYMENT WITHIN 24 HOURS, YOUR DOMAIN cromoion.com WILL BE TERMINATED\r\n\r\nCLICK HERE FOR SECURE ONLINE PAYMENT: https://domain-register.ga/?n=cromoion.com&r=a&t=1612326740&p=v1\r\n\r\nACT IMMEDIATELY. \r\n\r\nThe submission notification cromoion.com will EXPIRE WITHIN 24 HOURS after reception of this email',	NULL,	'2021-02-03 10:33:57',	'2021-02-03 10:33:57',	NULL),
(73,	'María Sofía Karbiner',	'Laboratorio Central. Hospital Padilla',	'mariasofiak@hotmail.com',	'3814755549',	'Paraguay 566',	'4000',	'San Miguel de Tucumán',	'Tucumán',	'Argentina',	'Cuanto sale kit COVIDARIgG?? 96 determinaciones, ELISA? Cuanto demoraría entrega?',	NULL,	'2021-02-09 21:06:06',	'2021-02-09 21:06:06',	NULL),
(74,	'Marisa Wawrzkiewicz',	'Cátedra Nutrición Animal - Fac. Agronomía - Univ. Buenos Aires',	'wawrzkie@agro.uba.ar',	'54220393',	NULL,	NULL,	'CABA',	NULL,	'Argentina',	'Estimados,\r\n\r\nLos contacto para consultarles por el kit de determinación de ácidos grasos no esterificados (NEFA). Quisiera conocer el precio, disponibilidad de entrega y de ser posible la camtidad de muestras que se pueden analizar por kit.\r\n\r\nSin otro particular los saludo Atte\r\n\r\nMarisa Wawrzkiewicz',	NULL,	'2021-02-10 02:20:11',	'2021-02-10 02:20:11',	NULL);

DROP TABLE IF EXISTS `migrations`;
CREATE TABLE `migrations` (
  `id` int(10) unsigned NOT NULL AUTO_INCREMENT,
  `migration` varchar(191) COLLATE utf8mb4_unicode_ci NOT NULL,
  `batch` int(11) NOT NULL,
  PRIMARY KEY (`id`)
) ENGINE=InnoDB DEFAULT CHARSET=utf8mb4 COLLATE=utf8mb4_unicode_ci;

INSERT INTO `migrations` (`id`, `migration`, `batch`) VALUES
(1,	'2014_10_12_100000_create_password_resets_table',	1),
(2,	'2017_07_03_064527_create_1499053527_roles_table',	1),
(3,	'2017_07_03_064528_create_1499053528_users_table',	1),
(4,	'2017_07_03_064604_create_1499053564_content_categories_table',	1),
(5,	'2017_07_03_064605_create_1499053565_content_tags_table',	1),
(6,	'2017_07_03_064606_create_1499053566_content_pages_table',	1),
(7,	'2017_07_03_064626_update_1499053586_users_table',	1),
(8,	'2017_07_03_064637_create_1499053597_product_categories_table',	2),
(9,	'2017_07_03_064638_create_1499053598_product_tags_table',	2),
(10,	'2017_07_03_064639_create_1499053599_products_table',	2),
(11,	'2017_07_03_064657_create_1499053617_internal_notifications_table',	2),
(12,	'2017_07_03_065039_create_1499053839_manufacturers_table',	2),
(13,	'2017_07_03_065200_update_1499053920_products_table',	2),
(14,	'2017_07_03_065949_create_1499054389_slideshows_table',	2),
(15,	'2017_07_03_070225_update_1499054545_products_table',	2),
(16,	'2017_07_03_095639_create_5959be0071c23_content_category_content_page_table',	2),
(17,	'2017_07_03_095640_create_5959be0073373_content_page_content_tag_table',	2),
(18,	'2017_07_03_095712_create_5959be210833b_product_product_category_table',	2),
(19,	'2017_07_03_095713_create_5959be2109cb0_product_product_tag_table',	2),
(20,	'2017_07_03_095730_create_5959be326279b_internal_notification_user_table',	2),
(21,	'2017_07_03_132142_create_1499077302_eventos_table',	2),
(22,	'2017_08_09_140421_create_1502276661_settings_table',	2),
(23,	'2017_09_07_131247_add_59b11b9f53b26_relationships_to_producttag_table',	2),
(24,	'2017_09_07_131540_drop_59b11c4c3372659b11c4c31380_product_product_category_table',	2),
(25,	'2017_09_07_131540_drop_59b11c4c3718759b11c4c31380_product_product_tag_table',	2),
(26,	'2017_09_07_131541_add_59b11c4d24ae3_relationships_to_product_table',	2),
(27,	'2017_09_07_170847_add_59b152ef76394_relationships_to_productcategory_table',	2),
(28,	'2017_09_07_180542_update_1504796742_products_table',	2),
(29,	'2017_09_07_180543_add_59b160479813b_relationships_to_product_table',	2),
(30,	'2017_10_04_045901_create_1507082341_pedidos_table',	2),
(31,	'2017_10_04_052615_create_1507083975_encuestas_table',	2),
(32,	'2017_10_04_142847_create_1507116528_messages_table',	2),
(33,	'2017_10_05_175414_drop_59d64796f2a0b59d64796f0d42_content_category_content_page_table',	2),
(34,	'2017_10_05_175416_add_59d647984c5d0_relationships_to_contentpage_table',	2),
(35,	'2017_10_06_205045_create_1507312245_inquiries_table',	2),
(36,	'2017_10_21_214720_add_59eb9638ab955_relationships_to_product_table',	2);

DROP TABLE IF EXISTS `password_resets`;
CREATE TABLE `password_resets` (
  `email` varchar(191) COLLATE utf8mb4_unicode_ci NOT NULL,
  `token` varchar(191) COLLATE utf8mb4_unicode_ci NOT NULL,
  `created_at` timestamp NULL DEFAULT NULL,
  KEY `password_resets_email_index` (`email`)
) ENGINE=InnoDB DEFAULT CHARSET=utf8mb4 COLLATE=utf8mb4_unicode_ci;


DROP TABLE IF EXISTS `pedidos`;
CREATE TABLE `pedidos` (
  `id` int(10) unsigned NOT NULL AUTO_INCREMENT,
  `empresa` varchar(191) COLLATE utf8mb4_unicode_ci DEFAULT NULL,
  `nombre` varchar(191) COLLATE utf8mb4_unicode_ci DEFAULT NULL,
  `telefono` varchar(191) COLLATE utf8mb4_unicode_ci DEFAULT NULL,
  `email` varchar(191) COLLATE utf8mb4_unicode_ci DEFAULT NULL,
  `tipo_de_producto` enum('Equipo','Insumo','Reactivo') COLLATE utf8mb4_unicode_ci DEFAULT NULL,
  `comentarios` text COLLATE utf8mb4_unicode_ci,
  `viewed` int(1) DEFAULT NULL,
  `created_at` timestamp NULL DEFAULT NULL,
  `updated_at` timestamp NULL DEFAULT NULL,
  `deleted_at` timestamp NULL DEFAULT NULL,
  PRIMARY KEY (`id`),
  KEY `pedidos_deleted_at_index` (`deleted_at`)
) ENGINE=InnoDB DEFAULT CHARSET=utf8mb4 COLLATE=utf8mb4_unicode_ci;


DROP TABLE IF EXISTS `products`;
CREATE TABLE `products` (
  `id` int(10) unsigned NOT NULL AUTO_INCREMENT,
  `name` varchar(191) COLLATE utf8mb4_unicode_ci DEFAULT NULL,
  `slug` varchar(191) COLLATE utf8mb4_unicode_ci DEFAULT NULL,
  `description` text COLLATE utf8mb4_unicode_ci,
  `price` decimal(15,2) DEFAULT NULL,
  `photo1` varchar(191) COLLATE utf8mb4_unicode_ci DEFAULT NULL,
  `photo2` varchar(191) COLLATE utf8mb4_unicode_ci DEFAULT NULL,
  `photo3` varchar(191) COLLATE utf8mb4_unicode_ci DEFAULT NULL,
  `video` varchar(191) COLLATE utf8mb4_unicode_ci DEFAULT NULL,
  `link` varchar(191) COLLATE utf8mb4_unicode_ci DEFAULT NULL,
  `visible` int(10) unsigned DEFAULT NULL,
  `pdf` varchar(191) COLLATE utf8mb4_unicode_ci DEFAULT NULL,
  `views` int(10) unsigned DEFAULT NULL,
  `manufacturer_id` int(10) unsigned DEFAULT NULL,
  `featured` int(11) DEFAULT NULL,
  `category_id` int(10) unsigned DEFAULT NULL,
  `created_at` timestamp NULL DEFAULT NULL,
  `updated_at` timestamp NULL DEFAULT NULL,
  `deleted_at` timestamp NULL DEFAULT NULL,
  PRIMARY KEY (`id`),
  KEY `50086_5959bf5f792cf` (`manufacturer_id`),
  KEY `50086_59b11c4c478d1` (`category_id`),
  CONSTRAINT `50086_5959bf5f792cf` FOREIGN KEY (`manufacturer_id`) REFERENCES `manufacturers` (`id`) ON DELETE CASCADE,
  CONSTRAINT `50086_59b11c4c478d1` FOREIGN KEY (`category_id`) REFERENCES `product_categories` (`id`) ON DELETE CASCADE
) ENGINE=InnoDB DEFAULT CHARSET=utf8mb4 COLLATE=utf8mb4_unicode_ci;

INSERT INTO `products` (`id`, `name`, `slug`, `description`, `price`, `photo1`, `photo2`, `photo3`, `video`, `link`, `visible`, `pdf`, `views`, `manufacturer_id`, `featured`, `category_id`, `created_at`, `updated_at`, `deleted_at`) VALUES
(1,	'MW 2001',	'mw-2001',	'<p>Lavador autom&aacute;tico El lavador autom&aacute;tico MW-2001 puede realizar lavados en placas de 96 posiciones que conformen una matriz de 8 x 12 pocillos tanto en las t&eacute;cnicas UMELISA&reg;</p>',	NULL,	'1566398292-MW 2001.jpg',	NULL,	NULL,	NULL,	NULL,	NULL,	'1567705785-Lector y Lavador Tecnosuma.pdf',	16,	4,	NULL,	1,	'2019-08-21 19:38:12',	'2019-09-12 17:55:32',	'2019-09-12 17:55:32'),
(2,	'TOSOH AIA-900',	'tosoh-aia-900',	'<p>Un Instrumento - Tres Configuraciones- 90 muestras/hora<br />&iquest;Que Analizador es el adecuado para su Laboratorio?</p><p><br />La &uacute;ltima incorporaci&oacute;n a la familia AIA de Tosoh<br />Los analizadores de inmunoensayo AIA 900 est&aacute;n disponibles en tres configuraciones, lo que permite elegir el sistema correcto de carga de trabajo de su laboratorios.</p><p>&nbsp;</p><p>El instrumento se puede reconfigurar a medida que aumentan los volumenes de prueba<br />Rendimiento 90 pruebas por hora<br />Utiliza la tecnolog&iacute;a de unica copa de reactivo</p><p>&nbsp;</p><p>&nbsp;</p><p>Todas las caracteristicas del AIA 900 y m&aacute;s</p><p>&nbsp;</p><p><em><strong>AIA-900 Modelo de Cargador</strong></em></p><ul><li>Rendimiento 90 tests/hora</li><li>Carga 10 gradillas a bordo</li><li>Procesa 5 pruebas por paciente</li><li>Primer resultado en ~ 18 minutos</li><li>Acceso Random</li><li>Procesamiento Continuo</li><li>Operaci&oacute;n Simple Pantalla T&aacute;ctil</li><li>Tubo primario con c&oacute;digo de barras</li><li>Detecci&oacute;n de Co&aacute;gulos</li><li>Dosis &uacute;nica copa de prueba</li><li>Pre-tratamiento autom&aacute;tico</li><li>Diluci&oacute;n autom&aacute;tica de 2 a 1000</li></ul><p>&nbsp;</p><p><em><strong>AIA-900 &nbsp;con Clasificador de 9 Bandejas</strong></em></p><ul><li>Rendimiento 90 tests/hora</li><li>Capacidad de clasicar y almacenar 9 bandejas (20 copas de prueba/bandeja)</li><li>Carga de 10 gradillas de muestras</li><li>Carga de 100 muestras de pacientes</li><li>Aumenta el tiempo libre del operador con carga de 180 copas de pruebas</li></ul><p>&nbsp;</p><p><em><strong>AIA-900 &nbsp;Con Clasificador de 19 Bandejas</strong></em></p><ul><li>Rendimiento 90 tests/hora</li><li>Carga de 10 gradillas de muestras</li><li>Carga de 100 muestras de pacientes</li><li>Capacidad de clasicar y almacenar 19 bandejas (20 copas de prueba/bandeja)</li><li>Maximiza el tiempo libre del operador con carga de 380 copas de pruebas</li></ul>',	NULL,	'1568212095-900_19tray 2.jpg',	NULL,	NULL,	'lC0VfvyJC_Y',	NULL,	1,	'1571168574-AIA-900 Brochure Español 2.pdf',	638,	1,	NULL,	1,	'2019-08-21 19:39:06',	'2021-02-12 14:37:52',	NULL),
(3,	'TOSOH AIA 2000 ST',	'tosoh-aia-2000-st',	'<p>Analizador Totalmente Automatizado de Inmunoensayo<br />200 muestras/hora</p><p>&nbsp;</p><p>Cargador 200 muestras</p><p>4 Sondas de lavado</p><p>Reactivos Secundarios.</p><p>576 Tips de Pipetas.</p><p>960 Copas de Prueba</p><p>Pantalla T&aacute;ctil.</p>',	NULL,	'1566398388-TOSOH AIA 2000 ST.jpg',	NULL,	NULL,	'_IgiVBCcbq8',	NULL,	1,	'1569935212-AIA2000-EN-A4.pdf',	508,	1,	NULL,	1,	'2019-08-21 19:39:48',	'2021-02-12 14:39:35',	NULL),
(4,	'TOSOH HLC-723 GX',	'tosoh-hlc-723-gx',	'<p><strong><em>Analizador Autom&aacute;tico de&nbsp;Hemoglobina Glicosilada HbA1c y sus variantes<br />2.2 min/prueba - sampler 10 + 2</em></strong></p><p>&nbsp; &nbsp;</p><p><strong>Capacidad de Muestreo</strong></p><ul><li>10 + 2 &nbsp;(Puerto CAL tipo incorporada)</li></ul><p>&nbsp;</p><p><strong>R&aacute;pido</strong></p><ul><li>An&aacute;lisis 2.2 minutos por prueba</li><li>Tiempo del primer resultado en 6.6 minutos</li></ul><p>&nbsp;</p><p><strong>Preciso</strong></p><ul><li>Menos de 2% CVs</li><li>Determinaci&oacute;n Directa de la HbA1c estable</li></ul><p>&nbsp;</p><p><strong>Operaci&oacute;n Simple</strong></p><ul><li>Pantalla t&aacute;ctil f&aacute;cil de usar</li><li>Muestreo de Tubo Primario</li><li>Capacidad de perforaci&oacute;n del tubo</li><li>Identiﬁcaci&oacute;n positiva de la muestra</li><li>Mantenimiento Autom&aacute;tico &nbsp; &nbsp;&nbsp;</li></ul><p>&nbsp;</p><p><strong>Tama&ntilde;o Compacto&nbsp;</strong></p><ul><li>(A)37.0 X (P)52.5 X (Alto)48.2 cm</li><li>Peso 25Kg</li></ul><p>&nbsp;</p><p><strong>Especificaciones</strong></p><ul><li>Principio del EnsayoCromatograf&iacute;a l&iacute;quida de alto rendimiento del intercambio ionico</li><li>M&eacute;todo de Detecci&oacute;nAbsorci&oacute;n de 2 ondas (longitud de onda de detecci&oacute;n 415nm)</li><li>&nbsp;Fot&oacute;metro de absorci&oacute;n LED</li><li>Requisito de MuestraSangre entera y sangre diluida</li></ul><p>&nbsp;</p>',	NULL,	'1566398432-TOSOH HLC-723 GX.jpg',	NULL,	NULL,	'DM0s8A8GrFQ',	NULL,	1,	'1568214132-Brochure HLC 723 GX.pdf',	531,	1,	NULL,	1,	'2019-08-21 19:40:32',	'2021-02-12 14:46:03',	NULL),
(5,	'TOSOH AIA360',	'tosoh-aia360',	'<p>Analizador Autom&aacute;tico de Inmunoensayos<br />36 muestras/hora</p><p>La Soluci&oacute;n para el peque&ntilde;o y mediano Laboratorio.</p><p>&nbsp;</p><p><em><strong>Compacto - Poderoso - &Uacute;nico</strong></em></p><ul><li>36 Muestras/Hora</li><li>F&aacute;cil de usar</li><li>Resultados en 20 minutos</li><li>RandomAccess</li><li>Compacto 40x40x52 cm /29 Kg.</li><li>Sin celda de flujo, iluminado por LED</li><li>Lector de C&oacute;digo de barras (code39,code128, IFT, NW-7 y JAN)</li><li>Capacidad de conectarse a un LIS a trav&eacute;s de la salida RS232.</li></ul><ul><li>Acepta Tubos primarios de 13 x75/100mm, 16 x 75/100mm y copas de muestra de 2 ml.</li><li>Procesa hasta 4 test por muestra.</li><li>Capacidad m&aacute;xima del cargador de reactivos: 25 test</li><li>Capacidad m&aacute;xima del cargador de muestras: 25 muestras</li><li>Los analitos son identificados por una camara interna.</li><li>Los sensores de nivel de reactivo dan una se&ntilde;al al usuario cuando los mismos est&aacute;n a punto de agotarse o cuando el de residuos tiene que ser vaciado.</li><li>Puede almacenar hasta 300 resultados</li><li>Las muestras pueden ser identificadas manualmente si no tiene c&oacute;digo de barras.</li><li>El usuario puede monitorear el progreso de la muestra</li><li>Una vez cargada la muestra y el test cup, solo hay que presionar START&nbsp; listo.</li></ul>',	NULL,	'1566398480-TOSOH AIA360.jpg',	NULL,	NULL,	'xK6IxIF2M7E',	NULL,	1,	'1571149950-Brochure AIA360 Español.pdf',	738,	1,	1,	1,	'2019-08-21 19:41:20',	'2021-02-12 14:37:10',	NULL),
(20,	'TOSOH HLC®-723 G11',	'tosoh-hlc-723-g11',	'<p><strong><em>Analizador Autom&aacute;tico de&nbsp;Hemoglobina Glicosilada HbA1c y sus variantes<br />1.0 min/prueba - sampler 90 o 290</em></strong></p><p>&nbsp;</p><p>El analizador de TOSOH G11, esta destinado a esos laboratorios con un alto volumen de pruebas,&nbsp;<br />tales como laboratorios de referencia o p&uacute;blicos y/o privados de gran tama&ntilde;o, en lo que el tiempo de resultado de la A1c sea esencial, obteniendo resultados cada 60 segundos.&nbsp;</p><p>&nbsp;</p><p><br /><em><strong>CARACTER&Iacute;STICAS Y BENEFICIOS</strong></em></p><p>&bull;Dimension Compacta<br />&bull;Laingenieria precisa, produce rendimiento preciso &nbsp;&lt;1% CV*<br />&bull;Tiempo de analisisHbA1c 1.0 minuto/prueba<br />&bull;Rastreo y caducidad completa de los reactivos.<br />&bull;Pantalla t&aacute;ctil a color<br />&bull;Historia de hardware robusto &nbsp;&lt;1 Servicio de atenci&oacute;n al a&ntilde;o con alto MTBF.<br />&bull;Las banderas programables ayudan a la auto-verificaci&oacute;n<br />&bull;Cromatogramas de alta resoluci&oacute;n.<br />Separaci&oacute;n entre A1c l&aacute;bil y estable.<br />Medici&oacute;n directa de A1c estable.</p><p>&nbsp;</p><p>&nbsp;</p><p><em><strong>MODELOS Y DIMENSIONES (W/ D/H)</strong></em></p><ul><li>Modelo&nbsp; &nbsp;G11 -90SL&nbsp; &nbsp; 530 mm x 515 mm x 482 mm</li><li>Modelo&nbsp; &nbsp;G11 &ndash;90LA&nbsp; &nbsp;560 mm x 725 mm x 482 mm</li><li>Modelo&nbsp; &nbsp;G11 -290SL&nbsp; &nbsp;1120 mm x 530 mm x 482 mm</li></ul><p>&nbsp;</p><p>&nbsp;</p><p><em><strong>Facilidad en el manejo y mantenimiento diario</strong></em></p><ul><li>Calibraci&oacute;n de la S-A1c cada 30 d&iacute;as</li><li>F&aacute;cil y r&aacute;pido remplazo de filtro que elimina la posibilidad de error operario</li><li>Trazabilidad completa por c&oacute;digo de barra para mayor seguridad</li><li>Gran adaptabilidad a m&uacute;ltiples formas de muestreo en la posici&oacute;n de emergencia</li></ul>',	NULL,	'1568217497-G 11 frente.jpg',	NULL,	NULL,	NULL,	NULL,	1,	'1571428212-Brochure TOSOH HLC723 G11 Español.pdf',	331,	1,	NULL,	1,	'2019-09-09 23:31:17',	'2021-02-12 14:46:36',	NULL),
(23,	'Lavador MW2001',	'lavador-mw2001',	'<p>El lavador autom&aacute;tico MW-2001&nbsp;placas de 96 posiciones de 8 x 12 pocillos</p><p>Programaci&oacute;n de par&aacute;metros en dependencia de los requerimientos particulares de cada lavado</p><p>Almacenamiento&nbsp;en la memoria interna del equipo en forma de programas</p><p>&nbsp;</p><p>&nbsp;</p><ul><li>Volumen de dispensado programable: &nbsp;20 - 35 &micro;l (incrementos de 1&micro;l) &nbsp;/ &nbsp;35 - 400&micro;l (incrementos de 5&micro;l)</li><li>Tiempo de enjuague programable: 0 - 300 s</li><li>N&uacute;mero de ciclos de lavado programable: 1 - 99 ciclos</li><li>N&uacute;mero de tiras programable: 1 - 12</li><li>Formato de la tira: Tiras de 8 pocillos&nbsp;&nbsp;UMELISA&reg;/MICROELISA</li><li>Tipo de aspiraci&oacute;n programable: &nbsp;Normal y Cruzada</li><li>Agitaci&oacute;n con intensidad programable &nbsp;Baja, Media y Alta</li><li>Tiempo de agitaci&oacute;n programable: 5 a 300s</li><li>Precisi&oacute;n del dispensado: CV menor que 3% (entre puntas)</li><li>Volumen residual por pocillo: MELISA&reg; menor que 0.1 &micro;l &nbsp;/ &nbsp;MICROELISA menor que 5 &micro;l</li><li>Salida de datos: LCD (2 x 16 caracteres), Interfaz RS232C</li><li>Teclado: 5 teclas de funciones</li><li>Dimensiones: &nbsp;405 x 330 x 130 mm</li><li>Peso: 6,7 &plusmn; 0,5 Kg</li></ul><p>&nbsp;</p><p><em><strong>VIDEOS MANTENIMIENTO DEL EQUIPO</strong></em></p><p><a target=\"_blank\" href=\"https://youtu.be/LgpuJV2gD-o\">Recomendaciones de limpieza</a></p><ul><li>Mantenimiento Lavador MW2001 marca TecnoSuma. Recomendaciones de limpieza</li></ul><p><a target=\"_blank\" href=\"https://youtu.be/eEgFkuoFSQ4\">Valvula limitadora de la presion</a></p><ul><li>Mantenimiento Lavador MW2001 marca TecnoSuma. V&aacute;lvula limitadora de la presi&oacute;n</li></ul><p><a target=\"_blank\" href=\"https://youtu.be/7OjSBK1p20w\">Cambio de tubuladura</a></p><ul><li>Mantenimiento Lavador MW2001 marca TecnoSuma. Cambio de tubuladura</li></ul><p><a target=\"_blank\" href=\"https://youtu.be/b5ZonEJimPw\">Cambio de fusibles</a></p><ul><li>Mantenimiento Lavador MW2001 marca TecnoSuma. Cambio de fusibles</li></ul><p><a target=\"_blank\" href=\"https://youtu.be/NsxTU5ZdrJ8\">Bidones y Tubuladura</a></p><ul><li>Mantenimiento Lavador MW2001 marca TecnoSuma. Bidones y Tubuladura</li></ul><p><a target=\"_blank\" href=\"https://youtu.be/BvNVFzkV7po\">Aspirado y Dispensado</a></p><ul><li>Mantenimiento Lavador MW2001 marca TecnoSuma. Aspirado y Dispensado</li></ul><p>&nbsp;</p><p>&nbsp;</p><p>&nbsp;</p>',	NULL,	'1568380948-Lavador MW2001.jpg',	NULL,	NULL,	NULL,	NULL,	1,	NULL,	577,	4,	NULL,	1,	'2019-09-13 18:22:28',	'2021-02-12 22:45:43',	NULL),
(24,	'Lector UMELISA  PR621',	'lector-umelisa-pr621',	'<p><strong>Lector de Placas y Tiras UMELISA&reg;/MICROELISA</strong></p><p>Este lector es un fot&oacute;metro fluor&iacute;metro que puede realizar lecturas de fluorescencia y&nbsp;absorbancia en placas.</p><p>Consta de 8 canales de lectura y puede trabajar tanto de forma aut&oacute;noma como&nbsp;conectado a una computadora personal</p><p>&nbsp;</p><p>&nbsp;</p><ul><li>Lector de doble prop&oacute;sito: Fluor&iacute;metro / Fot&oacute;metro</li><li>Fuentes de luz: L&aacute;mpara Fluorescente UV / &nbsp;L&aacute;mpara de Hal&oacute;geno-Tungsteno</li><li>Rango de medici&oacute;n: 0-200 UF*/ &nbsp;0-2 ABS</li><li>Linealidad: 1 % de 0 a 200 UF &nbsp;/ 1 % a 1 ABS (405 nm)</li><li>Imprecisi&oacute;n: 2% a 100 UF &nbsp;/ 1% a 1 ABS</li><li>Rango espectral: 420-500 nm &nbsp;/ &nbsp;400-700 nm</li><li>Filtros: Est&aacute;ndar: 365 nm &nbsp;/ &nbsp;Filtros disponibles en el rango de 400 a 700 nm</li><li>Detectores: Fotodiodos de silicio</li><li>Salida de datos: LCD (2 x 16 caracteres), Interfaz RS232C, Interfaz para impresora Centronics</li><li>Tiempo m&aacute;ximo de lectura: 9 s/placa (12 tiras)</li><li>Capacidad de memoria: 24 placas x 12 tiras</li><li>Alimentaci&oacute;n: 90 - 260 VCA 50 - 60 Hz, 120 VA</li><li>Dimensiones: 375 x 375 x 120 mm</li><li>Peso: 7 Kg</li></ul><p>&nbsp;</p><p>VIDEOS MANTENIMIENTO LECTOR</p><p>&nbsp;</p><p><a target=\"_blank\" href=\"https://youtu.be/KGxA_qqouhI\">Movimiento de Carro</a></p><ul><li><em>Mantenimiento Lector</em>&nbsp;marca&nbsp;<em>TecnoSuma</em>. Movimiento de carro.</li></ul><p><a target=\"_blank\" href=\"https://youtu.be/Nsibx8xAqts\">Fusibles y Filtro</a></p><ul><li><em>Mantenimiento Lector</em>&nbsp;marca&nbsp;<em>TecnoSuma</em>.&nbsp;<em>Lector</em>&nbsp;Fusibles y Filtro.</li></ul><p><a target=\"_blank\" href=\"https://youtu.be/p7Oq4U74uRg\">Cambio de lampara</a></p><ul><li><em>Mantenimiento Lector</em>&nbsp;marca&nbsp;<em>TecnoSuma</em>. Cambio de lampara.</li></ul><p>&nbsp;</p><p>&nbsp;</p><p>&nbsp;</p><p>&nbsp;</p><p>&nbsp;</p>',	NULL,	'1568381703-lector.jpg',	NULL,	NULL,	NULL,	NULL,	1,	NULL,	584,	4,	NULL,	1,	'2019-09-13 18:35:03',	'2021-02-12 14:40:06',	NULL),
(25,	'calendario 2016',	'calendario-2016',	'<p>pp</p>',	NULL,	NULL,	NULL,	NULL,	NULL,	NULL,	1,	'',	2,	1,	NULL,	1,	'2019-09-16 18:10:55',	'2019-09-16 19:21:25',	'2019-09-16 19:21:25'),
(27,	'AFP   TOSOH',	'afp-tosoh',	'<ul><li>25252&nbsp; &nbsp;ST AIA-PACK AFP 20 cups x 5 trays (100 tests)</li><li>20352&nbsp; &nbsp;AIA-PACK AFP Calibrator Set Zero &amp; positive, 4 x 1 mL</li><li>20552&nbsp; &nbsp;AIA-PACK AFP Sample Diluting Sol. 4 x 4 mL</li><li>20652&nbsp; &nbsp;AIA-PACK AFP Linearity Set SDS, 2 x 4 mL / CVM, 2 x 2 mL</li></ul>',	NULL,	NULL,	NULL,	NULL,	NULL,	NULL,	1,	NULL,	201,	1,	NULL,	17,	'2019-09-17 20:14:05',	'2021-02-12 14:24:06',	NULL),
(28,	'CEA  TOSOH',	'cea-tosoh',	'<ul><li>25254&nbsp; &nbsp;ST AIA-PACK CEA 20 cups x 5 trays (100 tests)</li><li>20354&nbsp; &nbsp;AIA-PACK CEA Calibrator Set Zero &amp; positive, 4 x 1 mL</li><li>20554&nbsp; &nbsp;AIA-PACK CEA Sample Diluting Sol. 4 x 4 mL</li><li>20654&nbsp; &nbsp;AIA-PACK CEA Linearity Set SDS, 2 x 4 mL / CVM, 2 x 2 mL</li></ul>',	NULL,	NULL,	NULL,	NULL,	NULL,	NULL,	1,	NULL,	211,	1,	NULL,	17,	'2019-09-17 20:14:05',	'2021-02-12 14:24:24',	NULL),
(29,	'PSA  TOSOH',	'psa-tosoh',	'<ul><li>25263&nbsp; &nbsp;ST AIA-PACK PA 20 cups x 5 trays (100 tests)</li><li>20363&nbsp; &nbsp;AIA-PACK PA Calibrator Set Zero &amp; positive, 4 x 1 mL</li><li>20563&nbsp; AIA-PACK PA Sample Diluting Sol. 4 x 4 mL</li><li>20663&nbsp; AIA-PACK PA Linearity Set SDS, 2 x 4 mL / CVM, 2 x 2 mL</li></ul><p>&nbsp;</p><ul><li>ST AIA-PACK PSAII 20 cups x 5 trays (100 tests)</li><li>AIA-PACK PSAII Calibrator 12&nbsp;x 1 mL</li><li>AIA-PACK PSAII Sample Diluting Sol. 4 x 4 mL</li></ul>',	NULL,	NULL,	NULL,	NULL,	NULL,	NULL,	1,	NULL,	203,	1,	NULL,	17,	'2019-09-17 20:14:05',	'2021-02-12 14:24:36',	NULL),
(30,	'PSA libre  TOSOH',	'psa-libre-tosoh',	'<ul><li>25211&nbsp; &nbsp;ST AIA-PACK free PSA 20 cups x 5 trays (100 tests)</li><li>25311&nbsp; &nbsp;ST AIA-PACK free PSA Calibrator Set Six levels, 2 sets 12 x 1 Ml</li><li>25511&nbsp; &nbsp;ST AIA-PACK free PSA Sample Diluting Solution 4 x 4 mL</li></ul>',	NULL,	NULL,	NULL,	NULL,	NULL,	NULL,	1,	NULL,	210,	1,	NULL,	17,	'2019-09-17 20:14:05',	'2021-02-12 14:29:57',	NULL),
(31,	'CA 125  TOSOH',	'ca-125-tosoh',	'<ul><li>25288&nbsp; &nbsp;ST AIA-PACK CA125 20 cups x 5 trays (100 tests)</li><li>20388&nbsp; &nbsp;AIA-PACK CA125 Calibrator Set Six levels, 12 x 1 mL</li><li>20588&nbsp; &nbsp;AIA-PACK CA125 Sample Diluting Sol. 4 x 4 mL</li></ul>',	NULL,	NULL,	NULL,	NULL,	NULL,	NULL,	1,	NULL,	185,	1,	NULL,	17,	'2019-09-17 20:14:05',	'2021-02-12 14:26:40',	NULL),
(32,	'CA 27.29  TOSOH',	'ca-2729-tosoh',	'<ul><li>25202&nbsp; &nbsp;ST AIA-PACK 27.29 20 cups x 5 trays (100 tests)</li><li>20302&nbsp; &nbsp;AIA-PACK 27.29 Calibrator Set 6 levels, 2 sets 12 x 1 mL</li><li>20502&nbsp; &nbsp;AIA-PACK 27.29 Sample Diluting Sol. 4 x 100 mL bottles</li></ul>',	NULL,	NULL,	NULL,	NULL,	NULL,	NULL,	1,	NULL,	177,	1,	NULL,	17,	'2019-09-17 20:14:05',	'2021-02-12 14:28:06',	NULL),
(33,	'CA 19-9  TOSOH',	'ca-19-9-tosoh',	'<ul><li>25271&nbsp; &nbsp;ST AIA-PACK 19.9 20 cups x 5 trays (100 tests</li><li>20371&nbsp; &nbsp;AIA-PACK 19.9 Calibrator Set Six levels, 12 x 1 mL</li><li>20571&nbsp; &nbsp;AIA-PACK 19.9 Sample Diluting Solution 4 x 4 mL</li></ul>',	NULL,	NULL,	NULL,	NULL,	NULL,	NULL,	1,	NULL,	190,	1,	NULL,	17,	'2019-09-17 20:14:05',	'2021-02-12 14:27:44',	NULL),
(34,	'CA 15-3 TOSOH',	'ca-15-3-tosoh',	'<ul><li>25201&nbsp; &nbsp;ST AIA-PACK CA15-3 20 cups x 5 trays (100 tests)</li><li>20301&nbsp; &nbsp;AIA-PACK CA15-3 Calibrator Set Six levels, 2 sets 12 x 1 mL</li><li>20501&nbsp; &nbsp;AIA-PACK CA15-3 Sample Diluting Solution 4 x 100 mL bottles</li></ul>',	NULL,	NULL,	NULL,	NULL,	NULL,	NULL,	1,	NULL,	189,	1,	NULL,	17,	'2019-09-17 20:14:05',	'2021-02-12 14:27:17',	NULL),
(35,	'Microglobulina b-2  TOSOH',	'microglobulina-b-2-tosoh',	'<ul><li>25259&nbsp; &nbsp;ST AIA-PACK BMG 20 cups x 5 trays (100 tests)</li><li>20359&nbsp; &nbsp;AIA-PACK BMG Calibrator Set Six levels, 12 x 1 mL</li><li>20559&nbsp; &nbsp;AIA-PACK BMG Sample Diluting Concentrate 4 x 10 mL</li></ul>',	NULL,	NULL,	NULL,	NULL,	NULL,	NULL,	1,	NULL,	210,	1,	NULL,	18,	'2019-09-17 20:14:05',	'2021-02-12 14:32:15',	NULL),
(36,	'Cistatina C TOSOH',	'cistatina-c-tosoh',	'<ul><li>25217&nbsp; &nbsp;ST AIA-PACK Cystatin C 20 cups x 5 trays (100 tests)</li><li>25317&nbsp; &nbsp;ST AIA-PACK Cystatin C Calibrator Set 6 levels, 12 x 2 mL</li><li>25517&nbsp; &nbsp;ST AIA_PACK Cystatin C SDS 4 x 100 mL</li></ul>',	NULL,	NULL,	NULL,	NULL,	NULL,	NULL,	1,	NULL,	200,	1,	NULL,	18,	'2019-09-17 20:14:05',	'2021-02-12 14:29:42',	NULL),
(37,	'iPTH  TOSOH',	'ipth-tosoh',	'<ul><li>25213&nbsp; &nbsp;ST AIA-PACK PTH 20 cups x 5 trays (100 tests)</li><li>25313&nbsp; &nbsp;AIA-PACK PTH Calibrator Set Six levels, 12 x 1 mL</li><li>25513&nbsp; &nbsp;AIA PACK PTH Sample Diluting Solution 4 x 4 mL</li><li>25413&nbsp; &nbsp;AIA-PACK PTH Control Set 2 Levels, 4 x 1 mL</li></ul>',	NULL,	NULL,	NULL,	NULL,	NULL,	NULL,	1,	NULL,	169,	1,	NULL,	18,	'2019-09-17 20:14:05',	'2021-02-12 11:31:30',	NULL),
(38,	'CKMB  TOSOH',	'ckmb-tosoh',	'<p>25269&nbsp; &nbsp;ST AIA-PACK CKMB 20 cups x 5 trays (100 tests)</p><p>20369&nbsp; &nbsp;AIA-PACK CKMB Calibrator Set Six levels, 12 x 1 mL</p><p>20569&nbsp; &nbsp;AIA-PACK CKMB Sample Diluting Sol. 4 x 4 mL</p>',	NULL,	NULL,	NULL,	NULL,	NULL,	NULL,	1,	NULL,	199,	1,	NULL,	19,	'2019-09-17 23:45:47',	'2021-02-12 14:25:12',	NULL),
(39,	'Troponina I TOSOH',	'troponina-i-tosoh',	'<ul><li>25205&nbsp; &nbsp;AIA-PACK cTnI 2nd Gen 20 cups x 5 trays (100 tests)</li><li>25305&nbsp; &nbsp;AIA-PACK cTnI 2nd Gen Calibrator Set Six levels, 12 x 1 mL</li><li>25505&nbsp; AIA-PACK cTnI 2nd Gen Sample Diluting Sol. 4 x 4 mL</li></ul>',	NULL,	NULL,	NULL,	NULL,	NULL,	NULL,	1,	NULL,	203,	1,	NULL,	19,	'2019-09-17 23:45:47',	'2021-02-12 14:31:36',	NULL),
(40,	'Mioglobina TOSOH',	'mioglobina-tosoh',	'<ul><li>25297&nbsp; &nbsp;AIA-PACK MYO 20 cups x 5 trays (100 tests)</li><li>25397&nbsp; &nbsp;AIA-PACK MYO Calibrator Set Six levels, 12 x 1 mL</li><li>25597&nbsp; &nbsp;AIA-PACK MYO Sample Diluting Sol. 4 x 4 mL</li></ul>',	NULL,	NULL,	NULL,	NULL,	NULL,	NULL,	1,	NULL,	188,	1,	NULL,	19,	'2019-09-17 23:45:47',	'2021-02-12 14:31:08',	NULL),
(41,	'TSH  TOSOH',	'tsh-tosoh',	'<ul><li>25294&nbsp; &nbsp;ST AIA-PACK TSH 20 cups x 5 trays (100 tests)</li><li>20394&nbsp; &nbsp;AIA-PACK TSH 3RD Gen Calibrator Set Six levels, 12 x 1 mL</li><li>20594&nbsp; &nbsp;AIA-PACK TSH 3RD Gen Sample Diluting Sol. 4x4 mL</li></ul>',	NULL,	NULL,	NULL,	NULL,	NULL,	NULL,	1,	NULL,	203,	1,	NULL,	20,	'2019-09-17 23:45:47',	'2021-02-12 11:26:19',	NULL),
(42,	'TT3  TOSOH',	'tt3-tosoh',	'<ul><li>25282&nbsp; &nbsp;ST AIA-PACK TT3 20 cups x 5 trays (100 tests)</li><li>20382&nbsp; &nbsp;AIA-PACK TT3 Calibrator Set Six levels, 12 x 1 mL</li><li>20582&nbsp; &nbsp;AIA-PACK TT3 Sample Diluting Sol. 4 x 4 mL</li></ul>',	NULL,	NULL,	NULL,	NULL,	NULL,	NULL,	1,	NULL,	196,	1,	NULL,	20,	'2019-09-17 23:45:47',	'2021-02-12 11:26:31',	NULL),
(43,	'T4  TOSOH',	't4-tosoh',	'<ul><li>25258&nbsp; &nbsp;ST AIA-PACK T4 20 cups x 5 trays (100 tests)</li><li>20358&nbsp; &nbsp;AIA-PACK T4 Calibrator Set Six levels, 12 x 1 mL</li><li>20558&nbsp; &nbsp;AIA-PACK T4 Sample Diluting Sol. 4x4 mL</li></ul>',	NULL,	NULL,	NULL,	NULL,	NULL,	NULL,	1,	NULL,	191,	1,	NULL,	20,	'2019-09-17 23:45:47',	'2021-02-11 22:27:46',	NULL),
(44,	'FT3  TOSOH',	'ft3-tosoh',	'<p>T3 Libre</p><p>&nbsp;</p><ul><li>25286&nbsp; &nbsp;ST AIA-PACK FT3 20 cups x 5 trays (100 tests)</li><li>20386&nbsp; &nbsp;AIA-PACK FT3 Calibrator Set Six levels, 12 x 1 mL</li></ul>',	NULL,	NULL,	NULL,	NULL,	NULL,	NULL,	1,	NULL,	221,	1,	NULL,	20,	'2019-09-17 23:45:47',	'2021-02-11 22:28:18',	NULL),
(45,	'FT4  TOSOH',	'ft4-tosoh',	'<p>T4 Libre</p><p>&nbsp;</p><ul><li>25268&nbsp; &nbsp;ST AIA-PACK FT4 20 cups x 5 trays (100 tests)</li><li>20368&nbsp; &nbsp;AIA-PACK FT4 Calibrator Set Six levels, 12 x 1 mL</li></ul>',	NULL,	NULL,	NULL,	NULL,	NULL,	NULL,	1,	NULL,	175,	1,	NULL,	20,	'2019-09-17 23:45:47',	'2021-02-11 22:28:29',	NULL),
(46,	'T-Uptake',	't-uptake',	NULL,	NULL,	NULL,	NULL,	NULL,	NULL,	NULL,	1,	NULL,	210,	NULL,	NULL,	20,	'2019-09-17 23:45:47',	'2021-02-11 22:27:34',	NULL),
(47,	'b-HCG TOSOH',	'b-hcg-tosoh',	'<p>25261&nbsp; &nbsp;ST AIA-PACK BHCG 20 cups x 5 trays (100 tests)</p><p>20361&nbsp; &nbsp;AIA-PACK BHCG Calibrator Set Zero &amp; positive, 4 x 1 mL</p><p>20561&nbsp; &nbsp;AIA-PACK BHCG Sample Diluting Sol. 4 x 4 Ml</p><p>20661&nbsp; &nbsp;AIA-PACK BHCG Linearity Set SDS, 2 x 4 mL / CVM, 2 x 2 mL</p>',	NULL,	NULL,	NULL,	NULL,	NULL,	NULL,	1,	NULL,	222,	1,	NULL,	21,	'2019-09-17 23:45:47',	'2021-02-12 11:26:42',	NULL),
(48,	'Estradiol TOSOH',	'estradiol-tosoh',	'<p>25274&nbsp; &nbsp;ST AIA-PACK E2 20 cups x 5 trays (100 tests)</p><p>25374&nbsp; &nbsp;ST AIA-PACK E2 Calibrator Six levels, 12 x 1 mL</p><p>20574&nbsp; &nbsp;AIA-PACK E2 Sample Diluting Sol. 4 x 4 mL</p>',	NULL,	NULL,	NULL,	NULL,	NULL,	NULL,	1,	NULL,	197,	1,	NULL,	21,	'2019-09-17 23:45:47',	'2021-02-12 11:29:33',	NULL),
(49,	'FSH TOSOH',	'fsh-tosoh',	'<p>25265&nbsp; &nbsp;ST AIA-PACK FSH 20 cups x 5 trays (100 tests)</p><p>20365&nbsp; &nbsp;AIA-PACK FSH Calibrator Set Zero &amp; positive, 4 x 1 mL</p><p>20565&nbsp; &nbsp;AIA-PACK FSH Sample Diluting Sol. 4 x 4 mL</p><p>20665&nbsp; &nbsp;AIA-PACK FSH Linearity Set SDS, 2 x 4 mL / CVM, 2 x 2 mL</p>',	NULL,	NULL,	NULL,	NULL,	NULL,	NULL,	1,	NULL,	175,	1,	NULL,	21,	'2019-09-17 23:45:47',	'2021-02-11 22:28:00',	NULL),
(50,	'LH II  TOSOH',	'lh-ii-tosoh',	'<p>25296&nbsp; &nbsp;ST AIA-PACK LHII 20 cups x 5 trays (100 tests)</p><p>25396&nbsp; &nbsp;ST AIA-PACK LHII Calibrator Six levels, 12 x 1 mL</p><p>20596&nbsp; &nbsp;AIA-PACK LH Sample Diluting Sol. 4 x 4 mL</p>',	NULL,	NULL,	NULL,	NULL,	NULL,	NULL,	1,	NULL,	205,	1,	NULL,	21,	'2019-09-17 23:45:47',	'2021-02-12 11:26:52',	NULL),
(51,	'Prolactina  TOSOH',	'prolactina-tosoh',	'<p>25255&nbsp; &nbsp;ST AIA-PACK PRL 20 cups x 5 trays (100 tests)</p><p>20355&nbsp; &nbsp;AIA-PACK PRL Calibrator Set Zero &amp; positive, 4 x 1 mL</p><p>20555&nbsp; &nbsp;AIA-PACK PRL Sample Diluting Sol. 4 x 4 mL</p><p>20655&nbsp; &nbsp;AIA-PACK PRL Linearity Set SDS, 2 x 4 mL / CVM, 2 x 2 mL</p>',	NULL,	NULL,	NULL,	NULL,	NULL,	NULL,	1,	NULL,	218,	1,	NULL,	21,	'2019-09-17 23:45:47',	'2021-02-12 11:30:05',	NULL),
(52,	'Progesterona II  TOSOH',	'progesterona-ii-tosoh',	'<p>Progesterone II</p><p>25239&nbsp; &nbsp;ST AIA-PACK PROG II 20 cups x 5 trays&nbsp;100 tests</p><p>25339&nbsp; &nbsp;AIA-PACK PROG&nbsp; II Calibrator Set Six levels12 x 1 ml</p><p>25539&nbsp; &nbsp;AIA-PACK PROG II Sample Diluting Sol.&nbsp;4 x 4 ml</p>',	NULL,	NULL,	NULL,	NULL,	NULL,	NULL,	1,	NULL,	206,	1,	NULL,	21,	'2019-09-17 23:45:47',	'2021-02-12 14:23:58',	NULL),
(53,	'Testosterona  TOSOH',	'testosterona-tosoh',	'<p>25204&nbsp; &nbsp;ST AIA-PACK TEST 20 cups x 5 trays (100 tests)</p><p>25304&nbsp; &nbsp;ST AIA-PACK TEST Calibrator Set Six levels, 12 x 1 mL</p><p>25504&nbsp; &nbsp;ST AIA-PACK TEST Sample Diluting Sol 4 x 4 mL</p>',	NULL,	NULL,	NULL,	NULL,	NULL,	NULL,	1,	NULL,	187,	1,	NULL,	21,	'2019-09-17 23:45:47',	'2021-02-12 11:30:32',	NULL),
(54,	'IgE II  TOSOH',	'ige-ii-tosoh',	'<ul><li>25295&nbsp; &nbsp;ST AIA-PACK IGE II 20 cups x 5 trays (100 tests)</li><li>20395&nbsp; &nbsp;AIA-PACK IGE II Calibrator Set Six levels, 12 x 1 mL</li><li>20595&nbsp; &nbsp;AIA-PACK IGE II Sample Diluting Sol. 4 x 4 mL</li></ul>',	NULL,	NULL,	NULL,	NULL,	NULL,	NULL,	1,	NULL,	174,	1,	NULL,	22,	'2019-09-17 23:45:47',	'2021-02-12 14:25:40',	NULL),
(55,	'PAP TOSOH',	'pap-tosoh',	'<p>&nbsp;Prostatic Acid Phosphatase</p><ul><li>25262&nbsp; &nbsp;ST AIA-PACK PAP 20 cups x 5 trays (100 tests)</li><li>20362&nbsp; &nbsp;AIA-PACK PAP Calibrator Set Zero &amp; positive, 4 x 1 mL</li><li>20562&nbsp; &nbsp;AIA-PACK PAP Sample Diluting Sol. 4 x 4 mL</li><li>20662&nbsp; &nbsp;AIA-PACK PAP Linearity Set Calibration verification/linearity sets</li></ul>',	NULL,	NULL,	NULL,	NULL,	NULL,	NULL,	1,	NULL,	185,	1,	NULL,	22,	'2019-09-17 23:45:47',	'2021-02-12 11:31:43',	NULL),
(56,	'HBcAb TOSOH',	'hbcab-tosoh',	'<p>&nbsp;HBcAb</p><p>25207&nbsp; &nbsp;ST AIA-PACK HBcAb 20 cups x 5 trays (100 tests)</p><p>20307&nbsp; &nbsp;AIA-PACK HBcAb Calibrator Set Zero &amp; positive, 4 x 1 mL</p><p>20507&nbsp; &nbsp;AIA-PACK HBcAb Sample Diluting Solution 4 x 4 mL</p><p>HBV Control</p><p>20950&nbsp; &nbsp;AIA-PACK HBV Antibody Control (HBsAb-HBeAb-HBcAb)</p>',	NULL,	NULL,	NULL,	NULL,	NULL,	NULL,	1,	NULL,	179,	1,	NULL,	23,	'2019-09-17 23:45:47',	'2021-02-12 11:28:16',	NULL),
(57,	'HBeAb TOSOH',	'hbeab-tosoh',	'<p>&nbsp;HBeAb</p><p>25208&nbsp; &nbsp;ST AIA-PACK HBeAb 20 cups x 5 trays (100 tests)</p><p>20308&nbsp; &nbsp;AIA-PACK HBeAb Calibrator Set Zero &amp; positive, 4 x 1 mL</p><p>HBV Control</p><p>20950&nbsp; &nbsp;AIA-PACK HBV Antibody Control (HBsAb-HBeAb-HBcAb)</p>',	NULL,	NULL,	NULL,	NULL,	NULL,	NULL,	1,	NULL,	212,	1,	NULL,	23,	'2019-09-17 23:45:47',	'2021-02-12 11:28:25',	NULL),
(58,	'HBeAg TOSOH',	'hbeag-tosoh',	'<p>&nbsp;HBeAg</p><p>25273&nbsp; &nbsp;ST AIA-PACK HBeAg 20 cups x 5 trays (100 tests)</p><p>20373&nbsp; &nbsp;AIA-PACK HBeAg Calibrator Set Zero &amp; positive, 4 x 1 mL</p><p>20573&nbsp; &nbsp;AIA-PACK HBeAg Sample Diluting Solution 4 x 4 mL</p><p>HBV Control</p><p>20951&nbsp; &nbsp;AIA-PACK HBV Antigen Control (HBsAg-HBeAg)</p>',	NULL,	NULL,	NULL,	NULL,	NULL,	NULL,	1,	NULL,	183,	1,	NULL,	23,	'2019-09-17 23:45:47',	'2021-02-12 11:28:38',	NULL),
(59,	'HBsAb TOSOH',	'hbsab-tosoh',	'<p>&nbsp;HBsAb</p><p>25299&nbsp; &nbsp;ST AIA-PACK HBsAb 20 cups x 5 trays (100 tests)</p><p>20399&nbsp; &nbsp;AIA-PACK HBsAb Calibrator Set Six levels, 12 x 1 mL</p><p>20599&nbsp; &nbsp;AIA-PACK HBsAb Sample Diluting Solution 4 x 4 mL</p><p>&nbsp;</p><p>HBV Control</p><p>20950&nbsp; &nbsp;AIA-PACK HBV Antibody Control (HBsAb-HBeAb-HBcAb)</p>',	NULL,	NULL,	NULL,	NULL,	NULL,	NULL,	1,	NULL,	221,	1,	NULL,	23,	'2019-09-17 23:45:47',	'2021-02-12 11:28:49',	NULL),
(60,	'HBsAg TOSOH',	'hbsag-tosoh',	'<p>HBsAg</p><p>25210&nbsp; &nbsp;ST AIA-PACK HBsAg 20 cups x 5 trays (100 tests)</p><p>20310&nbsp; &nbsp;AIA-PACK HBsAg Calibrator Set Zero &amp; positive, 4 x 1 mL</p><p>20510&nbsp; &nbsp;AIA-PACK HBsAg Sample Diluting Solution 4 x 4 mL</p><p>&nbsp;</p><p>HBV Control</p><p>20951&nbsp; &nbsp;AIA-PACK HBV Antigen Control (HBsAg-HBeAg)</p>',	NULL,	NULL,	NULL,	NULL,	NULL,	NULL,	1,	NULL,	183,	1,	NULL,	23,	'2019-09-17 23:45:47',	'2021-02-12 11:29:10',	NULL),
(61,	'Péptido C  TOSOH',	'peptido-c-tosoh',	'<p>25284&nbsp; &nbsp;ST AIA PACK C-PEP 20 cups x 5 trays (100 tests)</p><p>20384&nbsp; &nbsp;AIA-PACK C-PEP Calibrator Set Six levels, 12 x 1 mL</p><p>20584&nbsp; &nbsp;AIA-PACK C-PEP Sample Diluting Sol. 4 x 4 mL</p>',	NULL,	NULL,	NULL,	NULL,	NULL,	NULL,	1,	NULL,	169,	1,	NULL,	24,	'2019-09-17 23:45:47',	'2021-02-12 11:29:18',	NULL),
(62,	'Insulina  TOSOH',	'insulina-tosoh',	'<p>25260&nbsp; &nbsp;ST AIA-PACK IRI 20 cups x 5 trays (100 tests)</p><p>20360&nbsp; &nbsp;AIA-PACK IRI Calibrator Set Six levels, 12 x 1 mL</p><p>20560&nbsp; &nbsp;AIA-PACK IRI Sample Diluting Sol. 4 x 4 mL</p>',	NULL,	NULL,	NULL,	NULL,	NULL,	NULL,	1,	NULL,	211,	1,	NULL,	24,	'2019-09-17 23:45:47',	'2021-02-12 11:27:51',	NULL),
(63,	'Cortisol  TOSOH',	'cortisol-tosoh',	'<ul><li>25287&nbsp; &nbsp;ST AIA PACK CORT 20 cups x 5 trays (100 tests)</li><li>20387&nbsp; &nbsp;AIA-PACK CORT Calibrator Set Six levels, 12 x 1 mL</li><li>20587&nbsp; &nbsp;AIA-PACK CORT Sample Diluting Sol. 4 x 4 mL</li></ul>',	NULL,	NULL,	NULL,	NULL,	NULL,	NULL,	1,	NULL,	185,	1,	NULL,	25,	'2019-09-17 23:45:47',	'2021-02-12 11:30:16',	NULL),
(64,	'HGH  TOSOH',	'hgh-tosoh',	'<ul><li>25266&nbsp; &nbsp;ST AIA-PACK HGH 20 cups x 5 trays (100 tests)</li><li>20366&nbsp; &nbsp;AIA-PACK HGH Calibrator Set Six levels, 12 x 1 mL</li><li>20566&nbsp; &nbsp;AIA-PACK HGH Sample Diluting Sol. 4 x 4 mL</li></ul>',	NULL,	NULL,	NULL,	NULL,	NULL,	NULL,	1,	NULL,	201,	1,	NULL,	25,	'2019-09-17 23:45:47',	'2021-02-12 11:27:19',	NULL),
(65,	'Ferritina TOSOH',	'ferritina-tosoh',	'<p>25253&nbsp; &nbsp;ST AIA-PACK FER 20 cups x 5 trays (100 tests)</p><p>20353&nbsp; &nbsp;AIA-PACK FER Calibrator Set Zero &amp; positive, 4 x 1 mL</p><p>20553&nbsp; &nbsp;AIA-PACK FER Sample Diluting Sol. 4 x 4 mL</p><p>20653&nbsp; &nbsp;AIA-PACK FER Linearity Set SDS, 2 x 4 mL / CVM, 2 x 2 mL</p>',	NULL,	NULL,	NULL,	NULL,	NULL,	NULL,	1,	NULL,	200,	1,	NULL,	26,	'2019-09-17 23:45:47',	'2021-02-09 02:45:24',	NULL),
(66,	'HIV Ag/Ab',	'hiv-agab',	'<p>ELISA HIV Ag/Ab - Marca Apdia</p><p>Inmunoensayo enzim&aacute;tico cualitativo de 4ta generaci&oacute;n para la detecci&oacute;n de anticuerpos HIV 1 &ndash; HIV 2 y ant&iacute;geno p24 de HIV1.&nbsp;</p><p>Presentaci&oacute;n kits x 96 /192 / 480 determinaciones.</p>',	NULL,	NULL,	NULL,	NULL,	NULL,	NULL,	1,	NULL,	275,	8,	NULL,	59,	'2019-09-18 16:57:33',	'2021-02-12 18:17:07',	NULL),
(67,	'HTLV I/II',	'htlv-iii',	'<p><strong>AVIOQ HTLV I/II Microelisa System</strong></p><p>Es un ensayo de inmunoabsorci&oacute;n enzim&aacute;tica (ELISA) cualitativo para la detecci&oacute;n de anticuerpos HTLV-I) y/o HTLV-II en suero, plasma humano y muestras cadav&eacute;ricas.</p><p>Est&aacute; concebido para el cribado de donantes humanos individuales, que incluye a donantes voluntarios de sangre total y componentes de la sangre, y a otros donantes vivos.</p><p>&nbsp;</p><p>Caracteristicas</p><ul><li>Especificidad 99,95% observado en ensayos clinicos de donantes tomados al azar</li><li>Tiempo de incubaci&oacute;n total s&oacute;lo 2 horas, 30 minutos (60/60/30)</li><li>Diluci&oacute;n directa en pocillos de microplaca, elimina la necesidad de una diluci&oacute;n externa</li><li>Formato de placa de tira de 8 pocillos, Adaptable a la automatizaci&oacute;n y sus vol&uacute;menes de prueba</li><li>Reduce las repeticiones innecesarias. Alta correlaci&oacute;n entre los resultados iniciales y repetidos</li></ul><p><em><strong>An&aacute;lisis de performance de un nuevo ensayo para detecci&oacute;n de anticuerpos para HTLV I-II&nbsp; 73&deg; Congreso ABA 2019</strong></em><br /><a target=\"_blank\" href=\"https://cromoion.com/biblioteca/f1e5c040-1826-11ea-bee6-f54672370964/download\">Para ver el trabajo completo haga click aqu&iacute;</a></p><p><em><strong>Evaluaci&oacute;n del tamizaje para HTLV I-II y su correlaci&oacute;n con un estudio confirmatorio&nbsp; &nbsp;VII Congreso Hospital Mu&ntilde;iz 2019</strong></em><br /><a target=\"_blank\" href=\"https://cromoion.com/biblioteca/0ed049d0-1827-11ea-bcdb-279aabef7e67/download\">Para ver el trabajo completo haga click aqu&iacute;</a></p><p><em><strong>Evaluaci&oacute;n de la performance del Reactivo Avioq HTLV I/II Microelisa System</strong></em><br /><a target=\"_blank\" href=\"https://cromoion.com/biblioteca/16366720-1765-11ea-8aa5-3f22b6fb052a/download\">- Para ver el trabajo completo haga click aqu&iacute; -</a><br />&nbsp;</p><p><em>Conclusi&oacute;n de la evaluaci&oacute;n</em></p><ul><li>El ensayo para HTLV I/II Avioq Microelisa System se presenta como una buena alternativa de procesamiento manual para la determinaci&oacute;n de HTLV.</li><li>El procedimiento es pr&aacute;ctico, c&oacute;modo y el equipo se muestra robusto en los par&aacute;metros indicados para su trabajo.</li><li>En el marco del estudio realizado el equipo Avioq present&oacute; una buena especificidad (99.8%).</li><li>La sensibilidad que obtuvimos sobre la medici&oacute;n de muestras confirmadas fue del 100%.&nbsp;</li><li>El equipo Avioq pudo reaccionar positivamente tanto con las muestras de HTLV I como con las muestras de HTLV II que se testearon.<br />&nbsp;</li></ul>',	NULL,	'1575552486-Avioq-HTLV-Kit 600px.jpg',	NULL,	NULL,	NULL,	NULL,	1,	'1575551460-Insert-AVIOQ HTLV-I_II.pdf',	224,	9,	NULL,	59,	'2019-09-18 20:06:32',	'2021-02-12 18:17:30',	NULL),
(68,	'ROSA DE BENGALA',	'rosa-de-bengala',	'<ul><li>Rosa de Bengala&ndash; Determinaci&oacute;n cualitativa de anticuerpos anti-Brucella<ul><li>T&eacute;cnica aglutinaci&oacute;n en porta (latex)</li></ul></li></ul>',	NULL,	NULL,	NULL,	NULL,	NULL,	NULL,	1,	'1570038132-IFU Rosa Bengala Monlabtest.pdf',	204,	10,	NULL,	59,	'2019-09-18 20:09:32',	'2021-02-09 02:33:27',	NULL),
(69,	'17 OH Progesterona Neonatal ',	'17-oh-progesterona-neonatal',	'<p>UMELISA&reg; 17 OH Progesterona Neonatal - marca CIE</p><p>Ensayo inmunoenzim&aacute;tico competitivo empleado para la determinaci&oacute;n cuantitativa de 17 OH Progesterona en muestras de sangre seca sobre papel de filtro.<br />Forma de presentaci&oacute;n: UM 2035: 288 pruebas</p>',	NULL,	NULL,	NULL,	NULL,	NULL,	NULL,	1,	NULL,	215,	11,	NULL,	27,	'2019-09-18 20:17:20',	'2021-02-09 07:28:09',	NULL),
(70,	'TSH Neonatal ',	'tsh-neonatal',	'<p>UMELISA&reg; TSH Neonatal&nbsp;</p><p>Ensayo inmunoenzim&aacute;tico tipo sandwich, que se utiliza para la determinaci&oacute;n cuantitativa de la Hormona Estimulante del Tiroides (TSH) en muestras de sangre seca sobre papel de filtro.</p><p>Forma de presentaci&oacute;n: UM 2027: 288 pruebas - UM 2127: 576 pruebas</p><p>El porciento de recuperaci&oacute;n sobre papel de filtro es de 98.66 %</p>',	NULL,	NULL,	NULL,	NULL,	NULL,	NULL,	1,	NULL,	189,	11,	NULL,	27,	'2019-09-18 20:18:16',	'2021-02-09 02:28:48',	NULL),
(71,	'Biotinidasa',	'biotinidasa',	'<p>UMTEST&reg; Biotinidasa</p><p>Ultramicroensayo colorim&eacute;trico cualitativo para la detecci&oacute;n de la deficiencia de biotinidasa en sangre seca sobre papel de filtro.</p><p>Forma de presentaci&oacute;n: UMT 1005: 288 pruebas</p><p>Prueba visual, no requiere instrumento.</p>',	NULL,	NULL,	NULL,	NULL,	NULL,	NULL,	1,	NULL,	208,	11,	NULL,	27,	'2019-09-18 20:25:50',	'2021-02-09 02:27:43',	NULL),
(72,	'Galactosa Total',	'galactosa-total',	'<p>UMTEST&reg; GAL &ndash; Galactosa Total</p><p>Prueba enzim&aacute;tica y fluorescente para la cuantificaci&oacute;n de galactosa total en sangre seca sobre papel de filtro</p><p>Forma de presentaci&oacute;n: UMT 1006: 288 pruebas</p><p>Ultramicroensayo fluorescente para la determinaci&oacute;n de galactosa total.</p><p>La concentraci&oacute;n m&iacute;nima detectable es de 0,9 mg de galactosa/dL de sangre total</p>',	NULL,	NULL,	NULL,	NULL,	NULL,	NULL,	1,	NULL,	186,	11,	NULL,	27,	'2019-09-18 20:27:22',	'2021-02-09 02:32:30',	NULL),
(73,	'Fenilalanina ',	'fenilalanina',	'<p>UMTEST&reg; PKU &ndash; Fenilalanina&nbsp;</p><p>Ultramicroensayo fluorescente para la determinaci&oacute;n cuantitativa de Fenilalanina (Phe) en sangre seca sobre papel de filtro.</p><p>Forma de presentaci&oacute;n UM 1001: 288 pruebas</p><p>La concentraci&oacute;n m&iacute;nima detectable es de 50 mol de Fenilalanina/L de sangre total</p>',	NULL,	NULL,	NULL,	NULL,	NULL,	NULL,	1,	NULL,	206,	11,	NULL,	27,	'2019-09-18 20:28:16',	'2021-02-09 02:28:30',	NULL),
(74,	'OLERUP SSP - HLA KITS',	'olerup-ssp-hla-kits',	'<p>Olerup SSP HLA Typing Kits son kits cualitativos de diagn&oacute;stico in vitro para la tipificaci&oacute;n de ADN de los alelos HLA Clase I y HLA Clase II.&nbsp;Los productos son utilizados por profesionales capacitados en entornos m&eacute;dicos con el fin de determinar el fenotipo HLA.&nbsp;El material de origen probado es ADN.</p><p>&nbsp;</p><p>Configuraci&oacute;n y an&aacute;lisis sencillos</p><ul><li>Multiproposito, cubre todos los niveles de resoluci&oacute;n requeridos en el laboratorio</li><li>Costo de inversi&oacute;n m&iacute;nimo<br />&nbsp;</li></ul><p>Todos los kits est&aacute;n disponibles en 2 formatos: con y sin Taq Polymerase</p><ul><li>Los c&oacute;digos con u son sin Taq</li><li>Los c&oacute;digos sin letra son con Taq</li></ul><p>&nbsp;</p><p>Normalmente, los ant&iacute;genos leucocitarios humanos (HLA) se determinaban mediante la prueba de linfocitotoxicidad. Sin embargo, esta prueba ha sido sustituida por las t&eacute;cnicas de tipificaci&oacute;n del ADN basadas en la reacci&oacute;n en cadena de la polimerasa (PCR) a causa de su tasa de error y la falta de resoluci&oacute;n a nivel de alelo.</p><p>&nbsp;</p><p>Los resultados de la prueba SSP pueden ser positivos o negativos, con lo cual se elimina la necesidad de interpretaci&oacute;n complicada de los resultados. Adem&aacute;s, la resoluci&oacute;n de tipificaci&oacute;n de la PCR-SSP es mayor que la de otras t&eacute;cnicas de tipificaci&oacute;n basadas en PCR, ya que cada par de cebadores define dos motivos secuenciales ubicados en cis, es decir, en el mismo cromosoma. Adem&aacute;s, por la naturaleza sint&eacute;tica de los reactivos SSP, se ha mejorado la estabilidad y se ha reducido la variaci&oacute;n de los lotes.</p><p>&nbsp;</p><p>Para m&aacute;s informaci&oacute;n haga click en cada link</p><p><em><strong><a target=\"_blank\" href=\"https://cromoion.faridsilva.com/public/biblioteca/5cdbde10-da45-11e9-adc1-91da085ec7ab/download\">HLA-A</a>&nbsp; &nbsp; /&nbsp; &nbsp;&nbsp;</strong></em><em><strong><a target=\"_blank\" href=\"https://cromoion.faridsilva.com/public/biblioteca/4887a130-da45-11e9-b6c7-0de182e69f56/download\">HLA-B</a>&nbsp; &nbsp; /&nbsp; &nbsp;&nbsp;</strong></em><em><strong><a target=\"_blank\" href=\"https://cromoion.faridsilva.com/public/biblioteca/6c588480-da45-11e9-b0a7-ad49eb545d41/download\">HLA-C</a>&nbsp; &nbsp;&nbsp;&nbsp;</strong></em></p><p><a target=\"_blank\" href=\"https://cromoion.faridsilva.com/public/biblioteca/9f7b9920-da45-11e9-9498-3729baf0f2b6/download\"><em><strong>HLA-DR</strong></em></a>&nbsp; &nbsp;<em><strong> /</strong></em>&nbsp; &nbsp;&nbsp;<em><strong><a target=\"_blank\" href=\"https://cromoion.faridsilva.com/public/biblioteca/8ef28030-da45-11e9-a936-b33f274d2bd2/download\">HLA-DQ</a>&nbsp; &nbsp; /&nbsp; &nbsp;&nbsp;</strong></em><a target=\"_blank\" href=\"https://cromoion.faridsilva.com/public/biblioteca/7cc55ae0-da45-11e9-b1b4-c3647eaf22b8/download\"><em><strong>HLA-DP</strong></em></a></p><p><em><strong><a target=\"_blank\" href=\"https://cromoion.faridsilva.com/public/biblioteca/10c2f050-da45-11e9-a910-ed0d47b0a32c/download\">COMBI TRAYS</a>&nbsp; &nbsp; /&nbsp; &nbsp;&nbsp;</strong></em><em><strong><a target=\"_blank\" href=\"https://cromoion.faridsilva.com/public/biblioteca/d63d81f0-da44-11e9-9fc8-ffc5847ad163/download\">ADD-ONS</a>&nbsp; &nbsp; /&nbsp; &nbsp;&nbsp;</strong></em><em><strong><a target=\"_blank\" href=\"https://cromoion.faridsilva.com/public/biblioteca/b0c33860-da45-11e9-affc-415bdc6d8dfe/download\">NULL ALLELE KITS</a></strong></em></p><p>&nbsp;</p><p>&nbsp;</p><ul><li><a target=\"_blank\" href=\"http://https://cromoion.faridsilva.com/public/biblioteca/0bd3f810-e541-11e9-b82a-5147cc89682a/download\">Calculation Tables Olerup SSP Kits con Taq Polimerasa</a></li><li><a target=\"_blank\" href=\"https://cromoion.faridsilva.com/public/biblioteca/278df6c0-e541-11e9-974a-edb4200da1c1/download\">Calculation Tables Olerup SSP Kits sin&nbsp;Taq Polimerasa</a></li><li><a target=\"_blank\" href=\"https://cromoion.faridsilva.com/public/biblioteca/b2181240-e540-11e9-8919-2ba9bf84eaf0/download\">IFU HLA Olerup SSP&reg; con Taq polimerasa</a></li><li><a target=\"_blank\" href=\"https://cromoion.faridsilva.com/public/biblioteca/f18093d0-e540-11e9-98ea-bd4cd093c454/download\">IFU HLA Olerup SSP&reg; sin&nbsp;Taq polimerasa</a></li></ul>',	NULL,	'1570039824-SSP sin Taq 400px.jpg',	NULL,	NULL,	NULL,	NULL,	1,	NULL,	229,	12,	NULL,	55,	'2019-09-18 21:19:27',	'2021-02-09 02:35:52',	NULL),
(75,	'Rosa de Bengala—Anti Brucella',	'rosa-de-bengalaanti-brucella',	'<p>Rosa de Bengala&mdash;Anti Brucella</p><p>Marca MONLAB</p>',	NULL,	NULL,	NULL,	NULL,	NULL,	NULL,	1,	'1570038345-IFU Rosa Bengala Monlabtest.pdf',	215,	10,	NULL,	48,	'2019-09-19 22:23:53',	'2021-02-11 23:48:41',	NULL),
(76,	'Salmonella paratyphi',	'salmonella-paratyphi',	'<p>Salmonella paratyphi</p><p>MARCA MONLAB</p>',	NULL,	NULL,	NULL,	NULL,	NULL,	NULL,	1,	NULL,	228,	10,	NULL,	48,	'2019-09-19 22:24:37',	'2021-02-09 07:26:50',	NULL),
(77,	'Salmonella typhi',	'salmonella-typhi',	'<p>&nbsp;Salmonella typhi H&nbsp;&nbsp;&nbsp;&nbsp;&nbsp;&nbsp;&nbsp;&nbsp;&nbsp;&nbsp;&nbsp; / MO-165007 / 1x5 ml</p><p>&nbsp;Salmonella typhi O&nbsp;&nbsp;&nbsp;&nbsp;&nbsp;&nbsp;&nbsp;&nbsp;&nbsp;&nbsp;&nbsp; / MO-165008 / 1x5 ml</p><p>&nbsp;</p><p>MARCA MONLAB</p>',	NULL,	NULL,	NULL,	NULL,	NULL,	NULL,	1,	NULL,	227,	10,	NULL,	48,	'2019-09-19 22:29:37',	'2021-02-09 02:43:52',	NULL),
(78,	'Brucella',	'brucella',	'<p>&nbsp; Brucella&nbsp; abortus&nbsp;&nbsp;&nbsp;&nbsp;&nbsp;&nbsp;&nbsp;&nbsp;&nbsp;&nbsp;&nbsp;&nbsp;&nbsp;&nbsp;&nbsp; / MO-165009 / 1x5 ml</p><p>&nbsp;Brucella&nbsp; melitensis&nbsp;&nbsp;&nbsp;&nbsp;&nbsp;&nbsp;&nbsp;&nbsp;&nbsp;&nbsp;&nbsp; / MO-165010 / 1x5 ml</p><p>&nbsp;</p><p>MARCA MONLAB</p>',	NULL,	NULL,	NULL,	NULL,	NULL,	NULL,	1,	NULL,	250,	10,	NULL,	48,	'2019-09-19 22:31:26',	'2021-02-11 23:28:52',	NULL),
(79,	'Proteus',	'proteus',	'<p>&nbsp;Proteus OX2&nbsp;&nbsp;&nbsp;&nbsp;&nbsp;&nbsp;&nbsp;&nbsp;&nbsp;&nbsp;&nbsp;&nbsp;&nbsp;&nbsp;&nbsp;&nbsp;&nbsp;&nbsp;&nbsp;&nbsp;&nbsp;&nbsp; / MO-165011 / 1x5 ml</p><p>&nbsp;Proteus OX19&nbsp;&nbsp;&nbsp;&nbsp;&nbsp;&nbsp;&nbsp;&nbsp;&nbsp;&nbsp;&nbsp;&nbsp;&nbsp;&nbsp;&nbsp;&nbsp;&nbsp;&nbsp;&nbsp;&nbsp; / MO-165012 / 1x5 ml</p><p>&nbsp;Proteus OXK&nbsp;&nbsp;&nbsp;&nbsp;&nbsp;&nbsp;&nbsp;&nbsp;&nbsp;&nbsp;&nbsp;&nbsp;&nbsp;&nbsp;&nbsp;&nbsp;&nbsp;&nbsp;&nbsp;&nbsp;&nbsp;&nbsp; / MO-165013 / 1x5 ml</p><p>&nbsp;</p><p>MARCA MONLAB</p>',	NULL,	NULL,	NULL,	NULL,	NULL,	NULL,	1,	NULL,	227,	10,	NULL,	48,	'2019-09-19 22:33:08',	'2021-02-11 23:28:57',	NULL),
(80,	'Mononucleosis Latex',	'mononucleosis-latex',	'<p>Mononucleosis Latex &ndash; IM Latex MonlabTest</p><ul><li>T&eacute;cnica aglutinaci&oacute;n en porta (latex) para la detecci&oacute;n cualitativa y semicuantitativa de anticuerpos heterofilos espec&iacute;ficos de la mononucleosis infecciosa en suero humano</li></ul><p>MARCA MONLAB</p>',	NULL,	NULL,	NULL,	NULL,	NULL,	NULL,	1,	NULL,	238,	10,	NULL,	49,	'2019-09-19 22:34:38',	'2021-02-09 02:42:15',	NULL),
(81,	'Streck Cell Preservative™',	'streck-cell-preservative',	'<p>&nbsp;</p><p>Es una soluci&oacute;n formulada para conservar los gl&oacute;bulos blancos en muestras de sangre perif&eacute;rica sin reducir la actividad de los sitios antig&eacute;nicos.&nbsp;</p><p>Las muestras tratadas con Streck Cell Preservative pueden mantenerse durante un m&aacute;ximo de 7 d&iacute;as antes de su procesamiento y an&aacute;lisis por m&eacute;todos de citometr&iacute;a de flujo.</p><p>&nbsp;</p><p><em>Conveniente</em></p><ul><li>Conservante l&iacute;quido para aspirados de m&eacute;dula &oacute;sea, muestras de tejido quir&uacute;rgico, aspirados con aguja fina, sangre perif&eacute;rica y del cord&oacute;n umbilical.</li><li>Disminuci&oacute;n potencial en el costo del personal al reducir las horas extraordinarias / el trabajo durante el fin de semana</li><li>Muestras por lotes para optimizar el flujo de trabajo del laboratorio mientras se mantiene la integridad de la muestra</li><li>Minimizar los retiros / reclasificaciones de pacientes y los costos asociados.</li></ul><p>&nbsp;</p><p><em>Estable</em></p><ul><li>Muestras estables hasta 7 d&iacute;as analizadas por citometr&iacute;a de flujo.</li></ul><p>&nbsp;</p><p><em>Almacenamiento y Transporte</em></p><ul><li>Para sistemas BD Biosciences: El vial de muestra debe mantenerse a temperaturas de 2 &deg;C a 10 &deg;C hasta su uso.</li><li>Para sistemas Beckman Coulter&reg;: El vial de muestra debe mantenerse a temperaturas de 18 &deg;C a 30 &deg;C hasta su uso.&nbsp;</li></ul>',	NULL,	'1568915282-Streck_Cell_Preservative_400PX.jpg',	NULL,	NULL,	NULL,	NULL,	1,	NULL,	204,	13,	NULL,	51,	'2019-09-19 22:48:02',	'2021-02-12 14:26:01',	NULL),
(82,	'Streck Cyto-Chex® BCT',	'streck-cyto-chex-bct',	'<p><br />&nbsp;</p><p>Tubos de Recolecci&oacute;n de Sangre</p><p>Cyto-Chex&reg; BCT est&aacute; indicado para la toma y el almacenamiento de muestras de sangre para la determinaci&oacute;n de inmunofenotipo de gl&oacute;bulos blancos por citometr&iacute;a de flujo</p><p>&nbsp;</p><p>Caracter&iacute;sticas y Beneficios</p><p>Tubo de extracci&oacute;n de sangre de extracci&oacute;n directa para la preservaci&oacute;n de muestras de sangre entera</p><p>Cyto-Chex BCT est&aacute; dise&ntilde;ado para conservar las caracter&iacute;sticas cualitativas y cuantitativas de los subconjuntos de leucocitos de las muestras de sangre perif&eacute;rica.</p><p>La muestras pueden ser mantenidas por 14 d&iacute;as antes del analisis permitiendo as&iacute; el procesamiento en batch.</p><p>&nbsp;</p><p>Estabilidad de las Celulas</p><p>Mantiene la morfolog&iacute;a celular y la expresi&oacute;n del ant&iacute;geno de superficie</p><p>Las muestra s son estables a temperatura ambiente para un conveniente transporte y almacenamiento</p><p>FDA 510(k) lo autoriz&oacute; para La recuperaci&oacute;n de marcadores celulares de subconjuntos de linfocitos del panel del VIH durante los 14 d&iacute;as siguientes a la toma de la muestra.</p><p>&nbsp;</p><p>Costos Eficacia.</p><p>Las muestras recogidas en Cyto-Chex BCT pueden almacenarse a temperatura ambiente durante 14 d&iacute;as antes del an&aacute;lisis, mejorando la eficacia del laboratorio</p><p>Reduce el valioso tiempo de trabajo</p><p>Reduce los costos de la puesta en marcha diaria del Citometro de Flujo.</p>',	NULL,	'1568915385-Cyto-Chex 200 px.jpg',	NULL,	NULL,	NULL,	NULL,	1,	'1576246960-IFU Cyto-Chex_BCT Español.pdf',	245,	13,	NULL,	51,	'2019-09-19 22:49:45',	'2021-02-12 11:30:56',	NULL),
(83,	'Cell Free DNA BCT®',	'cell-free-dna-bct',	'<p><em><strong>Tubos de Recolecci&oacute;n de Sangre</strong></em><br /><br /><br />Cell-Free DNA BCT&reg; es un tubo de recolecci&oacute;n de sangre entera por obtenci&oacute;n&nbsp;directa indicado para la recolecci&oacute;n, transporte y almacenamiento</p><p>&nbsp;</p><p>El tubo Cell-Free DNA BCT CE contiene un reactivo conservante que estabiliza las&nbsp;c&eacute;lulas sangu&iacute;neas nucleadas e impide la liberaci&oacute;n del ADN gen&oacute;mico celular;&nbsp;adem&aacute;s inhibe la degradaci&oacute;n por nucleasas del ADN libre, lo que contribuye a la<br />estabilizaci&oacute;n general del mismo.</p><p>&nbsp;</p><p><em>M&uacute;ltiples aplicaciones</em><br />Recuperar c&eacute;lulas libres de ADN de alta calidad adecuada para una amplia&nbsp;gama de aplicaciones comunmente usadas en estudios de investigaci&oacute;n&nbsp;cl&iacute;nica, descubrimiento de drogas y desarrollo de ensayo de diagn&oacute;stico.</p><p>&nbsp;</p><p><em>Resultados consistentes</em><br />Mayor estabilidad y recuperaci&oacute;n del ADN plasm&aacute;tico libre de c&eacute;lulas minimiza&nbsp;la variabilidad asociada con la preparaci&oacute;n de muestras de ADN sin c&eacute;lulas.</p>',	NULL,	'1568915903-Cell-Free-DNA 200px.jpg',	NULL,	NULL,	NULL,	NULL,	1,	NULL,	241,	13,	NULL,	52,	'2019-09-19 22:58:23',	'2021-02-09 02:39:00',	NULL),
(84,	'Anti Receptor TSH RQ9174',	'anti-receptor-tsh-rq9174',	'<ul><li>Tama&ntilde;o del kit: 12 muestras anuales&nbsp;</li><li>Presentaci&oacute;n: 12 x 1 ml</li><li>Frecuencia: Mensual</li><li>N&uacute;meros de Par&aacute;metros: 1</li><li>Inicia en Marzo</li></ul><p>&nbsp;</p><p><em>Par&aacute;metros&nbsp;</em></p><p>Anti Receptor TSH (TRAb)</p><p>&nbsp;</p>',	NULL,	NULL,	NULL,	NULL,	NULL,	NULL,	1,	NULL,	194,	7,	NULL,	45,	'2019-09-19 23:01:54',	'2021-02-09 07:29:07',	NULL),
(85,	'BNP RQ9165/RQ9165/a',	'bnp-rq9165rq9165a',	'<ul><li>Tama&ntilde;o del kit:&nbsp;12 muestras anuales</li><li>Presentaci&oacute;n: 12 x 1 ml</li><li>Frecuencia: Mensual</li><li>N&uacute;meros de Par&aacute;metros: 1</li><li>Inicia en Enero</li><li>RQ9165/a: RQ9136/a + BNP</li></ul><p>&nbsp;</p><p><em>Par&aacute;metros</em></p><ul><li>BNP</li></ul><p>&nbsp;</p>',	NULL,	NULL,	NULL,	NULL,	NULL,	NULL,	1,	NULL,	174,	7,	NULL,	45,	'2019-09-19 23:03:56',	'2021-02-09 02:40:18',	NULL),
(86,	'Liquido Cefaloraquideo RQ9168',	'liquido-cefaloraquideo-rq9168',	'<ul><li>Tama&ntilde;o del kit: 12 muestras anuales&nbsp;</li><li>Presentaci&oacute;n: 12 x 3 ml</li><li>Frecuencia: Mensual</li><li>N&uacute;meros de Par&aacute;metros: 11</li><li>Inicia en Marzo</li></ul><p>&nbsp;</p><p><em>Par&aacute;metros</em></p><ul><li>Albumina (conc)</li><li>Albumina (electroforesis)</li><li>Alfa1 globulina (electroforesis)</li><li>Alfa 2 globulina (electroforesis)</li><li>Gama-globulina (electroforesis)</li><li>Cloro</li><li>Glucosa</li><li>Lactato</li><li>Prote&iacute;nas totales</li><li>Sodio</li></ul>',	NULL,	NULL,	NULL,	NULL,	NULL,	NULL,	1,	NULL,	192,	7,	NULL,	45,	'2019-09-19 23:05:30',	'2021-02-09 07:35:31',	NULL),
(87,	'CYFRA 21-1 RQ9175',	'cyfra-21-1-rq9175',	'<ul><li>Tama&ntilde;o del kit:&nbsp;12 muestras anuales</li><li>Presentaci&oacute;n: 12 x 1 ml</li><li>Frecuencia: Mensual</li><li>N&uacute;meros de Par&aacute;metros: 1</li><li>Inicia en Marzo</li></ul><p>&nbsp;</p><p>Par&aacute;metros</p><p>CYFRA 21-1 (citoqueratina 19)</p>',	NULL,	NULL,	NULL,	NULL,	NULL,	NULL,	1,	NULL,	201,	7,	NULL,	45,	'2019-09-19 23:06:38',	'2021-02-09 02:40:49',	NULL),
(88,	'Inmunosupresores  RQ9159',	'inmunosupresores-rq9159',	'<ul><li>Tama&ntilde;o del kit: 12 muestras anuales&nbsp;</li><li>Presentaci&oacute;n: 12 x 2 ml</li><li>Frecuencia: Mensual</li><li>N&uacute;meros de Par&aacute;metros: 4</li><li>Inicia en Marzo</li></ul><p><em>Par&aacute;metros</em></p><ul><li>Ciclosporina</li><li>Everolimus</li><li>Sirolimus</li><li>Tacrolimus</li></ul>',	NULL,	NULL,	NULL,	NULL,	NULL,	NULL,	1,	NULL,	164,	7,	NULL,	45,	'2019-09-19 23:08:55',	'2021-02-09 07:27:15',	NULL),
(89,	'Test de Sudor  RQ9173',	'test-de-sudor-rq9173',	'<ul><li>Tama&ntilde;o del kit:&nbsp;12 muestras anuales</li><li>Presentaci&oacute;n: 12 x 2 ml</li><li>Frecuencia: Mensual</li><li>N&uacute;meros de Par&aacute;metros: 3</li><li>Inicia en Marzo</li></ul><p>&nbsp;</p><p><em>Par&aacute;metros</em></p><ul><li>Cloro</li><li>Sodio</li><li>Conductividad</li></ul>',	NULL,	NULL,	NULL,	NULL,	NULL,	NULL,	1,	NULL,	206,	7,	NULL,	45,	'2019-09-19 23:10:52',	'2021-02-09 02:46:32',	NULL),
(90,	'Trazas de elementos en sangre  RQ9172',	'trazas-de-elementos-en-sangre-rq9172',	'<ul><li>Tama&ntilde;o del kit: 12 muestras anuales&nbsp;</li><li>Presentaci&oacute;n: 12 x 3 ml</li><li>Frecuencia: Mensual</li><li>N&uacute;meros de Par&aacute;metros: 7</li><li>Inicia en Marzo</li></ul><p>&nbsp;</p><p><em>Par&aacute;metros</em></p><p>&nbsp;</p><ul><li>Cobre</li><li>Magnesio</li><li>Zinc</li><li>Manganeso</li><li>Selenio</li><li>Iodo</li><li>Plomo</li></ul>',	NULL,	NULL,	NULL,	NULL,	NULL,	NULL,	1,	NULL,	216,	7,	NULL,	45,	'2019-09-19 23:13:16',	'2021-02-09 07:44:24',	NULL),
(91,	'Trazas de elementos en suero  RQ9170',	'trazas-de-elementos-en-suero-rq9170',	'<ul><li>Tama&ntilde;o del kit:&nbsp;12 muestras anuales</li><li>Presentaci&oacute;n: 12 x 3 ml</li><li>Frecuencia: Mensual</li><li>N&uacute;meros de Par&aacute;metros: 10</li><li>Inicia en Marzo</li></ul><p>Par&aacute;metros</p><ul><li>Aluminio</li><li>Cromo</li><li>Cobalto</li><li>Cobre</li><li>Iodo</li><li>Plomo</li><li>Manganeso</li><li>Niquel</li><li>Selenio</li><li>Zinc</li></ul>',	NULL,	NULL,	NULL,	NULL,	NULL,	NULL,	1,	NULL,	189,	7,	NULL,	45,	'2019-09-19 23:26:44',	'2021-02-09 07:43:45',	NULL),
(92,	'Trazas de elementos en orina  RQ9171',	'trazas-de-elementos-en-orina-rq9171',	'<ul><li>Tama&ntilde;o del kit: 12 muestras anuales&nbsp;</li><li>Presentaci&oacute;n: 12 x 3 ml</li><li>Frecuencia: Mensual</li><li>N&uacute;meros de Par&aacute;metros: 11</li><li>Inicia en Marzo</li></ul><p>&nbsp;</p><p>Par&aacute;metros</p><ul><li>Cadmio</li><li>Cromo</li><li>Cobalto</li><li>Cobre</li><li>Iodo</li><li>Plomo</li><li>Magnesio</li><li>Manganeso</li><li>Molibdeno</li><li>Niquel</li><li>Talio</li></ul><p>&nbsp;</p>',	NULL,	NULL,	NULL,	NULL,	NULL,	NULL,	1,	NULL,	186,	7,	NULL,	45,	'2019-09-19 23:27:58',	'2021-02-09 07:43:28',	NULL),
(93,	'Lípidos RQ9126a/b',	'lipidos-rq9126ab',	'<ul><li>Tama&ntilde;o del kit 12x3 ml</li><li>Frecuencia Quincenal</li><li>Flexibilidad:</li><li>RQ9126/a: 3 parametros de 7 totales</li><li>RQ9126/b: full 7 par&aacute;metros</li><li>Inicia en Enero / Julio</li></ul><p>&nbsp;</p><p>Par&aacute;metros</p><ul><li>Apolipoprote&iacute;na A1</li><li>Apolipoprote&iacute;na B</li><li>Colesterol Total</li><li>Colesterol HDL</li><li>Colesterol LDL</li><li>Trigliceridos</li><li>Lipoprote&iacute;na a (Piloto)</li></ul><p>&nbsp;</p>',	NULL,	NULL,	NULL,	NULL,	NULL,	NULL,	1,	NULL,	224,	7,	NULL,	45,	'2019-09-19 23:31:50',	'2021-02-13 00:05:47',	NULL),
(94,	'Orina Humana RQ9115',	'orina-humana-rq9115',	'<ul><li>Tama&ntilde;o del kit: 24 x 10 ml</li><li>Frecuencia: Quincenal</li><li>Inicia en Enero/ Julio</li></ul><p>&nbsp;</p><p><em>Par&aacute;metros</em></p><ul><li>Norepinefrina</li><li>Normetanefrina</li><li>Osmolalidad</li><li>Oxalato</li><li>Alb&uacute;mina</li><li>Potasio</li><li>Prote&iacute;na Total</li><li>Sodio</li><li>Urea</li><li>Acido Urico</li><li>VMA</li><li>F&oacute;sforo Inorg&aacute;nico</li><li>Amilasa</li><li>Calcio</li><li>Cloro</li><li>Cobre</li><li>Cortisol</li><li>Creatinina</li><li>Dopamina</li><li>Epinefrina</li><li>Glucosa</li><li>Magnesio</li><li>Metanefrina</li><li>5-HIAA</li></ul>',	NULL,	NULL,	NULL,	NULL,	NULL,	NULL,	1,	NULL,	209,	7,	NULL,	45,	'2019-09-19 23:35:06',	'2021-02-12 19:58:31',	NULL),
(95,	'Inmunoensayos RQ9125a/b/c  RQ9130',	'inmunoensayos-rq9125abc-rq9130',	'<ul><li>Tama&ntilde;o del kit 24 x5 ml</li><li>Flexibilidad</li><li>RQ9125a: 4 par&aacute;metros de 53 totales</li><li>RQ9125b: 13 par&aacute;metros de 53 totales</li><li>RQ9125c: full 53 par&aacute;metros.</li><li>RQ9130: full 53 par&aacute;metros. Mensual</li><li>Inicia en Enero/Julio</li></ul><p>&nbsp;</p><p>Par&aacute;metros</p><ul><li>ACTH</li><li>AFP</li><li>Aldosterona</li><li>Androstenoidona*</li><li>Beta- 2 Microglobulina</li><li>CA 125</li><li>CA 15-3</li><li>CA 19-9</li><li>Carbamazepina</li><li>CEA</li><li>Cortisol</li><li>DHEA-S</li><li>DHEA no conjugado</li><li>Estriol total*</li><li>Etosuximida*</li><li>Ferritina</li><li>Folato</li><li>FSH</li><li>Fenobarbital</li><li>GH</li><li>IgE</li><li>17-OH Progesterona</li><li>P&eacute;ptido C</li><li>T3 Libre</li><li>T4 Libre</li><li>1-25 OH Vitamina D*</li><li>25 OH Vitamina D</li><li>Vitamina B12</li><li>Insulina</li><li>LH</li><li>Estradiol</li><li>PTH</li><li>Fenitoina</li><li>Amicacina*</li><li>Progesterona</li><li>Prolactina</li><li>PSA</li><li>PSA Libre</li><li>hCG</li><li>T3</li><li>T4</li><li>Testosterona</li><li>Teofilina</li><li>Tiroglobulina</li><li>TSH</li><li>Acido Valproico</li><li>SHBG</li><li>Gentamicina</li><li>Paracetamol (Piloto)</li><li>Salicilato*</li><li>Testosterona Libre*</li><li>Tobramicina*</li><li>Vancomicina*</li><li>Pirimidona*</li></ul><p>&nbsp;</p><p>&nbsp;</p><p>*Piloto</p>',	NULL,	NULL,	NULL,	NULL,	NULL,	NULL,	1,	NULL,	201,	7,	NULL,	45,	'2019-09-20 01:00:19',	'2021-02-13 00:05:37',	NULL),
(96,	'Coagulación RQ9135/a/b',	'coagulacion-rq9135ab',	'<ul><li>Tama&ntilde;o del kit 12 x 1 ml</li><li>Frecuencia: Mensual</li><li>Flexibilidad</li><li>RQ 9135/a, 5 par&aacute;metros</li><li>RQ 9135/b, full 16 par&aacute;metros</li><li>Inicia en Enero</li></ul><p>&nbsp;</p><p><strong>Par&aacute;metros</strong></p><p><em>Rutina</em></p><ul><li>Antitrombina III</li><li>aPTT</li><li>Fibrinogeno</li><li>PT (incluye RIN)</li><li>TT</li></ul><p>&nbsp;</p><p>Totales</p><ul><li>Antitrombina III</li><li>aPTT</li><li>Fibrinogeno</li><li>PT (incluye RIN)</li><li>TT</li><li>Factor II</li><li>Factor V</li><li>Factor VII</li><li>Factor VIII</li><li>Factor IX</li><li>Factor X</li><li>Factor XI</li><li>Factor XII</li><li>Prote&iacute;na C</li><li>Prote&iacute;na S</li><li>Plasminogeno</li></ul>',	NULL,	NULL,	NULL,	NULL,	NULL,	NULL,	1,	NULL,	214,	7,	NULL,	45,	'2019-09-20 01:03:02',	'2021-02-09 02:46:20',	NULL),
(97,	'Hematología RQ9118',	'hematologia-rq9118',	'<ul><li>Tama&ntilde;o del kit: 6x2ml</li><li>Frecuencia: Quincenal</li><li>Inicia en Marzo / Septiembre</li></ul><p>&nbsp;</p><p>Par&aacute;metros</p><ul><li>Hemoglobina (Hb)</li><li>Hematocrito (HCT)</li><li>Vol. Corpuscular Medio (MCV)</li><li>Hemoglobina Corpuscular Media (MCH)</li><li>Vol. Plaquetario Medio (Piloto)</li><li>Concentraci&oacute;n de Hemoglobina Corpuscular Media (MCHC)</li><li>Plaquetas (PLT)</li><li>Recuento de Hemat&iacute;es (RBC)</li><li>Recuento de Globulos Blancos (WBC)</li><li>Vol. de Cel. empaquetadas (Piloto)</li><li>Vol.&nbsp;de Distribuci&oacute;n de Globulos Rojos SD (Piloto)</li><li>Vol.&nbsp;de Distribuci&oacute;n de Globulos Rojos CV (Piloto)</li></ul><p>&nbsp;</p>',	NULL,	NULL,	NULL,	NULL,	NULL,	NULL,	1,	NULL,	223,	7,	NULL,	45,	'2019-09-20 01:05:35',	'2021-02-09 02:42:38',	NULL),
(98,	'Hemoglobina Glicosilada RQ9129',	'hemoglobina-glicosilada-rq9129',	'<p>&nbsp;</p><ul><li>Tama&ntilde;o del kit:: 12 x 0,5 ml</li><li>Frecuencia Mensual</li><li>Inicia en Enero</li></ul><p>&nbsp;</p><p>Par&aacute;metros</p><ul><li>HbA1c</li></ul>',	NULL,	NULL,	NULL,	NULL,	NULL,	NULL,	1,	NULL,	188,	7,	NULL,	45,	'2019-09-20 17:33:43',	'2021-02-09 07:36:51',	NULL),
(99,	'Cardíaco Líquido RQ9136',	'cardiaco-liquido-rq9136',	'<p>&nbsp;</p><ul><li>Tama&ntilde;o del kit: 12 x 3 ml</li><li>Frecuencia: Mensual</li><li>Inicia en Enero</li></ul><p>&nbsp;</p><p>Par&aacute;metros</p><ul><li>BNP</li><li>CK-MB Masa</li><li>Digoxina</li><li>Homociste&iacute;na</li><li>hsCRP</li><li>Mioglobina</li><li>NT-proBNP</li><li>Troponina I</li><li>Troponina T</li><li>Dimero D (Piloto)</li></ul>',	NULL,	NULL,	NULL,	NULL,	NULL,	NULL,	1,	NULL,	209,	7,	NULL,	45,	'2019-09-20 17:35:03',	'2021-02-10 01:12:07',	'2021-02-10 01:12:07'),
(100,	'Screening Maternal RQ9137',	'screening-maternal-rq9137',	'<p>&nbsp;</p><ul><li>Tama&ntilde;o del kit: 12 x 1 ml</li><li>Frecuencia: Mensual</li><li>Inicia en Enero</li></ul><p>&nbsp;</p><p>Par&aacute;metros</p><ul><li>AFP</li><li>hCG, Beta Libre</li><li>hCG Total</li><li>Inhibidor A</li><li>PAPP-A</li><li>Estriol no conjugado</li></ul>',	NULL,	NULL,	NULL,	NULL,	NULL,	NULL,	1,	NULL,	213,	7,	NULL,	45,	'2019-09-20 17:37:38',	'2021-02-09 07:29:55',	NULL),
(101,	'Proteínas Específicas RQ9114',	'proteinas-especificas-rq9114',	'<p>&nbsp;</p><ul><li>Tama&ntilde;o del kit 9114: 12 x 3 ml</li><li>Frecuencia: Quincenal</li><li>Inicia en Marzo / Septiembre</li></ul><p>Par&aacute;metros</p><ul><li>AFP</li><li>Albumina</li><li>Prote&iacute;na C Reactiva</li><li>Factor Reumatoideo</li><li>Anti estreptolisina O</li><li>Prealbumina</li><li>Antitrombina III</li><li>Ceruloplasmina</li><li>Complemento C3</li><li>Complemento C4</li><li>Beta-2Microglobulina</li><li>Alfa 1-glicoprote&iacute;na &aacute;cida</li><li>Alfa 1-antitripsina</li><li>Haptoglobina</li><li>Inmunoglobulina A</li><li>Inmunoglobulina E</li><li>Inmunoglobulina G</li><li>Inmunoglobulina M</li><li>Transferrina</li><li>Ferritina</li><li>Cadenas Liv. Kappa libre</li><li>Cadenas Liv. Kappa total</li><li>Cadenas Liv.&nbsp;Lambda libre</li><li>Cadenas Liv. Lambda total</li><li>Alfa 2-macroglobulina</li><li>Prote&iacute;nas ligadoras de retinol</li></ul>',	NULL,	NULL,	NULL,	NULL,	NULL,	NULL,	1,	NULL,	222,	7,	NULL,	45,	'2019-09-20 17:41:32',	'2021-02-10 01:15:04',	NULL),
(102,	'Drogas Terapéuticas RQ9111',	'drogas-terapeuticas-rq9111',	'<ul><li>Tama&ntilde;o del kit: 12 x 5 ml</li><li>Frecuencia: Quincenal</li><li>Inicia en Marzo / Septiembre</li></ul><p>&nbsp;</p><p>Par&aacute;metros</p><ul><li>Amicacina</li><li>Cafe&iacute;na</li><li>Carbamazepina</li><li>Ciclosporina</li><li>Digoxina</li><li>Etosuximida</li><li>Gentamicina</li><li>Litio</li><li>Metotrexate</li><li>Paracetamol</li><li>Fenobarbital</li><li>Fenitoina</li><li>Pirimidona</li><li>Ac. Salicilico</li><li>Teofilina</li><li>Tobramicina</li><li>Ac. Valproico</li><li>Vancomicina</li></ul>',	NULL,	NULL,	NULL,	NULL,	NULL,	NULL,	1,	NULL,	218,	7,	NULL,	45,	'2019-09-20 17:44:25',	'2021-02-09 07:31:37',	NULL),
(103,	'Urianálisis RQ9138',	'urianalisis-rq9138',	'<ul><li>Tama&ntilde;o del kit: 6 x 12 ml</li><li>Frecuencia: Bimensual</li><li>Inicia en Enero</li></ul><p>&nbsp;</p><p>Par&aacute;metros</p><ul><li>Alb&uacute;mina</li><li>Bilirrubina</li><li>Sangre</li><li>Creatinina</li><li>Galactosa</li><li>Glucosa</li><li>hCG</li><li>Cetonas</li><li>Leucocitos</li><li>Nitritos</li><li>pH</li><li>Prote&iacute;nas</li><li>Densidad</li><li>Urobilinogeno</li></ul>',	NULL,	NULL,	NULL,	NULL,	NULL,	NULL,	1,	NULL,	209,	7,	NULL,	45,	'2019-09-20 17:47:00',	'2021-02-09 02:42:47',	NULL),
(104,	'Tóxicos en Orina RQ9139',	'toxicos-en-orina-rq9139',	'<ul><li>Tama&ntilde;o del kit: 12 x 5 ml</li><li>Frecuencia: Mensual</li><li>Inicia en Enero</li></ul><p>&nbsp;</p><p>Par&aacute;metros</p><p><em><strong>Anfetaminas</strong></em></p><ul><li>d-Anfetamina</li><li>d-Metanfetamina</li></ul><p><em><strong>Barbit&uacute;ricos</strong></em></p><ul><li>Fenobarbital</li><li>Secobarbital</li></ul><p><em><strong>Benzodiacepinas</strong></em></p><ul><li>Lorazepam</li><li>Oxazepam</li></ul><p><em><strong>Canabinoides</strong></em></p><ul><li>11-nor-D-9-THC-9</li><li>COOH</li></ul><p><em><strong>Coca&iacute;na</strong></em></p><ul><li>Benzoilecgonina</li><li>Creatinina (como</li><li>test de anti-interferencia)</li></ul><p><em><strong>Opi&aacute;ceos</strong></em></p><ul><li>Buprenorfina</li><li>Morfina libre</li></ul><p><em><strong>Propoxifeno</strong></em></p><ul><li>Norprpoxifeno</li></ul><p><strong>Gr TCA</strong></p><ul><li>Nortriptilina</li></ul><p><em><strong>Otros par&aacute;metros</strong></em></p><ul><li>LSD</li><li>EDDP</li><li>Metadona</li><li>Fenciclidina</li><li>Etanol</li><li>&nbsp;</li></ul>',	NULL,	NULL,	NULL,	NULL,	NULL,	NULL,	1,	NULL,	191,	7,	NULL,	45,	'2019-09-20 17:49:33',	'2021-02-09 07:27:54',	NULL),
(105,	'Gases en Sangre RQ9134',	'gases-en-sangre-rq9134',	'<p>&nbsp;</p><ul><li>Tama&ntilde;o del kit: 12 x 1,8 ml</li><li>Frecuencia: Mensual</li><li>Inicia en Enero</li></ul><p>&nbsp;</p><p>Par&aacute;metros</p><ul><li>Calcio I&oacute;nico</li><li>Cloro</li><li>Sodio</li><li>Potasio</li><li>Lactato</li><li>pCO2</li><li>pH</li><li>pO2</li><li>tCO2</li><li>Glucosa</li></ul>',	NULL,	NULL,	NULL,	NULL,	NULL,	NULL,	1,	NULL,	207,	7,	NULL,	45,	'2019-09-20 18:32:23',	'2021-02-09 07:25:00',	NULL),
(106,	'Cardíaco RQ9127/a/b',	'cardiaco-rq9127ab',	'<ul><li>Tama&ntilde;o del kit: 12 x 1,0 ml</li><li>Flexibilidad</li><li>RQ9127a, 2 par&aacute;metros de un total de 7</li><li>RQ9127b, full 7 par&aacute;metros</li><li>Frecuencia: Quincenal</li><li>Inicia en Marzo / Septiembre</li></ul><p>&nbsp;</p><p>Par&aacute;metros</p><ul><li>CK Total</li><li>CK-MB Actividad</li><li>CK-MB Masa</li><li>Homociste&iacute;na</li><li>Mioglobina</li><li>Troponina I</li><li>Troponina T</li><li>&nbsp;</li></ul>',	NULL,	NULL,	NULL,	NULL,	NULL,	NULL,	1,	NULL,	210,	7,	NULL,	45,	'2019-09-20 18:33:46',	'2021-02-09 02:40:35',	NULL),
(107,	'Química Clínica RQ9112/c',	'quimica-clinica-rq9112c',	'<ul><li>Tama&ntilde;o del kit: 13 x 5 ml</li><li>Frecuencia Quincenal</li><li>Inicia en Marzo / Septiembre</li></ul><p>&nbsp;</p><p>Par&aacute;metros</p><ul><li>Fosfatasa Ac. Prost&aacute;tica</li><li>Fosfatasa Ac. Total</li><li>Albumina</li><li>ALP</li><li>ALT (ALAT)</li><li>Amilasa Pancre&aacute;tica</li><li>Amilasa Total</li><li>AST</li><li>Bicarbonato</li><li>Ac. Biliares</li><li>Bilirrubina directa</li><li>Bilirrubina total</li><li>Calcio I&oacute;nico</li><li>Calcio Total</li><li>Cloro*</li><li>Colinesterasa (Piloto)</li><li>Colesterol*</li><li>CK Total*</li><li>Cobre</li><li>Creatinina*</li><li>NEFA (Piloto)</li><li>T3 Libre</li><li>T4 Libre</li><li>Gamma GT</li><li>D-3-Hidroxibutirato</li><li>GLDH</li><li>Glucosa*</li><li>HBDH</li><li>HDL-Colesterol</li><li>Hierro</li><li>LAP (Piloto)</li><li>Lactato (Piloto)</li><li>LD (LDH)</li><li>Lipasa</li><li>Litio*</li><li>Magnesio*</li><li>Osmolalidad</li><li>Fosforo</li><li>Potasio*</li><li>Prote&iacute;nas Totales*</li><li>PSA</li><li>Sodio*</li><li>TIBC</li><li>T3 Total</li><li>T4 Total</li><li>Trigliceridos*</li><li>TSH</li><li>Urea</li><li>Acido Urico*</li><li>Zinc</li></ul><p>&nbsp;</p><p>&nbsp;</p><p>*Metodos con valores de referencia</p>',	NULL,	NULL,	NULL,	NULL,	NULL,	NULL,	1,	NULL,	211,	7,	NULL,	45,	'2019-09-20 18:36:02',	'2021-02-09 07:27:33',	NULL),
(108,	'Inmunoensayos Especial 1 RQ9141',	'inmunoensayos-especial-1-rq9141',	'<p>&nbsp;</p><ul><li>Tama&ntilde;o del kit: 12 x 2 ml</li><li>Frecuencia: Mensual</li><li>Inicia en Enero</li></ul><p>Par&aacute;metros</p><ul><li>Anti Tg</li><li>Anti TPO</li><li>P&eacute;ptido C</li><li>IGF-1</li><li>Insulina</li><li>Osteocalcina</li><li>Procalcitonina</li><li>PTH</li><li>1-25-(OH) 2 Vitamina D</li><li>25-OH-Vitamina D</li></ul>',	NULL,	NULL,	NULL,	NULL,	NULL,	NULL,	1,	NULL,	201,	7,	NULL,	45,	'2019-09-20 18:37:42',	'2021-02-09 07:37:56',	NULL),
(109,	'Inmunoensayos Especial 2  RQ9142',	'inmunoensayos-especial-2-rq9142',	'<ul><li>Tama&ntilde;o del kit: 12 x 1 ml</li><li>Frecuencia: Mensual</li><li>Inicia en Enero</li></ul><p>Par&aacute;metros</p><ul><li>Calcitonina</li><li>Gastrina</li><li>Procalcitonina</li><li>Actividad de Renina Plasm&aacute;tica</li><li>Concentraci&oacute;n directa de Renina</li></ul>',	NULL,	NULL,	NULL,	NULL,	NULL,	NULL,	1,	NULL,	194,	7,	NULL,	45,	'2019-09-20 18:49:06',	'2021-02-09 07:38:09',	NULL),
(110,	'Virus Epstein Barr (EBV)  RQ9153',	'virus-epstein-barr-ebv-rq9153',	'<ul><li>Presentaci&oacute;n: 12&nbsp;x 1 ml</li><li>Frecuencia Mensual</li><li>Duraci&oacute;n del ciclo: 12 meses (desde marzo 2012)</li><li>Numero de par&aacute;metros 2&nbsp;</li><li>Inicia en Junio</li></ul><p>&nbsp;</p><p>Par&aacute;metros</p><ul><li>Anti-EBV VCA IgM</li><li>Anti-EBV VCA IgG</li><li>Anti-EBNA IgG</li></ul>',	NULL,	NULL,	NULL,	NULL,	NULL,	NULL,	1,	NULL,	207,	7,	NULL,	45,	'2019-09-20 18:50:14',	'2021-02-13 00:06:16',	NULL),
(111,	'HIV/Hepatitis RQ9151',	'hivhepatitis-rq9151',	'<ul><li>Presentaci&oacute;n: 24&nbsp;x 2 ml</li><li>Frecuencia: Quincenal</li><li>Duraci&oacute;n del Ciclo: 12 meses</li><li>N&uacute;meros de Par&aacute;metros: 10</li><li>Inicia en Junio</li></ul><p>&nbsp;</p><p>Par&aacute;metros</p><p>&nbsp;</p><ul><li>Anti-CMV Total</li><li>Anti-HBc</li><li>Anti-HBsAg</li><li>Anti-HCV</li><li>Anti-HIV 1</li><li>Anti-HIV 2</li><li>Anti-HIV 1+2 Combi</li><li>Anti-HTLV I</li><li>Anti-HTLV II</li><li>Anti-HTLV I+II Combi</li></ul>',	NULL,	NULL,	NULL,	NULL,	NULL,	NULL,	1,	NULL,	217,	7,	NULL,	45,	'2019-09-20 18:51:24',	'2021-02-13 00:01:03',	NULL),
(112,	'Sífilis RQ9154',	'sifilis-rq9154',	'<ul><li>Presentaci&oacute;n: 12&nbsp;x&nbsp;1 ml</li><li>Frecuencia: Mensual</li><li>Duraci&oacute;n del Ciclo: 12 meses</li><li>N&uacute;meros de Par&aacute;metros:1</li><li>Inicia en Junio</li></ul><p>&nbsp;</p><p>Par&aacute;metros</p><ul><li>S&iacute;filis</li></ul><p>(M&eacute;todos disponibles incluyen RPR, VDRL y TPHA)</p><p>&nbsp;</p>',	NULL,	NULL,	NULL,	NULL,	NULL,	NULL,	1,	NULL,	197,	7,	NULL,	45,	'2019-09-20 18:52:32',	'2021-02-13 00:02:24',	NULL),
(113,	'ToRCH RQ9152',	'torch-rq9152',	'<ul><li>Presentaci&oacute;n: 24&nbsp;x&nbsp;1 ml</li><li>Frecuencia: Quincenal</li><li>Duraci&oacute;n del Ciclo: 12 meses</li><li>N&uacute;meros de Par&aacute;metros: 12</li><li>Inicia en Junio</li></ul><p>&nbsp;</p><p>Par&aacute;metros</p><p>&nbsp;</p><ul><li>Anti-CMV IgG</li><li>Anti-CMV IgM</li><li>Anti-HSV 1 IgG</li><li>Anti-HSV&nbsp;2 IgG</li><li>Anti-HSV 1+2 IgG Combi</li><li>Anti-HSV 1 IgM</li><li>Anti-HSV&nbsp;2 IgM</li><li>Anti-HSV 1+2 IgM Combi</li><li>Anti-Rubeola IgG</li><li>Anti-Rubeola IgM</li><li>Anti-Toxoplasma IgG</li><li>Anti-Toxoplasma IgM</li></ul>',	NULL,	NULL,	NULL,	NULL,	NULL,	NULL,	1,	NULL,	196,	7,	NULL,	45,	'2019-09-20 18:53:52',	'2021-02-13 00:03:10',	NULL),
(114,	'Amonio/Etanol RQ9164',	'amonioetanol-rq9164',	'<ul><li>Tama&ntilde;o del kit: 12 muestras anuales en 2 env&iacute;os</li><li>Presentaci&oacute;n: 12 x 2 ml</li><li>Frecuencia: Mensual</li><li>Duraci&oacute;n del Ciclo: 12 meses</li><li>N&uacute;meros de Par&aacute;metros: 2</li><li>Inicia en Septiembre</li></ul><p>&nbsp;</p><p>Par&aacute;metros</p><ul><li>Amonio</li><li>Etanol</li></ul>',	NULL,	NULL,	NULL,	NULL,	NULL,	NULL,	1,	NULL,	221,	7,	NULL,	45,	'2019-09-20 18:55:03',	'2021-02-09 02:44:14',	NULL),
(115,	'Eritrosedimentación RQ9163',	'eritrosedimentacion-rq9163',	'<ul><li>Tama&ntilde;o del kit:&nbsp;12 muestras anuales</li><li>Presentaci&oacute;n: 12 x 4.5 ml</li><li>Frecuencia: Mensual</li><li>Duraci&oacute;n del Ciclo: 12 meses</li><li>N&uacute;meros de Par&aacute;metros:1</li><li>Inicia en marzo</li></ul><p>&nbsp;</p><p>Par&aacute;metros</p><ul><li>Eritrosedimentaci&oacute;n</li></ul>',	NULL,	NULL,	NULL,	NULL,	NULL,	NULL,	1,	NULL,	179,	7,	NULL,	45,	'2019-09-20 18:56:05',	'2021-02-09 07:31:51',	NULL),
(116,	'Calibradores Acusera',	'calibradores-acusera',	'<p><em><strong>ASO &nbsp;&nbsp; </strong></em>&nbsp;</p><ul><li>5 x 1 ml&nbsp;&nbsp; &nbsp;Liquido listo para usar&nbsp;&nbsp; &nbsp;LO2306&nbsp;&nbsp; &nbsp;caducidad 2-8&ordm;C</li></ul><p><em><strong>Beta 2 Microalb&uacute;mina&nbsp;</strong></em>&nbsp; &nbsp;</p><ul><li>3 x 1 ml&nbsp;&nbsp; &nbsp;Liofilizado&nbsp;&nbsp; &nbsp;BM1362&nbsp;&nbsp; &nbsp;3 Meses a -20&ordm;C</li></ul><p><em><strong>Calibrador Nivel 2 1320UN &nbsp;- &nbsp;1242UN&nbsp;&nbsp;</strong></em> &nbsp;</p><ul><li>20 x 5 ml&nbsp;&nbsp; &nbsp;Liofilizado&nbsp;&nbsp; &nbsp;CAL 2350&nbsp;&nbsp; &nbsp;30 d&iacute;as a -20&ordm;C</li></ul><p><em><strong>Calibrador Nivel 2 1320UN &nbsp;- &nbsp;1242UN&nbsp;&nbsp; &nbsp;</strong></em></p><ul><li>1 x 5 ml&nbsp;&nbsp; &nbsp;Liofilizado&nbsp;&nbsp; &nbsp;CAL 2350&nbsp;&nbsp; &nbsp;30 d&iacute;as a -20&ordm;C</li></ul><p><em><strong>Calibrador nivel 3 &nbsp;995UE &nbsp;- &nbsp;961UE&nbsp;</strong></em>&nbsp; &nbsp;</p><ul><li>20 x 5 ml&nbsp;&nbsp; &nbsp;Liofilizado&nbsp;&nbsp; &nbsp;CAL 2351&nbsp;&nbsp; &nbsp;30 d&iacute;as a -20&ordm;C</li></ul><p><em><strong>Calibrador nivel 3 &nbsp;995UE &nbsp;- &nbsp;961UE&nbsp;&nbsp; &nbsp;</strong></em></p><ul><li>1 x 5 ml&nbsp;&nbsp; &nbsp;Liofilizado&nbsp;&nbsp; &nbsp;CAL 2351&nbsp;&nbsp; &nbsp;30 d&iacute;as a -20&ordm;C</li></ul><p><em><strong>Aldolasa Calibrador&nbsp;&nbsp; </strong></em>&nbsp;</p><ul><li>3 x 1 ml&nbsp;&nbsp; &nbsp;Liofilizado&nbsp;&nbsp; &nbsp;AD5000&nbsp;&nbsp; &nbsp;5 d&iacute;as a 2-8&ordm;C</li></ul><p><em><strong>Cistatina C&nbsp;&nbsp; &nbsp;</strong></em></p><ul><li>5 x 2 ml&nbsp;&nbsp; &nbsp;L&iacute;quido listo para usar&nbsp;&nbsp; &nbsp;CYS2699</li></ul><p><em><strong>HbA 1c &nbsp;Calibrador&nbsp;&nbsp; &nbsp;</strong></em></p><ul><li>1 x 8 ml/5 x 2 ml&nbsp;&nbsp; &nbsp;Liofilizado&nbsp;&nbsp; &nbsp;HA3444&nbsp;&nbsp; &nbsp;30 d&iacute;as a 2-8&ordm;C</li></ul><p><em><strong>CRP Mid Range 6 N&nbsp;&nbsp; &nbsp;</strong></em></p><ul><li>6 x 2 ml&nbsp;&nbsp; &nbsp;L&iacute;quido listo para usar&nbsp;&nbsp; &nbsp;CP2479&nbsp;&nbsp; &nbsp;30 d&iacute;as a 2-8&ordm;C</li></ul><p><em><strong>CRP Full range 6N &nbsp;&nbsp; </strong></em>&nbsp;</p><ul><li>6 x 1 ml&nbsp;&nbsp; &nbsp;L&iacute;quido listo para usar&nbsp;&nbsp; &nbsp;CP2499&nbsp;&nbsp; &nbsp;30 d&iacute;as a 2-8&ordm;C</li></ul><p><em><strong>CRP I Multi Punto &nbsp;</strong></em>&nbsp; &nbsp;</p><ul><li>3 x 1 ml&nbsp;&nbsp; &nbsp;L&iacute;quido listo para usar&nbsp;&nbsp; &nbsp;CP2179&nbsp;&nbsp; &nbsp;30 d&iacute;as a 2-8&ordm;C</li></ul><p><em><strong>CRP Alta sensibilidad 6N&nbsp;&nbsp; &nbsp;</strong></em></p><ul><li>6 x 2 ml&nbsp;&nbsp; &nbsp;L&iacute;quido listo para usar - IMT&nbsp;&nbsp; &nbsp;CP2478&nbsp;&nbsp; &nbsp;30 d&iacute;as a 2-8&ordm;C</li></ul><p><strong>Calibrador HDL / LDL&nbsp;</strong>&nbsp; &nbsp;</p><ul><li>3 x 1 ml&nbsp;&nbsp; <strong>&nbsp;</strong>Liofilizado - Clearence&nbsp;&nbsp; &nbsp;CH2673&nbsp;&nbsp; &nbsp;30 d&iacute;as a -20&ordm;C</li></ul><p><em><strong>Mioglobina</strong></em>&nbsp;&nbsp; &nbsp;</p><ul><li>4 x 1 ml&nbsp;&nbsp; &nbsp;Liofilizado - IMT&nbsp;&nbsp; &nbsp;MY2456&nbsp;&nbsp; &nbsp;6 meses a -20&ordm;C</li></ul><p><em><strong>CK-MB</strong></em>&nbsp;&nbsp; &nbsp;</p><ul><li>10 x 1ml&nbsp;&nbsp; &nbsp;Liofilizado&nbsp;&nbsp; &nbsp;CK2393&nbsp;&nbsp; &nbsp;14 dias a -20&ordm;C</li></ul><p><em><strong>Factor reumatoideo&nbsp;&nbsp; &nbsp;</strong></em></p><ul><li>5 x 1 ml&nbsp;&nbsp; &nbsp;L&iacute;quido listo para usar - IMT&nbsp;&nbsp; &nbsp;RF2301&nbsp;&nbsp; &nbsp;caducidad 2-8&ordm;C</li></ul><p><em><strong>Fructosamina</strong></em>&nbsp;&nbsp; &nbsp;</p><ul><li>3 x 1 ml&nbsp;&nbsp; &nbsp;Liofilizado&nbsp;&nbsp; &nbsp;FR2993&nbsp;&nbsp; &nbsp;28 d&iacute;as 2-8&ordm;C</li></ul><p><em><strong>Glutation Reductasa</strong></em>&nbsp;&nbsp; &nbsp;</p><ul><li>10 x 5 ml&nbsp;&nbsp; &nbsp;Liofilizado&nbsp;&nbsp; &nbsp;GR2609&nbsp;&nbsp; &nbsp;8 hs a 15-25&ordm;C</li></ul><p><em><strong>Glutamina</strong></em>&nbsp;&nbsp; &nbsp;</p><ul><li>3 x 5 ml &nbsp;&nbsp; &nbsp;Liofilizado&nbsp;&nbsp; &nbsp;GM1375&nbsp;&nbsp; &nbsp;7 dias a 2&ordm;C-8&ordm;C</li></ul><p><em><strong>IgG Alta Sensibilidad</strong></em>&nbsp;&nbsp; &nbsp;</p><ul><li>3 x 1 ml&nbsp;&nbsp; &nbsp;L&iacute;quido listo para usar&nbsp;&nbsp; &nbsp;IT3899&nbsp;&nbsp; &nbsp;30 d&iacute;as a 2-8&ordm;C</li></ul><p><em><strong>IgE</strong></em>&nbsp;&nbsp; &nbsp;</p><ul><li>6 x 1 ml&nbsp;&nbsp; &nbsp;Liofilizado&nbsp;&nbsp; &nbsp;IE2492&nbsp;&nbsp; &nbsp;30 d&iacute;as a 2-8&ordm;C</li></ul><p><em><strong>Microalb&uacute;mina</strong></em>&nbsp;&nbsp; &nbsp;</p><ul><li>6 x 2 ml&nbsp;&nbsp; &nbsp;L&iacute;quido listo para usar&nbsp;&nbsp; &nbsp;MA1567</li></ul><p>&nbsp;<br /><em><strong>Multi-Calibrador</strong></em>&nbsp;&nbsp; &nbsp;</p><ul><li>3 x 2 ml&nbsp;&nbsp; &nbsp;Liquido listo para usar&nbsp;&nbsp; &nbsp;MC1382&nbsp;&nbsp; &nbsp;caducidad a 2-8&ordm;C</li></ul><p><em><strong>Prote&iacute;nas espec&iacute;ficas (Ensayos sin diluci&oacute;n)&nbsp;&nbsp;</strong></em> &nbsp;</p><ul><li>5 x 1 ml&nbsp;&nbsp; &nbsp;L&iacute;quido listo para usar&nbsp;&nbsp; &nbsp;IT2691&nbsp;&nbsp; &nbsp;30 d&iacute;as a 2-8&ordm;C</li></ul><p><em><strong>Prote&iacute;nas espec&iacute;ficas (Ensayos con diluci&oacute;n)&nbsp;&nbsp;</strong></em> &nbsp;</p><ul><li>5 x 1 ml&nbsp;&nbsp; &nbsp;L&iacute;quido listo para usar&nbsp;&nbsp; &nbsp;IT2692&nbsp;&nbsp; &nbsp;30 d&iacute;as a 2-8&ordm;C</li></ul><p><em><strong>TAS&nbsp;&nbsp; &nbsp;</strong></em></p><ul><li>10 x 1 ml&nbsp;&nbsp; &nbsp;Liofilizado&nbsp;&nbsp; &nbsp;NX2615&nbsp;&nbsp; &nbsp;30 d&iacute;as a -20&ordm;C</li></ul>',	NULL,	'1575568929-Acusera NEW For Light Background.jpg',	NULL,	NULL,	NULL,	NULL,	1,	NULL,	239,	7,	NULL,	46,	'2019-09-20 19:04:42',	'2021-02-12 11:32:10',	NULL),
(117,	'CCI Orina Acusera',	'cci-orina-acusera',	'<p>Ensayado Nivel 2&nbsp;&nbsp; &nbsp;<br />12 x 10 ml&nbsp;&nbsp; &nbsp;Liofilizado 100% orina humana&nbsp;&nbsp; &nbsp;AU 2352&nbsp;&nbsp; &nbsp;14 d&iacute;as a -20&ordm;C</p><p><br />Ensayado Nivel 3&nbsp;&nbsp; &nbsp;<br />12 x 10 ml&nbsp;&nbsp; &nbsp;Liofilizado 100% orina humana&nbsp;&nbsp; &nbsp;AU 2353&nbsp;&nbsp; &nbsp;14 d&iacute;as a -20&ordm;C</p><p><br />Precisi&oacute;n Nivel 2&nbsp;&nbsp; &nbsp;<br />10 x 10 ml&nbsp;&nbsp; &nbsp;Liofilizado 100% orina humana&nbsp;&nbsp; &nbsp;UC1502&nbsp;&nbsp; &nbsp;14 d&iacute;as a -20&ordm;C</p><p><br />Precisi&oacute;n Nivel 3&nbsp;&nbsp; &nbsp;<br />10 x 10 ml&nbsp;&nbsp; &nbsp;Liofilizado 100% orina humana&nbsp;&nbsp; &nbsp;UC1503&nbsp;&nbsp; &nbsp;14 d&iacute;as a -20&ordm;C</p><p><br />Urian&aacute;lisis Nivel 1&nbsp;&nbsp; &nbsp;<br />12 x 12 ml&nbsp;&nbsp; &nbsp;L&iacute;quido listo para usar 100% orina humana&nbsp;&nbsp; &nbsp;UC5033&nbsp;&nbsp; &nbsp;30 d&iacute;as a 2-25&ordm;C</p><p><br />Urian&aacute;lisis Nivel 2&nbsp;&nbsp; &nbsp;<br />12 x 12 ml&nbsp;&nbsp; &nbsp;L&iacute;quido listo para usar 100% orina humana&nbsp;&nbsp; &nbsp;UC5034&nbsp;&nbsp; &nbsp;30 d&iacute;as a 2-25&ordm;C</p><p><br />Microalb&uacute;mina 1 &amp; 2&nbsp;&nbsp; &nbsp;<br />3 x 2 x 1 ml&nbsp;&nbsp; &nbsp;L&iacute;quido listo para usar 100% orina humana&nbsp;&nbsp; &nbsp;MA1361</p>',	NULL,	NULL,	NULL,	NULL,	NULL,	NULL,	1,	NULL,	212,	7,	NULL,	46,	'2019-09-20 19:08:37',	'2021-02-12 11:30:25',	NULL),
(118,	'CCI Química Clínica Acusera',	'cci-quimica-clinica-acusera',	'<p>Ensayado Qu&iacute;mica Cl&iacute;nica Premium Plus Nivel 2&nbsp;&nbsp; &nbsp;<br />20 x 5 ml&nbsp;&nbsp; &nbsp;Liofilizado&nbsp;&nbsp; &nbsp;HN 1530&nbsp;&nbsp; &nbsp;30 d&iacute;as a -20&ordm;C</p><p>Ensayado Qu&iacute;mica Cl&iacute;nica Premium Plus Nivel 2<br />1 x 5 ml&nbsp;&nbsp; &nbsp;Liofilizado&nbsp;&nbsp; &nbsp;HN 1530&nbsp;&nbsp; &nbsp;30 d&iacute;as a -20&ordm;C</p><p>Ensayado Qu&iacute;mica Cl&iacute;nica Premium PlusNivel 3&nbsp;&nbsp; &nbsp;<br />20 x 5 ml&nbsp;&nbsp; &nbsp;Liofilizado&nbsp;&nbsp; &nbsp;HE 1532&nbsp;&nbsp; &nbsp;30 d&iacute;as a -20&ordm;C</p><p>Ensayado Qu&iacute;mica Cl&iacute;nica Premium PlusNivel 3&nbsp;&nbsp; &nbsp;<br />1 x 5 ml&nbsp;&nbsp; &nbsp;Liofilizado&nbsp;&nbsp; &nbsp;HE 1532&nbsp;&nbsp; &nbsp;30 d&iacute;as a -20&ordm;C</p><p><br />Ensayado Qu&iacute;mica Cl&iacute;nica Premium Nivel 2&nbsp;&nbsp; &nbsp;<br />12 x 5 ml&nbsp;&nbsp; &nbsp;Liofilizado&nbsp;&nbsp; &nbsp;HN5067&nbsp;&nbsp; &nbsp;30 d&iacute;as a -20&ordm;C</p><p>Ensayado Qu&iacute;mica Cl&iacute;nica Premium Nivel 3&nbsp;&nbsp; &nbsp;<br />12 x 5 ml&nbsp;&nbsp; &nbsp;Liofilizado&nbsp;&nbsp; &nbsp;HE5068&nbsp;&nbsp; &nbsp;30 d&iacute;as a -20&ordm;C</p><p><br />Precisi&oacute;n Qu&iacute;mica Cl&iacute;nica Premium Plus Nivel 2&nbsp;&nbsp; &nbsp;<br />20 x 5 ml&nbsp;&nbsp; &nbsp;Liofilizado&nbsp;&nbsp; &nbsp;UN1557&nbsp;&nbsp; &nbsp;30 d&iacute;as a -20&ordm;C</p><p>Precisi&oacute;n Qu&iacute;mica Cl&iacute;nica Premium Plus Nivel 3&nbsp;&nbsp; &nbsp;<br />20 x 5 ml&nbsp;&nbsp; &nbsp;Liofilizado&nbsp;&nbsp; &nbsp;UE1558&nbsp;&nbsp; &nbsp;30 d&iacute;as a -20&ordm;C</p><p><br />Aldolasa Nivel 2&nbsp;&nbsp; &nbsp;<br />3 x 1 ml&nbsp;&nbsp; &nbsp;Liofilizado&nbsp;&nbsp; &nbsp;AD5001&nbsp;&nbsp; &nbsp;5 d&iacute;as a 2-8&ordm;C</p><p>Aldolasa &nbsp;Nivel 3&nbsp;&nbsp; &nbsp;<br />3 x 1 ml&nbsp;&nbsp; &nbsp;Liofilizado&nbsp;&nbsp; &nbsp;AD5002&nbsp;&nbsp; &nbsp;5 d&iacute;as a 2-8&ordm;C</p><p><br />Amonio/Etanol Nivel 1&nbsp;&nbsp; &nbsp;<br />6 x 2 ml&nbsp;&nbsp; &nbsp;L&iacute;quido listo para usar&nbsp;&nbsp; &nbsp;EA1366&nbsp;&nbsp; &nbsp;30 d&iacute;as a 2-8&ordm;C</p><p>Amonio/Etanol Nivel 2&nbsp;&nbsp; &nbsp;<br />6 x 2 ml&nbsp;&nbsp; &nbsp;L&iacute;quido listo para usar&nbsp;&nbsp; &nbsp;EA1367&nbsp;&nbsp; &nbsp;30 d&iacute;as a 2-8&ordm;C</p><p>Amonio/Etanol Nivel 3&nbsp;&nbsp; &nbsp;<br />6 x 2 ml&nbsp;&nbsp; &nbsp;L&iacute;quido listo para usar&nbsp;&nbsp; &nbsp;EA1368&nbsp;&nbsp; &nbsp;30 d&iacute;as a 2-8&ordm;C</p><p><br />Bilirrubina elevada&nbsp;&nbsp; &nbsp;<br />10 x 3 ml&nbsp;&nbsp; &nbsp;Liofilizado&nbsp;&nbsp; &nbsp;BE 454&nbsp;&nbsp; &nbsp;5 d&iacute;as a 2&ordm;C-8&ordm;C</p><p><br />Glicerol&nbsp;&nbsp; &nbsp;<br />3 x 5 ml &nbsp;&nbsp; &nbsp;Liofilizado&nbsp;&nbsp; &nbsp;GY1369&nbsp;&nbsp; &nbsp;30 d&iacute;as a 2-8&ordm;C</p><p><br />Multi-Control Nivel 1&nbsp;&nbsp; &nbsp;<br />5 x 2 ml&nbsp;&nbsp; &nbsp;Liquido listo para usar&nbsp;&nbsp; &nbsp;MC1379&nbsp;&nbsp; &nbsp;caducidad a 2-8&ordm;C</p><p>Multi-Control Nivel 2&nbsp;&nbsp; &nbsp;<br />5 x 2 ml&nbsp;&nbsp; &nbsp;Liquido listo para usar&nbsp;&nbsp; &nbsp;MC1380&nbsp;&nbsp; &nbsp;caducidad a 2-8&ordm;C</p><p>Multi-Control Nivel 3&nbsp;&nbsp; &nbsp;<br />5 x 2 ml&nbsp;&nbsp; &nbsp;Liquido listo para usar&nbsp;&nbsp; &nbsp;MC1381&nbsp;&nbsp; &nbsp;caducidad a 2-8&ordm;C</p><p><br />Glutamina Nivel 1&nbsp;&nbsp; &nbsp;<br />5 x 5 ml&nbsp;&nbsp; &nbsp;Liofilizado&nbsp;&nbsp; &nbsp;GM1376&nbsp;&nbsp; &nbsp;7 dias a 2&ordm;C-8&ordm;C</p><p>Glutamina Nivel 2&nbsp;&nbsp; &nbsp;<br />5 x 5 ml&nbsp;&nbsp; &nbsp;Liofilizado&nbsp;&nbsp; &nbsp;GM1377&nbsp;&nbsp; &nbsp;7 dias a 2&ordm;C-8&ordm;C</p><p>Glutamina nivel 3&nbsp;&nbsp; &nbsp;<br />5 x 5 ml&nbsp;&nbsp; &nbsp;Liofilizado&nbsp;&nbsp; &nbsp;GM1378&nbsp;&nbsp; &nbsp;7 dias a 2&ordm;C-8&ordm;C</p>',	NULL,	NULL,	NULL,	NULL,	NULL,	NULL,	1,	NULL,	321,	7,	NULL,	46,	'2019-09-20 19:14:30',	'2021-02-12 14:30:29',	NULL),
(119,	'CCI Cardíaco Acusera',	'cci-cardiaco-acusera',	'<ul><li>Card&iacute;aco l&iacute;q. Nivel 1&nbsp;&nbsp; &nbsp;</li></ul><p>3 x 3 ml&nbsp;&nbsp; &nbsp;L&iacute;quido listo para usar 100% humano&nbsp;&nbsp; &nbsp;CQ5051&nbsp;&nbsp; &nbsp;30 d&iacute;as a 2-8&ordm;C</p><p>&nbsp;</p><ul><li>Card&iacute;aco l&iacute;q. Nivel 2</li></ul><p>3 x 3 ml&nbsp;&nbsp; &nbsp;L&iacute;quido listo para usar 100% humano&nbsp;&nbsp; &nbsp;CQ5052&nbsp;&nbsp; &nbsp;30 d&iacute;as a 2-8&ordm;C</p><p>&nbsp;</p><ul><li>Card&iacute;aco l&iacute;q. Nivel 3&nbsp;&nbsp; &nbsp;</li></ul><p>3 x 3 ml&nbsp;&nbsp; &nbsp;L&iacute;quido listo para usar 100% humano&nbsp;&nbsp; &nbsp;CQ5053&nbsp;&nbsp; &nbsp;30 d&iacute;as a 2-8&ordm;C</p><p>&nbsp;</p><ul><li>Card&iacute;aco 3 Niveles&nbsp;&nbsp; &nbsp;</li></ul><p>3 x 2 ml&nbsp;&nbsp; &nbsp;Liofilizado 100% humano&nbsp;&nbsp; &nbsp;CQ3259&nbsp;&nbsp; &nbsp;30 d&iacute;as a -20&ordm;C</p><p>&nbsp;</p><ul><li>CK-MB&nbsp;&nbsp; &nbsp;</li></ul><p>10 x 2 ml&nbsp;&nbsp; &nbsp;Liofilizado 100% humano&nbsp;&nbsp; &nbsp;CK1212&nbsp;&nbsp; &nbsp;14 d&iacute;as a -20&ordm;C</p><p>&nbsp;</p><ul><li>Troponina T hs&nbsp;&nbsp; &nbsp;</li></ul><p>3 x 3 ml&nbsp;&nbsp; &nbsp;Liofilizado 100% humano&nbsp;&nbsp; &nbsp;CQ5080&nbsp;&nbsp; &nbsp;30 d&iacute;as a -20&ordm;C</p>',	NULL,	NULL,	NULL,	NULL,	NULL,	NULL,	1,	NULL,	219,	7,	NULL,	46,	'2019-09-20 19:18:07',	'2021-02-12 14:23:12',	NULL),
(120,	'CCI Inmunología Proteínas Acusera',	'cci-inmunologia-proteinas-acusera',	'<ul><li>Cistatina C Normal&nbsp;&nbsp; &nbsp;</li></ul><p>3 x 2 ml&nbsp;&nbsp; &nbsp;L&iacute;quido listo para usar 100% humano&nbsp;&nbsp; &nbsp;CYS5019&nbsp;&nbsp; &nbsp; -&nbsp;</p><ul><li>Cistatina C Elevado&nbsp;&nbsp; &nbsp;</li></ul><p>3 x 2 ml&nbsp;&nbsp; &nbsp;L&iacute;quido listo para usar 100% humano&nbsp;&nbsp; &nbsp;CYS5020&nbsp;&nbsp; &nbsp; -</p><ul><li>CFS Nivel 2&nbsp;&nbsp; &nbsp;</li></ul><p>10 x 3 ml&nbsp;&nbsp; &nbsp;Liofilizado-100% LCR&nbsp;&nbsp; &nbsp;CF1500&nbsp;&nbsp; &nbsp;15 dias a 2&ordm;C-8&ordm;C</p><ul><li>CFS Nivel 2&nbsp;&nbsp; &nbsp;</li></ul><p>10 x 3 ml&nbsp;&nbsp; &nbsp;Liofilizado- 100% LCR&nbsp;&nbsp; &nbsp;CF1501&nbsp;&nbsp; &nbsp;15 dias a 2&ordm;C-8&ordm;C</p><ul><li>CRP Nivel 2&nbsp;&nbsp; &nbsp;</li></ul><p>10 x 1 ml&nbsp;&nbsp; &nbsp;L&iacute;quido listo para usar 100% humano&nbsp;&nbsp; &nbsp;CP2480&nbsp;&nbsp; &nbsp;30 d&iacute;as a 2-8&ordm;C</p><ul><li>CRP Nivel 3&nbsp;&nbsp; &nbsp;</li></ul><p>10 x 1 ml&nbsp;&nbsp; &nbsp;L&iacute;quido listo para usar 100% humano&nbsp;&nbsp; &nbsp;CP2481&nbsp;&nbsp; &nbsp;30 d&iacute;as a 2-8&ordm;C</p><ul><li>High Sensitivity CPR Ctrol Nivel 1&nbsp;&nbsp; &nbsp;</li></ul><p>10 x 1 ml&nbsp;&nbsp; &nbsp;L&iacute;quido listo para usar 100% humano&nbsp;&nbsp; &nbsp;CP2476&nbsp;&nbsp; &nbsp;30 d&iacute;as a 2-8&ordm;C</p><ul><li>High Sensitivity CPR Ctrol Nivel 2&nbsp;&nbsp; &nbsp;</li></ul><p>10 x 1 ml&nbsp;&nbsp; &nbsp;L&iacute;quido listo para usar 100% humano&nbsp;&nbsp; &nbsp;CP2477&nbsp;&nbsp; &nbsp;30 d&iacute;as a 2-8&ordm;C</p><ul><li>Prote&iacute;nas Espec&iacute;ficas Nivel 1&nbsp;&nbsp; &nbsp;</li></ul><p>3 x 1 ml&nbsp;&nbsp; &nbsp;L&iacute;quido listo para usar 100% humano&nbsp;&nbsp; &nbsp;PS2682&nbsp;&nbsp; &nbsp;30 d&iacute;as a 2-8&ordm;C</p><ul><li>Prote&iacute;nas Espec&iacute;ficas Nivel 2&nbsp;&nbsp; &nbsp;</li></ul><p>3 x 1 ml&nbsp;&nbsp; &nbsp;L&iacute;quido listo para usar 100% humano&nbsp;&nbsp; &nbsp;PS2683&nbsp;&nbsp; &nbsp;30 d&iacute;as a 2-8&ordm;C</p><ul><li>Prote&iacute;nas Espec&iacute;ficas Nivel 3&nbsp;&nbsp; &nbsp;</li></ul><p>3 x 1 ml&nbsp;&nbsp; &nbsp;L&iacute;quido listo para usar 100% humano&nbsp;&nbsp; &nbsp;PS2684&nbsp;&nbsp; &nbsp;30 d&iacute;as a 2-8&ordm;C</p>',	NULL,	NULL,	NULL,	NULL,	NULL,	NULL,	1,	NULL,	225,	7,	NULL,	46,	'2019-09-20 19:21:23',	'2021-02-12 14:32:01',	NULL),
(121,	'CCI Inmunología Proteínas',	'cci-inmunologia-proteinas',	'<ul><li>Cistatina C Normal&nbsp;&nbsp; &nbsp;</li></ul><p>3 x 2 ml&nbsp;&nbsp; &nbsp;L&iacute;quido listo para usar 100% humano&nbsp;&nbsp; &nbsp;CYS5019&nbsp;&nbsp; &nbsp; -&nbsp;</p><ul><li>Cistatina C Elevado&nbsp;&nbsp; &nbsp;</li></ul><p>3 x 2 ml&nbsp;&nbsp; &nbsp;L&iacute;quido listo para usar 100% humano&nbsp;&nbsp; &nbsp;CYS5020&nbsp;&nbsp; &nbsp; -</p><ul><li>CFS Nivel 2&nbsp;&nbsp; &nbsp;</li></ul><p>10 x 3 ml&nbsp;&nbsp; &nbsp;Liofilizado-100% LCR&nbsp;&nbsp; &nbsp;CF1500&nbsp;&nbsp; &nbsp;15 dias a 2&ordm;C-8&ordm;C</p><ul><li>CFS Nivel 2&nbsp;&nbsp; &nbsp;</li></ul><p>10 x 3 ml&nbsp;&nbsp; &nbsp;Liofilizado- 100% LCR&nbsp;&nbsp; &nbsp;CF1501&nbsp;&nbsp; &nbsp;15 dias a 2&ordm;C-8&ordm;C</p><ul><li>CRP Nivel 2&nbsp;&nbsp; &nbsp;</li></ul><p>10 x 1 ml&nbsp;&nbsp; &nbsp;L&iacute;quido listo para usar 100% humano&nbsp;&nbsp; &nbsp;CP2480&nbsp;&nbsp; &nbsp;30 d&iacute;as a 2-8&ordm;C</p><ul><li>CRP Nivel 3&nbsp;&nbsp; &nbsp;</li></ul><p>10 x 1 ml&nbsp;&nbsp; &nbsp;L&iacute;quido listo para usar 100% humano&nbsp;&nbsp; &nbsp;CP2481&nbsp;&nbsp; &nbsp;30 d&iacute;as a 2-8&ordm;C</p><ul><li>High Sensitivity CPR Ctrol Nivel 1&nbsp;&nbsp; &nbsp;</li></ul><p>10 x 1 ml&nbsp;&nbsp; &nbsp;L&iacute;quido listo para usar 100% humano&nbsp;&nbsp; &nbsp;CP2476&nbsp;&nbsp; &nbsp;30 d&iacute;as a 2-8&ordm;C</p><ul><li>High Sensitivity CPR Ctrol Nivel 2&nbsp;&nbsp; &nbsp;</li></ul><p>10 x 1 ml&nbsp;&nbsp; &nbsp;L&iacute;quido listo para usar 100% humano&nbsp;&nbsp; &nbsp;CP2477&nbsp;&nbsp; &nbsp;30 d&iacute;as a 2-8&ordm;C</p><ul><li>Prote&iacute;nas Espec&iacute;ficas Nivel 1&nbsp;&nbsp; &nbsp;</li></ul><p>3 x 1 ml&nbsp;&nbsp; &nbsp;L&iacute;quido listo para usar 100% humano&nbsp;&nbsp; &nbsp;PS2682&nbsp;&nbsp; &nbsp;30 d&iacute;as a 2-8&ordm;C</p><ul><li>Prote&iacute;nas Espec&iacute;ficas Nivel 2&nbsp;&nbsp; &nbsp;</li></ul><p>3 x 1 ml&nbsp;&nbsp; &nbsp;L&iacute;quido listo para usar 100% humano&nbsp;&nbsp; &nbsp;PS2683&nbsp;&nbsp; &nbsp;30 d&iacute;as a 2-8&ordm;C</p><ul><li>Prote&iacute;nas Espec&iacute;ficas Nivel 3&nbsp;&nbsp; &nbsp;</li></ul><p>3 x 1 ml&nbsp;&nbsp; &nbsp;L&iacute;quido listo para usar 100% humano&nbsp;&nbsp; &nbsp;PS2684&nbsp;&nbsp; &nbsp;30 d&iacute;as a 2-8&ordm;C</p>',	NULL,	NULL,	NULL,	NULL,	NULL,	NULL,	1,	NULL,	219,	7,	NULL,	46,	'2019-09-20 20:12:55',	'2021-02-12 14:28:59',	NULL),
(122,	'CCI Coagulación Acusera',	'cci-coagulacion-acusera',	'<p>&nbsp;</p><ul><li>Coagulaci&oacute;n Nivel 1&nbsp;&nbsp; &nbsp;</li></ul><p>12 x 1 ml&nbsp;&nbsp; &nbsp;Liofilizado 100% humano&nbsp;&nbsp; &nbsp;CG5021&nbsp;&nbsp; &nbsp;24 hs a 2&ordm;C-8&ordm;C</p><ul><li>Coagulaci&oacute;n Nivel 2&nbsp;&nbsp; &nbsp;</li></ul><p>12 x 1 ml&nbsp;&nbsp; &nbsp;Liofilizado 100% humano&nbsp;&nbsp; &nbsp;CG5022&nbsp;&nbsp; &nbsp;24 hs a 2&ordm;C-8&ordm;C</p><ul><li>Coagulaci&oacute;n Nivel 3&nbsp;&nbsp; &nbsp;</li></ul><p>12 x 1 ml&nbsp;&nbsp; &nbsp;Liofilizado 100% humano&nbsp;&nbsp; &nbsp;CG5023&nbsp;&nbsp; &nbsp;24 hs a 2&ordm;C-8&ordm;C</p>',	NULL,	NULL,	NULL,	NULL,	NULL,	NULL,	1,	NULL,	218,	7,	NULL,	46,	'2019-09-20 20:14:57',	'2021-02-12 14:26:17',	NULL),
(123,	'CCI Monitoreo de Drogas Terapéuticas Acusera',	'cci-monitoreo-de-drogas-terapeuticas-acusera',	'<ul><li>Drogas terape&uacute;ticas Nivel 1&nbsp;&nbsp; &nbsp;</li></ul><p>20 x 5 ml&nbsp;&nbsp; &nbsp;Liofilizado 100% humano&nbsp;&nbsp; &nbsp;HD 1667&nbsp;&nbsp; &nbsp;60 d&iacute;as a -20&ordm;C</p><ul><li>Drogas terape&uacute;ticas Nivel 2&nbsp;&nbsp; &nbsp;</li></ul><p>20 x 5 ml&nbsp;&nbsp; &nbsp;Liofilizado 100% humano&nbsp;&nbsp; &nbsp;HD 1668&nbsp;&nbsp; &nbsp;60 d&iacute;as a -20&ordm;C</p><ul><li>Drogas terape&uacute;ticas Nivel 3&nbsp;&nbsp; &nbsp;</li></ul><p>20 x 5 ml&nbsp;&nbsp; &nbsp;Liofilizado 100% humano&nbsp;&nbsp; &nbsp;HD 1669&nbsp;&nbsp; &nbsp;60 d&iacute;as a -20&ordm;C</p>',	NULL,	NULL,	NULL,	NULL,	NULL,	NULL,	1,	NULL,	208,	7,	NULL,	46,	'2019-09-20 20:16:01',	'2021-02-12 14:33:25',	NULL),
(124,	'CCI Diabetes Acusera',	'cci-diabetes-acusera',	'<p>&nbsp;</p><ul><li>HbA1c Set Nivel 1 y 2 &nbsp;&nbsp; &nbsp;</li></ul><p>2 x 2 x 0,5 ml&nbsp;&nbsp; &nbsp;Liofilizado Sangre entera&nbsp;&nbsp; &nbsp;HA5072&nbsp;&nbsp; &nbsp;30 d&iacute;as a -20&ordm;C</p><ul><li>G-6-PDH D&nbsp;&nbsp; &nbsp;</li></ul><p>6 x 0,5 ml&nbsp;&nbsp; &nbsp;Liofilizado Sangre entera&nbsp;&nbsp; &nbsp;PD2617&nbsp;&nbsp; &nbsp;5 dias a 2-8&ordm;C</p><ul><li>G-6-PDH N&nbsp;&nbsp; &nbsp;</li></ul><p>6 x 0,5 ml&nbsp;&nbsp; &nbsp;Liofilizado Sangre entera&nbsp;&nbsp; &nbsp;PD2618&nbsp;&nbsp; &nbsp;5 dias a 2-8&ordm;C</p><ul><li>Fructosamina Nivel 1&nbsp;&nbsp; &nbsp;</li></ul><p>3 x 1 ml &nbsp;&nbsp; &nbsp;Liofilizado&nbsp;&nbsp; &nbsp;FR2994&nbsp;&nbsp; &nbsp;28 d&iacute;as 2-8&ordm;C</p><ul><li>Fructosamina Nivel 3&nbsp;&nbsp; &nbsp;</li></ul><p>3 x 1 ml &nbsp;&nbsp; &nbsp;Liofilizado&nbsp;&nbsp; &nbsp;FR2996&nbsp;&nbsp; &nbsp;28 d&iacute;as 2-8&ordm;C</p>',	NULL,	NULL,	NULL,	NULL,	NULL,	NULL,	1,	NULL,	225,	7,	NULL,	46,	'2019-09-20 20:17:33',	'2021-02-12 14:23:27',	NULL),
(125,	'CCI Gases en Sangre Acusera',	'cci-gases-en-sangre-acusera',	'<p>&nbsp;</p><ul><li>Gases en sangre Nivel 1&nbsp;&nbsp; &nbsp;</li></ul><p>30 x 1,8 ml&nbsp;&nbsp; &nbsp;Material acuoso&nbsp;&nbsp; &nbsp;BG5001&nbsp;&nbsp; &nbsp; -&nbsp;</p><ul><li>Gases en sangre Nivel 2&nbsp;&nbsp; &nbsp;</li></ul><p>30 x 1,8 ml&nbsp;&nbsp; &nbsp;Material acuoso&nbsp;&nbsp; &nbsp;BG5002&nbsp;&nbsp; &nbsp; -</p><ul><li>Gases en sangre Nivel 3&nbsp;&nbsp; &nbsp;</li></ul><p>30 x 1,8 ml&nbsp;&nbsp; &nbsp;Material acuoso&nbsp;&nbsp; &nbsp;BG5003&nbsp;&nbsp; &nbsp; -</p>',	NULL,	NULL,	NULL,	NULL,	NULL,	NULL,	1,	NULL,	207,	7,	NULL,	46,	'2019-09-20 20:18:50',	'2021-02-12 14:30:16',	NULL),
(126,	'CCI Inmunoensayo Acusera',	'cci-inmunoensayo-acusera',	'<p><br />Inmunoensayos &nbsp;Premium 3 Niveles&nbsp;&nbsp; &nbsp;<br />4 x 3 x 5 ml&nbsp;&nbsp; &nbsp;Liofilizado 100% humano&nbsp;&nbsp; &nbsp;IA 2633&nbsp;&nbsp; &nbsp;30 d&iacute;as a -20&ordm;C</p><p><br />Inmunoensayo Premium Nivel 1&nbsp;&nbsp; &nbsp;<br />10 x 5 ml &nbsp;&nbsp; &nbsp;Liofilizado 100% humano&nbsp;&nbsp; &nbsp;IA2638&nbsp;&nbsp; &nbsp;30 d&iacute;as a -20&ordm;C</p><p>Inmunoensayo Premium Nivel 2&nbsp;&nbsp; &nbsp;<br />10 x 5 ml &nbsp;&nbsp; &nbsp;Liofilizado 100% humano&nbsp;&nbsp; &nbsp;IA2639&nbsp;&nbsp; &nbsp;30 d&iacute;as a -20&ordm;C</p><p>Inmunoensayo Premium Nivel 3&nbsp;&nbsp; &nbsp;<br />10 x 5 ml &nbsp;&nbsp; &nbsp;Liofilizado 100% humano&nbsp;&nbsp; &nbsp;IA2640&nbsp;&nbsp; &nbsp;30 d&iacute;as a -20&ordm;C</p><p>Inmunoensayo Premium Plus Nivel 1&nbsp;&nbsp; &nbsp;<br />12 x 5 ml&nbsp;&nbsp; &nbsp;Liofilizado 100% humano&nbsp;&nbsp; &nbsp;IA3109&nbsp;&nbsp; &nbsp;30 d&iacute;as a -20&ordm;C</p><p>Inmunoensayo Premium Plus &nbsp;Nivel 2&nbsp;&nbsp; &nbsp;<br />12 x 5 ml&nbsp;&nbsp; &nbsp;Liofilizado 100% humano&nbsp;&nbsp; &nbsp;IA3110&nbsp;&nbsp; &nbsp;30 d&iacute;as a -20&ordm;C</p><p>Inmunoensayo Premium Plus &nbsp;Nivel 3&nbsp;&nbsp; &nbsp;<br />12 x 5 ml&nbsp;&nbsp; &nbsp;Liofilizado 100% humano&nbsp;&nbsp; &nbsp;IA3111&nbsp;&nbsp; &nbsp;30 d&iacute;as a -20&ordm;C</p><p><br />Inmunoensayo Premium Plus &nbsp;3 Niveles&nbsp;&nbsp; &nbsp;<br />12 x 5 ml&nbsp;&nbsp; &nbsp;Liofilizado 100% humano&nbsp;&nbsp; &nbsp;IA3112&nbsp;&nbsp; &nbsp;30 d&iacute;as a -20&ordm;C</p><p><br />Inmunoensayo especial I Nivel 1&nbsp;&nbsp; &nbsp;<br />5 x 2 ml&nbsp;&nbsp; &nbsp;Liofilizado 100% humano&nbsp;&nbsp; &nbsp;IAS3113&nbsp;&nbsp; &nbsp;30 d&iacute;as a -20&ordm;C</p><p>Inmunoensayo especial I Nivel 2&nbsp;&nbsp; &nbsp;<br />5 x 2 ml&nbsp;&nbsp; &nbsp;Liofilizado 100% humano&nbsp;&nbsp; &nbsp;IAS3114&nbsp;&nbsp; &nbsp;30 d&iacute;as a -20&ordm;C</p><p>Inmunoensayo especial I Nivel 3&nbsp;&nbsp; &nbsp;<br />5 x 2 ml&nbsp;&nbsp; &nbsp;Liofilizado 100% humano&nbsp;&nbsp; &nbsp;IAS3115&nbsp;&nbsp; &nbsp;30 d&iacute;as a -20&ordm;C</p><p><br />Inmunoensayo especial II Nivel 1&nbsp;&nbsp; &nbsp;<br />5 x 1 ml&nbsp;&nbsp; &nbsp;Liofilizado 100% humano&nbsp;&nbsp; &nbsp;IAS3117&nbsp;&nbsp; &nbsp;consultar</p><p>Inmunoensayo especial II Nivel 2&nbsp;&nbsp; &nbsp;<br />5 x 1 ml&nbsp;&nbsp; &nbsp;Liofilizado 100% humano&nbsp;&nbsp; &nbsp;IAS3118&nbsp;&nbsp; &nbsp;consultar</p><p>Inmunoensayo especial II Nivel 3&nbsp;&nbsp; &nbsp;<br />5 x 1 ml&nbsp;&nbsp; &nbsp;Liofilizado 100% humano&nbsp;&nbsp; &nbsp;IAS3119&nbsp;&nbsp; &nbsp;consultar</p><p>Marcadores Tumorales Nivel 2&nbsp;&nbsp; &nbsp;<br />3 x 2 ml&nbsp;&nbsp; &nbsp;Liofilizado 100% humano&nbsp;&nbsp; &nbsp;TU5002&nbsp;&nbsp; &nbsp;14 d&iacute;as a 2&ordm;C-8&ordm;C</p><p>Marcadores Tumorales Nivel 3&nbsp;&nbsp; &nbsp;<br />3 x 2 ml&nbsp;&nbsp; &nbsp;Liofilizado 100% humano&nbsp;&nbsp; &nbsp;TU5003&nbsp;&nbsp; &nbsp;14 d&iacute;as a 2&ordm;C-8&ordm;C</p><p><br />Screening Maternal Nivel 1&nbsp;&nbsp; &nbsp;<br />3 x 1 ml&nbsp;&nbsp; &nbsp;Liofilizado 100% humano&nbsp;&nbsp; &nbsp;MS5024&nbsp;&nbsp; &nbsp;7 d&iacute;as a 2&ordm;C-8&ordm;C</p><p>Screening Maternal Nivel 2&nbsp;&nbsp; &nbsp;<br />3 x 1 ml &nbsp;&nbsp; &nbsp;Liofilizado 100% humano&nbsp;&nbsp; &nbsp;MS5025&nbsp;&nbsp; &nbsp;7 d&iacute;as a 2&ordm;C-8&ordm;C</p><p>Screening Maternal Nivel 3&nbsp;&nbsp; &nbsp;<br />3 x 1 ml &nbsp;&nbsp;&nbsp; &nbsp;Liofilizado 100% humano&nbsp;&nbsp; &nbsp;MS5026&nbsp;&nbsp; &nbsp;7 d&iacute;as a 2&ordm;C-8&ordm;C</p>',	NULL,	NULL,	NULL,	NULL,	NULL,	NULL,	1,	NULL,	300,	7,	NULL,	46,	'2019-09-20 20:21:51',	'2021-02-12 20:25:43',	NULL),
(127,	'CCI Lípidos Acusera',	'cci-lipidos-acusera',	'<ul><li>L&iacute;pidos Nivel 1&nbsp;&nbsp; &nbsp;</li></ul><p>5 x 1 ml&nbsp;&nbsp; &nbsp;Liofilizado 100% humano&nbsp;&nbsp; &nbsp;LE 2668&nbsp;&nbsp; &nbsp;30 d&iacute;as a -20&ordm;C</p><ul><li>L&iacute;pidos Nivel 2&nbsp;&nbsp; &nbsp;</li></ul><p>5 x 1 ml &nbsp;&nbsp; &nbsp;Liofilizado 100% humano&nbsp;&nbsp; &nbsp;LE 2669&nbsp;&nbsp; &nbsp;30 d&iacute;as a -20&ordm;C</p><ul><li>L&iacute;pidos Nivel 3&nbsp;&nbsp; &nbsp;</li></ul><p>5 x 1 ml&nbsp;&nbsp; &nbsp;Liofilizado 100% humano&nbsp;&nbsp; &nbsp;LE 2670&nbsp;&nbsp; &nbsp;30 d&iacute;as a -20&ordm;C</p>',	NULL,	NULL,	NULL,	NULL,	NULL,	NULL,	1,	NULL,	207,	7,	NULL,	46,	'2019-09-20 20:23:02',	'2021-02-12 11:31:06',	NULL),
(128,	'CCI Antioxidantes Acusera',	'cci-antioxidantes-acusera',	'<ul><li>Super&oacute;xido Dismutasa (Ransod)&nbsp;&nbsp; &nbsp;</li></ul><p>10 x 1 ml&nbsp;&nbsp; &nbsp;Liofilizado Sangre entera&nbsp;&nbsp; &nbsp;SD126&nbsp;&nbsp; &nbsp;10 d&iacute;as a 2-8&ordm;C</p><ul><li>Glutation Peroxidasa (RANSEL) &nbsp;&nbsp; &nbsp;</li></ul><p>10 x 1 ml&nbsp;&nbsp; &nbsp;Liofilizado Sangre entera - Enzim&aacute;tico&nbsp;&nbsp; &nbsp;SC692&nbsp;&nbsp; &nbsp;3 d&iacute;as a 2&ordm;C-8&ordm;C</p><ul><li>Glutation Reductasa&nbsp;&nbsp; &nbsp;</li></ul><p>10 x 5 ml&nbsp;&nbsp; &nbsp;Liofilizado&nbsp;&nbsp; &nbsp;GR2608&nbsp;&nbsp; &nbsp;8 hs a 15-25&ordm;C</p><ul><li>TAS Control&nbsp;&nbsp; &nbsp;</li></ul><p>10 x 5 ml&nbsp;&nbsp; &nbsp;Liofilizado&nbsp;&nbsp; &nbsp;NX2331&nbsp;&nbsp; &nbsp;2 d&iacute;as a 2-8&ordm;C</p>',	NULL,	NULL,	NULL,	NULL,	NULL,	NULL,	1,	NULL,	204,	7,	NULL,	46,	'2019-09-20 20:24:37',	'2021-02-12 14:28:51',	NULL),
(129,	'Glucocurve75',	'glucocurve75',	'<p>Test de Tolerancia Oral a la Glucosa (TTOG)</p><p>&nbsp;</p><ul><li>Polvo de solubilidad instant&aacute;nea</li><li>Sabor a Naranja</li><li>Reduce la estad&iacute;stica de n&aacute;useas y v&oacute;mitos</li><li>F&aacute;cil de preparar</li><li>Estandarizaci&oacute;n del test</li><li>Practico envase monotest</li></ul><p>GLUCOCURVE&reg; 75: disolver todo el contenido (82.5 grs.) en 375 ml. de agua y tomar de una vez como sobrecarga de glucosa para Test de tolerancia oral a la glucosa (m&eacute;todo de laboratorio para verificar la forma en que el cuerpo metaboliza o descompone el az&uacute;car en la sangre, diagnostico de diabetes).</p><p>&nbsp;</p><ul><li>Uso Profesional: Embarazadas y Ni&ntilde;os en TTOG Test de Tolerancia Oral a la Glucosa</li><li>Ingredientes: Dextrosa Monohidrato apirogena calidad Farmacopea Argentina</li><li>Saborizante sabor naranja aprobado por INAL</li><li>Contenido Neto 82.5 grs de Glucosa Monohidrato equivalentes a 75 grs de Glucosa Anhidra</li><li>Consservar en envase original en lugar fresco y seco</li><li>No exponer a excesivo calor, humedad o luz solar directa</li><li>Presentaci&oacute;n: caja con 10 sobres</li></ul>',	NULL,	'1575030915-Gluco para web 600px.jpg',	NULL,	NULL,	NULL,	NULL,	1,	NULL,	370,	14,	1,	58,	'2019-09-20 21:02:57',	'2021-02-09 02:34:35',	NULL),
(130,	'Ácidos Biliares enzimático 5ta generación',	'acidos-biliares-enzimatico-5ta-generacion',	'<ul><li>Presentaci&oacute;n&nbsp;&nbsp; &nbsp;2 x 18/2 x8 ml (liq)</li><li>M&eacute;todo&nbsp;&nbsp; &nbsp;enzimatico color</li><li>C&oacute;digo&nbsp;&nbsp; &nbsp;BI 3863</li><li>Estabilidad&nbsp;&nbsp; &nbsp;caducidad 2-8&ordm;C<br />&nbsp;</li></ul>',	NULL,	NULL,	NULL,	NULL,	NULL,	NULL,	1,	NULL,	244,	7,	NULL,	34,	'2019-09-20 23:08:47',	'2021-02-09 07:44:45',	NULL),
(131,	'Ácidos Grasos no esterificados',	'acidos-grasos-no-esterificados',	'<ul><li>Presentaci&oacute;n&nbsp;&nbsp; &nbsp;R1: 3 x 10 ml / R2: 3 x 20ml</li><li>M&eacute;todo&nbsp;&nbsp; &nbsp;enzimatico color</li><li>C&oacute;digo&nbsp;&nbsp; &nbsp;FA 115</li><li>Estabilidad&nbsp;&nbsp; &nbsp;5 d&iacute;as a 2-8&ordm;C<br />&nbsp;</li></ul>',	NULL,	NULL,	NULL,	NULL,	NULL,	NULL,	1,	NULL,	193,	7,	NULL,	34,	'2019-09-20 23:14:09',	'2021-02-09 07:35:22',	NULL),
(132,	'Aldolasa',	'aldolasa',	'<ul><li>Presentaci&oacute;n&nbsp;&nbsp; &nbsp;5 x 20 ml</li><li>M&eacute;todo&nbsp;&nbsp; &nbsp;UV</li><li>C&oacute;digo&nbsp;&nbsp; &nbsp;AD 189</li><li>Estabilidad&nbsp;&nbsp; &nbsp;14 d&iacute;as a 2-8&ordm;C</li></ul>',	NULL,	NULL,	NULL,	NULL,	NULL,	NULL,	1,	NULL,	192,	7,	NULL,	34,	'2019-09-20 23:15:36',	'2021-02-12 18:19:58',	NULL),
(133,	'Acido  Láctico',	'acido-lactico',	'<ul><li>Presentaci&oacute;n&nbsp;&nbsp; &nbsp;16 x 6 ml</li><li>M&eacute;todo&nbsp;&nbsp; &nbsp;Colorim&eacute;trico</li><li>C&oacute;digo&nbsp;&nbsp; &nbsp;LC 2389</li><li>Estabilidad&nbsp;&nbsp; &nbsp;6 semanas a 2-8&ordm;C<br />&nbsp;</li></ul>',	NULL,	NULL,	NULL,	NULL,	NULL,	NULL,	1,	NULL,	215,	7,	NULL,	34,	'2019-09-20 23:19:50',	'2021-02-09 02:32:41',	NULL),
(134,	'CK-MB',	'ck-mb',	'<ul><li>Presentaci&oacute;n&nbsp;&nbsp; &nbsp;19 x 2.5 ml</li><li>M&eacute;todo&nbsp;&nbsp; &nbsp;inmunoinhibici&oacute;n</li><li>C&oacute;digo&nbsp;&nbsp; &nbsp;CK 1296</li><li>Estabilidad&nbsp;&nbsp; &nbsp;caducidad 2-8&ordm;C</li></ul>',	NULL,	NULL,	NULL,	NULL,	NULL,	NULL,	1,	NULL,	211,	7,	NULL,	34,	'2019-09-20 23:21:15',	'2021-02-12 18:15:30',	NULL),
(135,	'Glucosa 6 Fosfato',	'glucosa-6-fosfato',	'<ul><li>Presentaci&oacute;n&nbsp;&nbsp; &nbsp;20 tests</li><li>M&eacute;todo&nbsp;&nbsp; &nbsp;UV</li><li>C&oacute;digo&nbsp;&nbsp; &nbsp;PD 410</li><li>Estabilidad&nbsp;&nbsp; &nbsp;30 d&iacute;as a 2-8&ordm;C<br />&nbsp;</li></ul>',	NULL,	NULL,	NULL,	NULL,	NULL,	NULL,	1,	NULL,	222,	7,	NULL,	34,	'2019-09-20 23:23:22',	'2021-02-09 02:38:21',	NULL),
(136,	'Antioxidantes Totales',	'antioxidantes-totales',	'<ul><li>Presentaci&oacute;n&nbsp;&nbsp; &nbsp;5 x 10 ml</li><li>M&eacute;todo&nbsp;&nbsp; &nbsp;colorim&eacute;trico</li><li>C&oacute;digo&nbsp;&nbsp; &nbsp;NX 2332</li><li>Estabilidad&nbsp;&nbsp; &nbsp;caducidad a 2-8&ordm;C<br />&nbsp;</li><li><a target=\"_blank\" href=\"https://www.cromoion.com/pdf/1595014725-Estado%20de%20Antioxidante%20Total%20-TAS.pdf\">INSERTO ANTIOXIDANTE TOTAL - TAS&nbsp;</a></li></ul>',	NULL,	NULL,	NULL,	NULL,	NULL,	NULL,	1,	'1595014725-Estado de Antioxidante Total -TAS.pdf',	186,	7,	NULL,	34,	'2019-09-20 23:24:27',	'2021-02-09 02:45:43',	NULL),
(137,	'D-3-Hidroxibutirato RANBUT',	'd-3-hidroxibutirato-ranbut',	'<ul><li>Presentaci&oacute;n&nbsp;&nbsp; &nbsp;10 x 10 ml</li><li>M&eacute;todo&nbsp;&nbsp; &nbsp;Enzim&aacute;tico</li><li>C&oacute;digo&nbsp;&nbsp; &nbsp;RB 1007</li><li>Estabilidad&nbsp;&nbsp; &nbsp;7 d&iacute;as a 2-8&ordm;C</li></ul>',	NULL,	NULL,	NULL,	NULL,	NULL,	NULL,	1,	NULL,	208,	7,	NULL,	34,	'2019-09-20 23:25:29',	'2021-02-09 07:29:46',	NULL),
(138,	'Cobre - colorimétrico',	'cobre-colorimetrico',	'<ul><li>Presentaci&oacute;n&nbsp;&nbsp; &nbsp;5 x 20 ml</li><li>M&eacute;todo&nbsp;&nbsp; &nbsp;Colorim&eacute;trico</li><li>C&oacute;digo&nbsp;&nbsp; &nbsp;CU 2340</li><li>Estabilidad&nbsp;&nbsp; &nbsp;caducidad 2-8&ordm;C<br />&nbsp;</li></ul>',	NULL,	NULL,	NULL,	NULL,	NULL,	NULL,	1,	NULL,	222,	7,	NULL,	34,	'2019-09-20 23:27:34',	'2021-02-09 04:20:34',	NULL),
(139,	'Zinc - colorimétrico',	'zinc-colorimetrico',	'<ul><li>Presentaci&oacute;n&nbsp;&nbsp; &nbsp;6 x 50 ml</li><li>M&eacute;todo&nbsp;&nbsp; &nbsp;colorim&eacute;trico</li><li>C&oacute;digo&nbsp;&nbsp; &nbsp;ZN 2341</li><li>Estabilidad&nbsp;&nbsp; &nbsp;caducidad a 15-25&ordm;C</li></ul>',	NULL,	NULL,	NULL,	NULL,	NULL,	NULL,	1,	NULL,	204,	7,	NULL,	34,	'2019-09-20 23:31:35',	'2021-02-09 02:39:46',	NULL),
(140,	'Glutation Peroxidasa RANSEL',	'glutation-peroxidasa-ransel',	'<ul><li>Presentaci&oacute;n&nbsp;&nbsp; &nbsp;8 x 6.5 ml</li><li>M&eacute;todo&nbsp;&nbsp; &nbsp;enzim&aacute;tico</li><li>C&oacute;digo&nbsp;&nbsp; &nbsp;RS 504</li><li>Estabilidad&nbsp;&nbsp; &nbsp;48 horas a 2-8&ordm;C</li></ul>',	NULL,	NULL,	NULL,	NULL,	NULL,	NULL,	1,	NULL,	164,	7,	NULL,	34,	'2019-09-20 23:33:02',	'2021-02-09 07:30:18',	NULL),
(141,	'Lipasa',	'lipasa',	'<ul><li>Presentaci&oacute;n&nbsp;&nbsp; &nbsp;20 x 2.5 ml</li><li>M&eacute;todo&nbsp;&nbsp; &nbsp;UV/turbidim&eacute;trico</li><li>C&oacute;digo&nbsp;&nbsp; &nbsp;LI 188</li><li>Estabilidad&nbsp;&nbsp; &nbsp;14 d&iacute;as a 2-8&ordm;C</li></ul>',	NULL,	NULL,	NULL,	NULL,	NULL,	NULL,	1,	NULL,	198,	7,	NULL,	34,	'2019-09-20 23:35:16',	'2021-02-12 18:15:44',	NULL),
(142,	'Superóxido Dismutasa RANSOD',	'superoxido-dismutasa-ransod',	'<ul><li>Presentaci&oacute;n&nbsp;&nbsp; &nbsp;5 x 20 ml</li><li>M&eacute;todo&nbsp;&nbsp; &nbsp;colorim&eacute;trico</li><li>C&oacute;digo&nbsp;&nbsp; &nbsp;SD 125</li><li>Estabilidad&nbsp;&nbsp; &nbsp;10 d&iacute;as a 2-8&ordm;C</li></ul>',	NULL,	NULL,	NULL,	NULL,	NULL,	NULL,	1,	NULL,	197,	7,	NULL,	34,	'2019-09-20 23:36:21',	'2021-02-09 07:30:26',	NULL),
(143,	'Acido Urico',	'acido-urico',	'<ul><li>Presentaci&oacute;n&nbsp;&nbsp; &nbsp;10 x 50 ml</li><li>M&eacute;todo&nbsp;&nbsp; &nbsp;enzimatico color</li><li>C&oacute;digo&nbsp;&nbsp; &nbsp;UA 233</li><li>Estabilidad&nbsp;&nbsp; &nbsp;21 d&iacute;as a 2-8&ordm;C</li></ul>',	NULL,	NULL,	NULL,	NULL,	NULL,	NULL,	1,	NULL,	189,	7,	NULL,	35,	'2019-09-21 00:04:40',	'2021-02-12 18:18:09',	NULL),
(144,	'Amonio',	'amonio',	'<ul><li>Presentaci&oacute;n&nbsp;&nbsp; &nbsp;10 x 5 ml</li><li>M&eacute;todo&nbsp;&nbsp; &nbsp;&nbsp;UV</li><li>C&oacute;digo&nbsp;&nbsp; &nbsp;AM 1015</li><li>Estabilidad&nbsp;&nbsp; &nbsp;&nbsp;2 d&iacute;as a 2-8&deg;C</li></ul><p>&nbsp;&nbsp; &nbsp;</p><ul><li>Presentaci&oacute;n&nbsp;&nbsp; &nbsp;20 x 3 ml</li><li>M&eacute;todo&nbsp;&nbsp; &nbsp;&nbsp;UV</li><li>C&oacute;digo&nbsp;&nbsp; &nbsp;AM 1054</li><li>Estabilidad&nbsp;&nbsp; &nbsp;2 d&iacute;as a 2-8&ordm;C<br />&nbsp;</li></ul>',	NULL,	NULL,	NULL,	NULL,	NULL,	NULL,	1,	NULL,	196,	7,	NULL,	35,	'2019-09-21 00:09:10',	'2021-02-12 14:48:27',	NULL),
(145,	'Bilirrubina Total y Directa',	'bilirrubina-total-y-directa',	'<ul><li>Presentaci&oacute;n&nbsp;&nbsp; &nbsp;1 x 225 ml</li><li>M&eacute;todo&nbsp;&nbsp; &nbsp;Jendrassik</li><li>C&oacute;digo&nbsp;&nbsp; &nbsp;BR 411</li><li>Estabilidad&nbsp;&nbsp; &nbsp;caducidad 15-25&ordm;C</li></ul><p>&nbsp;&nbsp; &nbsp;</p><ul><li>Presentaci&oacute;n&nbsp;&nbsp; &nbsp;2 x 625 ml</li><li>M&eacute;todo&nbsp;&nbsp; &nbsp;Jendrassik</li><li>C&oacute;digo&nbsp;&nbsp; &nbsp;BR 412</li><li>Estabilidad&nbsp;&nbsp; &nbsp;caducidad 15-25&ordm;C</li></ul>',	NULL,	NULL,	NULL,	NULL,	NULL,	NULL,	1,	NULL,	164,	7,	NULL,	35,	'2019-09-21 00:11:44',	'2021-02-09 07:24:07',	NULL),
(146,	'Calcio',	'calcio',	'<ul><li>Presentaci&oacute;n&nbsp;&nbsp; &nbsp;1 x 200 ml</li><li>M&eacute;todo&nbsp;&nbsp; &nbsp;CPC/AMP</li><li>C&oacute;digo&nbsp;&nbsp; &nbsp;CA 590</li><li>Estabilidad&nbsp;&nbsp; &nbsp;21 d&iacute;as</li></ul><p>&nbsp;</p><ul><li>Presentaci&oacute;n&nbsp;&nbsp; &nbsp;6 x 100 ml</li><li>M&eacute;todo&nbsp;&nbsp; &nbsp;ARSENAZO</li><li>C&oacute;digo&nbsp;&nbsp; &nbsp;CA 2390</li><li>Estabilidad&nbsp;&nbsp; &nbsp;caducidad 15-25&ordm;C</li></ul>',	NULL,	NULL,	NULL,	NULL,	NULL,	NULL,	1,	NULL,	201,	7,	NULL,	35,	'2019-09-21 00:15:02',	'2021-02-12 14:48:44',	NULL),
(147,	'Cloro',	'cloro',	'<ul><li>Presentaci&oacute;n&nbsp;&nbsp; &nbsp;6 x 500 ml</li><li>M&eacute;todo&nbsp;&nbsp; &nbsp;Tiocianato</li><li>C&oacute;digo&nbsp;&nbsp; &nbsp;CL 1645</li><li>Estabilidad&nbsp;&nbsp; &nbsp;caducidad 15-25&ordm;C</li></ul>',	NULL,	NULL,	NULL,	NULL,	NULL,	NULL,	1,	NULL,	212,	7,	NULL,	35,	'2019-09-21 00:17:07',	'2021-02-12 14:48:04',	NULL),
(148,	'CO2-Bicarbonato',	'co2-bicarbonato',	'<ul><li>Presentaci&oacute;n&nbsp;&nbsp; &nbsp;10 x 10 ml</li><li>M&eacute;todo&nbsp;&nbsp; &nbsp;Enzim&aacute;tico</li><li>C&oacute;digo&nbsp;&nbsp; &nbsp;CD 116</li><li>Estabilidad&nbsp;&nbsp; &nbsp;14 d&iacute;as a 10&ordm;C</li></ul>',	NULL,	NULL,	NULL,	NULL,	NULL,	NULL,	1,	NULL,	180,	7,	NULL,	35,	'2019-09-21 00:18:56',	'2021-02-09 02:31:00',	NULL),
(149,	'Colesterol',	'colesterol',	'<ul><li>Presentaci&oacute;n&nbsp;&nbsp; &nbsp;6 x 100 ml</li><li>M&eacute;todo&nbsp;&nbsp; &nbsp;enzim&aacute;tico color (CHOD-PAP)</li><li>C&oacute;digo&nbsp;&nbsp; &nbsp;CH 201</li><li>Estabilidad&nbsp;&nbsp; &nbsp;caducidad 2-8&ordm;C</li></ul>',	NULL,	NULL,	NULL,	NULL,	NULL,	NULL,	1,	NULL,	230,	7,	NULL,	35,	'2019-09-21 00:21:04',	'2021-02-12 18:16:13',	NULL),
(150,	'Colesterol HDL',	'colesterol-hdl',	'<ul><li>Presentaci&oacute;n&nbsp;&nbsp; &nbsp;4 x 80 ml</li><li>M&eacute;todo&nbsp;&nbsp; &nbsp;precipitaci&oacute;n Cl2Mg</li><li>C&oacute;digo&nbsp;&nbsp; &nbsp;CH 203</li><li>Estabilidad&nbsp;&nbsp; &nbsp;caducidad 15-25&ordm;C</li></ul><p>&nbsp;</p><p>&nbsp;</p><ul><li>Presentaci&oacute;n&nbsp;&nbsp; &nbsp;6 x 30 ml/3 x20ml</li><li>M&eacute;todo&nbsp;&nbsp; &nbsp;Clearence directo</li><li>C&oacute;digo&nbsp;&nbsp; &nbsp;CH 2652</li><li>Estabilidad&nbsp;&nbsp; &nbsp;caducidad a 2-8&ordm;C</li></ul><p>&nbsp;&nbsp; &nbsp;</p><ul><li>Presentaci&oacute;n&nbsp;&nbsp; &nbsp;6 x 78 ml/3 x52ml</li><li>M&eacute;todo&nbsp;&nbsp; &nbsp;Clearence directo</li><li>C&oacute;digo&nbsp;&nbsp; &nbsp;CH 2655</li><li>Estabilidad&nbsp;&nbsp; &nbsp;caducidad a 2-8&ordm;C</li></ul>',	NULL,	NULL,	NULL,	NULL,	NULL,	NULL,	1,	NULL,	212,	7,	NULL,	35,	'2019-09-21 00:23:16',	'2021-02-12 18:21:16',	NULL),
(151,	'Colinesterasa',	'colinesterasa',	'<ul><li>Presentaci&oacute;n&nbsp;&nbsp; &nbsp;5 x 30 ml</li><li>M&eacute;todo&nbsp;&nbsp; &nbsp;Colorim&eacute;trico</li><li>C&oacute;digo&nbsp;&nbsp; &nbsp;CE 190</li><li>Estabilidad&nbsp;&nbsp; &nbsp;6 semanas a 2-8&ordm;C</li></ul>',	NULL,	NULL,	NULL,	NULL,	NULL,	NULL,	1,	NULL,	187,	7,	NULL,	35,	'2019-09-21 00:40:27',	'2021-02-12 18:20:34',	NULL),
(152,	'Creatinina',	'creatinina',	'<ul><li>Presentaci&oacute;n&nbsp;&nbsp; &nbsp;1 x 200 ml</li><li>M&eacute;todo&nbsp;&nbsp; &nbsp;jaffe</li><li>C&oacute;digo&nbsp;&nbsp; &nbsp;CR 510</li><li>Estabilidad&nbsp;&nbsp; &nbsp;21 d&iacute;as a 2-8&ordm;C</li></ul><p>&nbsp;</p><ul><li>Presentaci&oacute;n&nbsp;&nbsp; &nbsp;4 x 50 ml&nbsp;</li><li>M&eacute;todo&nbsp;&nbsp; &nbsp;enzim&aacute;tico UV</li><li>C&oacute;digo&nbsp;&nbsp; &nbsp;CR 2336</li><li>Estabilidad&nbsp;&nbsp; &nbsp;30 d&iacute;as a 2-8&ordm;C<br />&nbsp;</li></ul>',	NULL,	NULL,	NULL,	NULL,	NULL,	NULL,	1,	NULL,	221,	7,	NULL,	35,	'2019-09-21 00:41:19',	'2021-02-12 18:16:29',	NULL),
(153,	'CRP full range',	'crp-full-range',	'<ul><li>Presentaci&oacute;n&nbsp;&nbsp; &nbsp;4x50ml / 4x50ml</li><li>M&eacute;todo&nbsp;&nbsp; &nbsp;Inmunoturbidim&eacute;trico</li><li>C&oacute;digo&nbsp;&nbsp; &nbsp;CP3849</li><li>Estabilidad&nbsp;&nbsp; &nbsp;caducidad 2-8&ordm;C</li></ul>',	NULL,	NULL,	NULL,	NULL,	NULL,	NULL,	1,	NULL,	188,	7,	NULL,	35,	'2019-09-21 00:43:55',	'2021-02-12 23:08:45',	NULL),
(154,	'Fosfatasa ácida',	'fosfatasa-acida',	'<ul><li>Presentaci&oacute;n&nbsp;&nbsp; &nbsp;20 x 3 ml</li><li>M&eacute;todo&nbsp;&nbsp; &nbsp;cin&eacute;tico colorim&eacute;trico de lectura r&aacute;pida</li><li>C&oacute;digo&nbsp;&nbsp; &nbsp;AC 1011</li><li>Estabilidad&nbsp;&nbsp; &nbsp;5 d&iacute;as a 2-8&ordm;C</li></ul>',	NULL,	NULL,	NULL,	NULL,	NULL,	NULL,	1,	NULL,	194,	7,	NULL,	35,	'2019-09-21 00:45:19',	'2021-02-09 02:31:11',	NULL),
(155,	'Fosfatasa alcalina',	'fosfatasa-alcalina',	'<ul><li>Presentaci&oacute;n&nbsp;&nbsp; &nbsp;10 x 10 ml</li><li>M&eacute;todo&nbsp;&nbsp; &nbsp;DGKC (buffer DEA)</li><li>C&oacute;digo&nbsp;&nbsp; &nbsp;AP 307</li><li>Estabilidad&nbsp;&nbsp; &nbsp;30 d&iacute;as a 2-8&ordm;C</li></ul>',	NULL,	NULL,	NULL,	NULL,	NULL,	NULL,	1,	NULL,	187,	7,	NULL,	35,	'2019-09-21 00:46:49',	'2021-02-09 02:34:04',	NULL),
(156,	'Fósforo inorgánico',	'fosforo-inorganico',	'<ul><li>Presentaci&oacute;n&nbsp;&nbsp; &nbsp;1 x 210 ml / 1 x 90 ml</li><li>M&eacute;todo&nbsp;&nbsp; &nbsp;UV</li><li>C&oacute;digo&nbsp;&nbsp; &nbsp;PH 1016</li><li>Estabilidad&nbsp;&nbsp; &nbsp;60 d&iacute;as a 15-25&ordm;C</li></ul>',	NULL,	NULL,	NULL,	NULL,	NULL,	NULL,	1,	NULL,	207,	7,	NULL,	35,	'2019-09-21 00:47:43',	'2021-02-09 02:34:20',	NULL),
(157,	'Gamma GT',	'gamma-gt',	'<ul><li>Presentaci&oacute;n&nbsp;&nbsp; &nbsp;20 x 3 ml</li><li>M&eacute;todo&nbsp;&nbsp; &nbsp;Carboxi</li><li>C&oacute;digo&nbsp;&nbsp; &nbsp;GT2750</li><li>Estabilidad&nbsp;&nbsp; &nbsp;21 d&iacute;as a 2-8&ordm;C</li></ul><p>&nbsp;</p><p>&nbsp;</p><ul><li>Presentaci&oacute;n&nbsp;&nbsp; &nbsp;10 x 10 ml</li><li>M&eacute;todo&nbsp;&nbsp; &nbsp;Carboxi</li><li>C&oacute;digo&nbsp;&nbsp; &nbsp;GT 523</li><li>Estabilidad&nbsp;&nbsp; &nbsp;21 d&iacute;as a 2-8&ordm;C<br />&nbsp;</li></ul>',	NULL,	NULL,	NULL,	NULL,	NULL,	NULL,	1,	NULL,	197,	7,	NULL,	35,	'2019-09-21 00:48:58',	'2021-02-12 18:14:44',	NULL),
(158,	'Glucosa',	'glucosa',	'<ul><li>Presentaci&oacute;n&nbsp;&nbsp; &nbsp;2 x 500 ml</li><li>M&eacute;todo&nbsp;&nbsp; &nbsp;color GOD PAP</li><li>C&oacute;digo&nbsp;&nbsp; &nbsp;GL 2614</li><li>Estabilidad&nbsp;&nbsp; &nbsp;caducidad 2-8&ordm;C</li></ul>',	NULL,	NULL,	NULL,	NULL,	NULL,	NULL,	1,	NULL,	197,	7,	NULL,	35,	'2019-09-21 00:49:54',	'2021-02-12 18:13:46',	NULL),
(159,	'GOT/AST',	'gotast',	'<ul><li>Presentaci&oacute;n&nbsp;&nbsp; &nbsp;5 x 20 ml</li><li>M&eacute;todo&nbsp;&nbsp; &nbsp;IFCC</li><li>C&oacute;digo&nbsp;&nbsp; &nbsp;AS 1267</li><li>Estabilidad&nbsp;&nbsp; &nbsp;14 d&iacute;as a 2-8&ordm;C</li></ul><p>&nbsp;</p><ul><li>Presentaci&oacute;n&nbsp;&nbsp; &nbsp;5 x 100 ml</li><li>M&eacute;todo&nbsp;&nbsp; &nbsp;IFCC</li><li>C&oacute;digo&nbsp;&nbsp; &nbsp;AS 2359</li><li>Estabilidad&nbsp;&nbsp; &nbsp;14 d&iacute;as a 2-8&ordm;C<br />&nbsp;</li></ul>',	NULL,	NULL,	NULL,	NULL,	NULL,	NULL,	1,	NULL,	180,	7,	NULL,	35,	'2019-09-21 00:51:26',	'2021-02-12 14:48:56',	NULL),
(160,	'GPT/ALT',	'gptalt',	'<ul><li>Presentaci&oacute;n&nbsp;&nbsp; &nbsp;5 x 20 ml</li><li>M&eacute;todo&nbsp;&nbsp; &nbsp;IFCC</li><li>C&oacute;digo&nbsp;&nbsp; &nbsp;AL 1268</li><li>Estabilidad&nbsp;&nbsp; &nbsp;14 d&iacute;as a 2-8&ordm;C</li></ul><p>&nbsp;</p><ul><li>Presentaci&oacute;n&nbsp;&nbsp; &nbsp;5 x 100 ml</li><li>M&eacute;todo&nbsp;&nbsp; &nbsp;IFCC</li><li>C&oacute;digo&nbsp;&nbsp; &nbsp;AL 2360</li><li>Estabilidad&nbsp;&nbsp; &nbsp;14 d&iacute;as a 2-8&ordm;C</li></ul>',	NULL,	NULL,	NULL,	NULL,	NULL,	NULL,	1,	NULL,	194,	7,	NULL,	35,	'2019-09-21 00:52:36',	'2021-02-12 18:13:24',	NULL),
(161,	'Hemoglobina Total',	'hemoglobina-total',	'<ul><li>Presentaci&oacute;n&nbsp;&nbsp; &nbsp;5 x 100 ml</li><li>M&eacute;todo&nbsp;&nbsp; &nbsp;cianometahemoglobina</li><li>C&oacute;digo&nbsp;&nbsp; &nbsp;HG1539</li><li>Estabilidad&nbsp;&nbsp; &nbsp;6 meses a 15&ordm;C - 25&ordm;C</li></ul>',	NULL,	NULL,	NULL,	NULL,	NULL,	NULL,	1,	NULL,	209,	7,	NULL,	35,	'2019-09-21 00:54:28',	'2021-02-09 02:32:54',	NULL),
(162,	'LDH (piruvato-lactato)',	'ldh-piruvato-lactato',	'<ul><li>Presentaci&oacute;n&nbsp;&nbsp; &nbsp;20 x 3 ml</li><li>M&eacute;todo&nbsp;&nbsp; &nbsp;DGKC</li><li>C&oacute;digo&nbsp;&nbsp; &nbsp;LD 401</li><li>Estabilidad&nbsp;&nbsp; &nbsp;4 d&iacute;as a 2-8&ordm;C</li></ul>',	NULL,	NULL,	NULL,	NULL,	NULL,	NULL,	1,	NULL,	208,	7,	NULL,	35,	'2019-09-21 01:11:27',	'2021-02-09 02:36:46',	NULL),
(163,	'Acusera 24-7 Software',	'acusera-24-7-software',	'<p><em><strong>El software Randox Acusera 247</strong></em></p><p>&nbsp;</p><p>Es un programa basado en la gesti&oacute;n de datos, dise&ntilde;ado principalmente para complementar y apoyar la calidad de los sueros de Control de Calidad Interno y lograr una standarizaci&oacute;n interna de los procesos de medici&oacute;n antes que se vea afectada la exactitud, cualidaddes que le otogan una funci&oacute;n &uml;preventiva&uml;.</p><p>&nbsp;</p><p>Le permite al laboratorio monitorear su desempe&ntilde;o anal&iacute;tico, acceder a reportes peer group y comparar sus resultados con otros laboratorios que usan el mismo control, metodolog&iacute;a e instrumento.</p><p>&nbsp;</p><p>Los datos del peer gruop son actualizados cada 24 horas, brindando as&iacute; la infromaci&oacute;n m&aacute;s actualizada disponible, evitando detectar sesgos o errores despu&eacute;s de 30 d&iacute;as, por tanto otorgando una oportunidad de mejora a tiempo.</p><p>&nbsp;</p><p>El 247 permite detectar facilmente el error, reduce el n&uacute;mero de falsos rechazos y mejora el rendimiento general del control de calidad externo lo que ahorra tiempo, dinero y proporciona seguridad.</p><p>&nbsp;</p><p><em><strong>Ventajas del 247</strong></em></p><p>&nbsp;</p><ul><li>Identificar sesgos, errores sistem&aacute;ticos y problemas de reactivos en tiempo real.</li><li>Minimiza falsos rechazos usando las multi-reglas de Westgard</li><li>Exclusi&oacute;n o inclusi&oacute;n de datos seg&uacute;n la performance predefinidad.</li><li>Mejora el desempe&ntilde;o del CCe por eliminaci&oacute;n de sesgos no detectados entre cada reporte.</li><li>Verifica la precisi&oacute;n de las medias de CC para su instrumento, reactivo y todos los m&eacute;todos.</li><li>Eval&uacute;a cambios entre lotes de reactivo, fabricante, instrumentos, etc.</li><li>Permite adicionar parametros, m&eacute;todos, instrumentos, reactivos y unidades para monitoreo interno.</li><li>Navegaci&oacute;n simple a trav&eacute;s de teclas de uso r&aacute;pido para acceso a todas las funciones.</li><li>Alerta durante el ingreso de resultados por posibles errores de transcipci&oacute;n.</li><li>Visualizaci&oacute;n de datos de hasta tres lotes de suero al mismo tiempo.</li><li>Posibilidad de carga retrospectiva de datos. Acceso limitado por clave.</li><li>Opciones predefinidas para parametros, metodos, instrumentos, reactivos y unidades.</li><li>Incluye l&iacute;mites de desmpe&ntilde;o CLIA, Riqas, Variabilidad Biol&oacute;gica o definidas por el usuario acordes con Tolerancia M&eacute;dica Admisible.</li><li>Gr&aacute;ficas de Levey Jennings basadas en la desviaci&oacute;n est&aacute;ndar y/o porcentaje de desviaci&oacute;n.</li><li>F&aacute;cil ingreso de datos por test, por paneles definidos por el usuario o por integraci&oacute;n LIMS.</li><li>Permite la carga y descarga de resultados del peer group de forma amigable.</li><li>M&uacute;ltiples lenguajes</li><li>Resultados trazables y confidenciales utlizando claves m&uacute;ltiples.</li></ul><p>&nbsp;</p>',	NULL,	'1569329809-Acusera 247 medida de incertidumbre 400px.jpg',	NULL,	NULL,	NULL,	NULL,	1,	NULL,	260,	7,	NULL,	46,	'2019-09-24 17:53:30',	'2021-02-12 14:25:02',	NULL),
(164,	'Streck  STATS-Link®',	'streck-stats-link',	'<p><em><strong>STATS-Link&reg;&nbsp;</strong></em></p><p>es un mejorado portal de acceso a los datos que permite que los laboratorios env&iacute;en datos en l&iacute;nea, visualicen informes en tiempo real, obtengan informes actuales y archivados, y administren la informaci&oacute;n de la cuenta del laboratorio.</p><p>&nbsp;</p><p>Los informes&nbsp;<em>STATS&nbsp;</em>tambi&eacute;n se procesan de manera mensual. Estos informes mensuales est&aacute;n disponibles para garantizar que los tama&ntilde;os del grupo de pares se maximicen para una revisi&oacute;n regular peri&oacute;dica de los sistemas de prueba.</p><p>&nbsp;</p><p>Los clientes reciben una notificaci&oacute;n por correo electr&oacute;nico cuando los informes est&aacute;n disponibles y pueden acceder a ellos de inmediato por medio de su segura cuenta&nbsp;<em>STATS</em>-Link. Es posible acceder a los informes archivados durante 12 meses.&nbsp;</p><p>&nbsp;</p><p>Los informes de env&iacute;o de datos en tiempo real y mensuales est&aacute;n disponibles para su conveniencia.</p><p>&nbsp;</p><p>Los grupos de pares incluyen otros laboratorios que utilizan el mismo instrumento, m&eacute;todo y n&uacute;mero de lote de control. Las comparaciones de grupos de pares incluyen estad&iacute;sticas esenciales para el laboratorio y el grupo para el per&iacute;odo de env&iacute;o actual, y datos acumulados recopilados mediante el lote.</p><p>&nbsp;</p><p>El Programa de control de calidad entre laboratorios de Streck,&nbsp;<em>STATS</em>, es una manera efectiva de que los laboratorios eval&uacute;en el desempe&ntilde;o de sus instrumentos o m&eacute;todos en comparaci&oacute;n con un grupo de pares y demuestren el cumplimiento de las pr&aacute;cticas de calidad.&nbsp;<em>STATS&nbsp;</em>recopila datos en informes personalizados y f&aacute;ciles de leer para ayudar a los laboratorios a detectar cambios en sus sistemas antes de que estos afecten significativamente los resultados del paciente.</p><p>&nbsp;</p><p><em>STATS&nbsp;</em>est&aacute; disponible para todos los clientes y siempre es gratuito</p><p>&nbsp;</p><p>&nbsp;Otros informes:</p><ul><li>Informe de comparaci&oacute;n de datos hist&oacute;ricos que ayuda a establecer medios individuales del laboratorio y a evaluar el desempe&ntilde;o a lo largo del tiempo</li><li>Informe del gerente consolidado que incluye datos de comparaci&oacute;n personalizados para administradores de diferentes laboratorios</li></ul><p>&nbsp;</p><p>&nbsp;</p><p>&nbsp;</p><p><strong>NUEVO</strong></p><p>Los informes en tiempo real&nbsp;<em>STATS&nbsp;</em>le permiten enviar datos en l&iacute;nea y comparar sus resultados de control con los de otros laboratorios en cualquier momento. Las tendencias o cambios del instrumento pueden reconocerse con mayor rapidez, lo que otorga mayor confianza en el desempe&ntilde;o del instrumento.</p>',	NULL,	'1569330520-stats-webimg 250px.jpg',	NULL,	NULL,	NULL,	NULL,	1,	'1569330520-Guía del usuario para clientes de STATS-Link®.pdf',	228,	13,	NULL,	47,	'2019-09-24 18:08:42',	'2021-02-12 11:29:43',	NULL),
(165,	'CD-Chex Plus® BC - STRECK',	'cd-chex-plus-bc-streck',	'<p>Es una preparaci&oacute;n estabilizada de sangre perif&eacute;rica humana normal destinada a utilizarse como material de control de calidad para los instrumentos de citometr&iacute;a de flujo Beckman Coulter.</p><p>&nbsp;</p><p>&nbsp;</p><p><em><strong>RESUMEN / FUNDAMENTOS</strong></em></p><p>&nbsp;</p><p>La citometr&iacute;a de flujo proporciona una valoraci&oacute;n r&aacute;pida y precisa de la frecuencia y el tipo de leucocitos presentes en una muestra de sangre.</p><p>&nbsp;</p><p>Se ha visto que la cuantificaci&oacute;n de las subclases de leucocitos en sangre perif&eacute;rica resulta &uacute;til para evaluar inmunodeficiencias y trastornos oncol&oacute;gicos y del sistema inmunitario.</p><p>&nbsp;</p><p>Las c&eacute;lulas de control CD-Chex Plus BC poseen ant&iacute;genos de superficie detectables con anticuerpos monoclonales.</p><p>&nbsp;</p><p>Cuando estas c&eacute;lulas se ti&ntilde;en con anticuerpos fluorescentes y se analizan mediante citometr&iacute;a de flujo, proporcionan una referencia para los leucocitos de sangre perif&eacute;rica normal.</p><p>&nbsp;</p><p>Las subclases de leucocitos se pueden distinguir bas&aacute;ndose en propiedades de dispersi&oacute;n de la luz, as&iacute; como en la presencia de ant&iacute;genos celulares de superficie.</p><p>&nbsp;</p><p>CD-Chex Plus BC est&aacute; dise&ntilde;ado para representar leucocitos de sangre perif&eacute;rica normal, donde los linfocitos, monocitos y granulocitos se distinguen bas&aacute;ndose en propiedades de dispersi&oacute;n de la luz.</p><p>&nbsp;</p><p>&nbsp;</p><p>&nbsp;</p><p>Estabilidad (Almacenado de 2&deg;C a 10&deg;C)</p><p>Estabilidad vial-cerrado&nbsp; &nbsp;90 d&iacute;as</p><p>Estabilidad vial-abierto&nbsp; &nbsp; 30 d&iacute;as</p><p>&nbsp;</p><p>&nbsp;</p><p>Normal&nbsp; &nbsp;1 x 3.0 ml&nbsp; &nbsp;213373</p><p>Normal&nbsp; &nbsp;2 x 3.0 ml&nbsp; &nbsp;213374</p><p>Normal&nbsp; &nbsp;5 x 3.0 ml&nbsp; &nbsp;213378</p><p>CD4 Bajo&nbsp; &nbsp;1 x 3.0 ml&nbsp;&nbsp;213371</p><p>CD4 Bajo&nbsp; &nbsp;2 x 3.0 ml&nbsp; &nbsp;213372</p><p>CD4 Bajo&nbsp; &nbsp;5 x 3.0 ml&nbsp; &nbsp;213377</p><p>CD4 Bajo, Normal&nbsp; &nbsp;4 x 3.0 ml&nbsp; &nbsp;213375</p><p>CD4 Bajo, Normal&nbsp; &nbsp;10 x 3.0 ml&nbsp; &nbsp;213376</p>',	NULL,	'1569342564-CD-Chex-Plus-BC 200px.jpg',	NULL,	NULL,	NULL,	NULL,	1,	NULL,	252,	13,	NULL,	60,	'2019-09-24 21:17:03',	'2021-02-12 14:31:26',	NULL),
(166,	'CD-Chex CD34®  -STRECK',	'cd-chex-cd34-streck',	'<p><em><strong>CD-Chex CD34&reg;</strong></em></p><p>&nbsp;</p><p>es una preparaci&oacute;n estabilizada de sangre humana que se utiliza como control completo de proceso en la evaluaci&oacute;n de c&eacute;lulas CD34 positivas.</p><p>&nbsp;</p><p>Se debe utilizar con BD Biosciences ProCOUNT&trade; Progenitor Cell Enumeration Kit, BD&trade; Stem Cell Enumeration Kit, Beckman Coulter&reg; Stem-Kit&trade; y con sistemas que utilicen el protocolo ISHAGE para la enumeraci&oacute;n de c&eacute;lulas CD34.</p><p>&nbsp;</p><p>&nbsp;</p><p><em><strong>RESUMEN Y PRINCIPIOS</strong></em></p><p>&nbsp;</p><p>La enumeraci&oacute;n de CD34 por citometr&iacute;a de flujo proporciona una valoraci&oacute;n r&aacute;pida y precisa de la frecuencia de las c&eacute;lulas progenitoras positivas de CD34 en muestras de m&eacute;dula &oacute;sea, sangre del cord&oacute;n umbilical o sangre perif&eacute;rica de pacientes tratados con factores de crecimiento hematopoy&eacute;ticos.</p><p>&nbsp;</p><p>La capacidad de cuantificar las c&eacute;lulas CD34 resulta &uacute;til en trasplantes hematopoy&eacute;ticos.</p><p>&nbsp;</p><p>Las c&eacute;lulas precursoras CD34 positivas pueden distinguirse por sus propiedades de dispersi&oacute;n de la luz y por sus ant&iacute;genos superficiales.</p><p>&nbsp;</p><p>CD-Chex CD34 est&aacute; dise&ntilde;ado a fin de representar una muestra de sangre que contenga c&eacute;lulas positivas para CD34, con caracter&iacute;sticas similares a las c&eacute;lulas progenitoras: propiedades de dispersi&oacute;n lateral baja o intermedia, expresi&oacute;n de CD34 y baja expresi&oacute;n de CD45 (en comparaci&oacute;n con los linfocitos). Al te&ntilde;irse con anticuerpos monoclonales para el recuento de c&eacute;lulas CD34 positivas, el control CD-Chex CD34 dar&aacute; valores de referencia para las c&eacute;lulas CD34 positivas dentro del intervalo indicado de la hoja del ensayo.</p><p>&nbsp;</p>',	NULL,	'1569342062-CD-Chex-CD34 200px.jpg',	NULL,	NULL,	NULL,	NULL,	1,	NULL,	232,	13,	NULL,	60,	'2019-09-24 21:21:02',	'2021-02-12 14:28:30',	NULL),
(167,	'CD-Chex Plus®  - STRECK',	'cd-chex-plus-streck',	'<p><em><strong>CD-Chex Plus&reg; - Control de Calidad para Citometr&iacute;a de Flujo</strong></em></p><p>&nbsp;</p><p>Est&aacute; indicado para utilizarse como material de control de calidad para evaluar la uni&oacute;n de anticuerpos monoclonales mediante citometr&iacute;a de flujo.</p><p>&nbsp;</p><p>Las c&eacute;lulas de control CD-Chex Plus poseen ant&iacute;genos de superficie detectables con anticuerpos monoclonales. Cuando estas c&eacute;lulas se ti&ntilde;en con anticuerpos fluorescentes y se analizan mediante citometr&iacute;a de flujo, proporcionan una referencia para los leucocitos de sangre perif&eacute;rica normal.</p><p>&nbsp;</p><p>CD-Chex Plus est&aacute; dise&ntilde;ado para utilizarse en los sistemas de citometr&iacute;a de flujo Becton Dickinson y Beckman Coulter&reg;.</p><p>&nbsp;</p><p>&nbsp;</p><p><em><strong>RESUMEN / FUNDAMENTOS</strong></em></p><p>&nbsp;</p><p>El inmunofenotipaje mediante citometr&iacute;a de flujo proporciona una valoraci&oacute;n r&aacute;pida y precisa de la frecuencia y el tipo de leucocitos presentes en una muestra de sangre entera.</p><p>&nbsp;</p><p>Se ha determinado que la cuantificaci&oacute;n de las subclases de leucocitos en sangre perif&eacute;rica resulta &uacute;til para evaluar inmunodeficiencias y trastornos oncol&oacute;gicos y del sistema inmunitario.</p><p>&nbsp;</p><p>CD-Chex Plus es un control de procedimiento positivo de sangre entera con valores de ensayo utilizados para monitorear la tinci&oacute;n de reativos, la lisis de eritrocitos, la preparaci&oacute;n de muestras y el rendimiento de instrumentos.</p><p>&nbsp;</p><p>Las c&eacute;lulas del control CD-Chex Plus imitan muestras de sangre entera poseyendo ant&iacute;genos de superficie detectables con anticuerpos monoclonales fluorescentes mediante citrometr&iacute;a de flujo.</p><p>&nbsp;</p><p>Es posible distinguir subclases de leucocitos a partir de las propiedades de dispersi&oacute;n de la luz, como tambi&eacute;n de la presencia de ant&iacute;genos celulares de superficie.</p><p>&nbsp;</p><p>CD-Chex Plus est&aacute; dise&ntilde;ado para representar leucocitos de sangre perif&eacute;rica normal donde los linfocitos, monocitos y granulocitos se distinguen sobre la base de las propiedades de dispersi&oacute;n de la luz.</p><p>&nbsp;</p><p>&nbsp;</p><p>&nbsp;</p><p>Estabilidad (Almacenado de 2&deg;C a 10&deg;C)</p><p>Estabilidad vial-cerrado&nbsp;&nbsp;90 d&iacute;as</p><p>Estabilidad vial-abierto&nbsp;&nbsp;30 d&iacute;as</p><p>&nbsp;</p><p>&nbsp;<strong><em>Frascos de pl&aacute;stico con tapa perforable</em></strong></p><p>&nbsp;</p><p>Nivel&nbsp; &nbsp;Descripci&oacute;n&nbsp; &nbsp;C&oacute;digo</p><p>Normal&nbsp; &nbsp;2 x 3.0 ml&nbsp; &nbsp;213365</p><p>CD4 Bajo&nbsp;&nbsp;2 x 3.0 ml&nbsp; &nbsp;213366</p><p>CD4 Bajo, Normal&nbsp; &nbsp;2 x 3.0 ml&nbsp; &nbsp;213391</p><p>CD4 Bajo, Normal&nbsp; &nbsp;4 x 3.0 ml&nbsp; &nbsp;213369</p><p>CD4 Bajo, Normal&nbsp; &nbsp;10 x 3.0 ml&nbsp; &nbsp;213370</p><p>&nbsp;</p><p><strong><em>Frascos de vidrio</em></strong></p><p>&nbsp;</p><p>Nivel&nbsp; &nbsp;Descripci&oacute;n&nbsp; &nbsp;C&oacute;digo</p><p>Normal&nbsp; &nbsp;2 x 3.0 ml&nbsp; &nbsp;213326</p><p>CD4 Bajo&nbsp; &nbsp;2 x 3.0 ml&nbsp; &nbsp;213331</p><p>CD4 Bajo, Normal&nbsp; &nbsp;2 x 3.0 ml&nbsp; &nbsp;213340</p><p>CD4 Bajo, Normal&nbsp; &nbsp;4 x 3.0 ml&nbsp; &nbsp;213341</p><p>CD4 Bajo, Normal&nbsp; &nbsp;10 x 3.0 ml&nbsp; &nbsp;213344</p>',	NULL,	'1569342505-CD-Chex-Plus 200px.jpg',	NULL,	NULL,	NULL,	NULL,	1,	NULL,	198,	13,	NULL,	60,	'2019-09-24 21:28:25',	'2021-02-12 14:28:38',	NULL),
(168,	'CAL-CHEX  STRECK',	'cal-chex-streck',	'<p>CAL-CHEX</p><p>CALIBRADOR</p><p>Un producto de sangre entera fabricado para calibrar analizadores de hematolog&iacute;a multiparam&eacute;tricos.</p><p>Conveniente</p><ul><li>Valor asignado a partir de an&aacute;lisis replicados en analizadores calibrados de sangre completa</li><li>Ensayo en los instrumentos Beckman Coulter&reg;, Abbott, Horiba Medical, Siemens Healthcare Diagnostics y Mindray</li><li>Disponible en viales de pl&aacute;stico perforables con tapa para el muestreo autom&aacute;tico del analizador</li></ul><p>Estable</p><ul><li>Estabilidad de vial cerrado de 45 d&iacute;as</li><li>Estabilidad de vial abierto de 5 d&iacute;as</li></ul>',	NULL,	'1569344796-Cal-Chex 400PX.jpg',	NULL,	NULL,	NULL,	NULL,	1,	NULL,	215,	13,	NULL,	61,	'2019-09-24 22:06:36',	'2021-02-09 02:46:00',	NULL),
(169,	'CAL-CHEX A PLUS  STRECK',	'cal-chex-a-plus-streck',	'<p>&nbsp;</p><p>&nbsp;</p><p>CAL-CHEX A PLUS</p><p>CALIBRADOR</p><p>Un producto de sangre entera fabricado para calibrar analizadores de hematolog&iacute;a multiparam&eacute;tricos.</p><p>Conveniente</p><ul><li>Valor asignado a partir de an&aacute;lisis replicados en analizadores calibrados de sangre completa</li><li>Ensayado en los instrumentos Abbott CELL-DYN&reg; 3500, 3700 y Ruby&reg;</li><li>Disponible en viales de pl&aacute;stico perforables con tapa para el muestreo autom&aacute;tico del analizador</li></ul><p>Estable</p><ul><li>Estabilidad de vial cerrado de 45 d&iacute;as</li><li>Estabilidad de vial abierto de 5 d&iacute;as</li></ul>',	NULL,	'1569344994-Cal-Chex-A-Plus400 px.jpg',	NULL,	NULL,	NULL,	NULL,	1,	NULL,	207,	13,	NULL,	61,	'2019-09-24 22:09:54',	'2021-02-09 07:32:49',	NULL),
(170,	'PARA 12® EXTEND   STRECK',	'para-12-extend-streck',	'<p>&nbsp;</p><p>&nbsp;</p><p>PARA 12&reg; EXTEND</p><p>CONTROL DE HEMATOLOG&Iacute;A</p><p>Un control de hematolog&iacute;a de sangre completa con tres poblaciones distintas de linfocitos, mononucleares y granulocitos.</p><p><strong>Conveniente</strong></p><ul><li>Se ensayaron para Abbott&nbsp;&reg;&nbsp;, Beckman Coulter&nbsp;&reg;&nbsp;, Diatron&nbsp;&reg;&nbsp;, Erma, Horiba m&eacute;dica, Mindray, Nihon Kohden y Siemens Healthcare Diagnostics instrumentos</li><li>Disponible en tres niveles cl&iacute;nicamente significativos.</li><li>Varios porcentajes diferenciales de 3 partes prueban la precisi&oacute;n y precisi&oacute;n de las poblaciones de gl&oacute;bulos blancos informadas</li><li>Viales de pl&aacute;stico perforables para el muestreo autom&aacute;tico del analizador</li></ul><p><strong>Estable</strong></p><ul><li>Estabilidad de vial cerrado de 190 d&iacute;as</li><li>Estabilidad de vial abierto de 30 d&iacute;as</li></ul>',	NULL,	'1569345178-Para-12-EX-logo-update-all 400PX.jpg',	NULL,	NULL,	NULL,	NULL,	1,	NULL,	240,	13,	NULL,	61,	'2019-09-24 22:12:58',	'2021-02-12 13:11:09',	NULL),
(171,	'PARA 12® PLUS   STRECK',	'para-12-plus-streck',	'<p>&nbsp;</p><p>&nbsp;</p><p>PARA 12&reg; PLUS</p><p>CONTROL DE HEMATOLOG&Iacute;A</p><p>Un control de hematolog&iacute;a de sangre completa formulado espec&iacute;ficamente para los&nbsp;instrumentos diferenciales de 5 partes&nbsp;Abbott CELL-DYN&nbsp;&reg;&nbsp;, incluidos CELL-DYN 3200, 3500, 3700 y Ruby&nbsp;&reg;&nbsp;.</p><p><strong>Conveniente</strong></p><ul><li>Viales de pl&aacute;stico perforables para el muestreo autom&aacute;tico del analizador</li><li>Disponible en tres niveles cl&iacute;nicamente significativos.</li></ul><p><strong>Estable</strong></p><ul><li>Estabilidad de vial cerrado de 75 d&iacute;as</li><li>Estabilidad de vial abierto de 7 d&iacute;as</li></ul>',	NULL,	'1569345453-Para-12-Plus 400PX.jpg',	NULL,	NULL,	NULL,	NULL,	1,	NULL,	196,	13,	NULL,	61,	'2019-09-24 22:17:33',	'2021-02-09 07:28:55',	NULL),
(172,	'STAK-CHEX®   STRECK',	'stak-chex-streck',	'<p>&nbsp;</p><p>&nbsp;</p><p>STAK-CHEX&reg;</p><p>CONTROL DE SANGRE ENTERA</p><p>Ofrece valores de an&aacute;lisis completos para el diferencial de gl&oacute;bulos blancos de 5 partes disponible con los instrumentos Beckman Coulter&reg; HmX y LH 500.</p><p><strong>Conveniente</strong></p><ul><li>Disponible en tres niveles cl&iacute;nicamente significativos.</li><li>Viales de pl&aacute;stico perforables para el muestreo autom&aacute;tico del analizador</li><li>Los archivos de valores de an&aacute;lisis est&aacute;n disponibles para su descarga a trav&eacute;s de archivos Zip para LH 500 y HmX</li><li>Los viales tienen un c&oacute;digo de barras para el acceso correcto al control de calidad</li></ul><p><strong>Estable</strong></p><ul><li>Estabilidad de vial cerrado de 105 d&iacute;as</li><li>Estabilidad de vial abierto de 14 d&iacute;as</li></ul>',	NULL,	'1569345818-StaCk Chex 205 px.jpg',	NULL,	NULL,	NULL,	NULL,	1,	NULL,	192,	13,	NULL,	61,	'2019-09-24 22:23:38',	'2021-02-09 07:22:54',	NULL),
(173,	'STAK-CHEX® PLUS RETICS   STRECK',	'stak-chex-plus-retics-streck',	'<p>&nbsp;</p><p>RETICS STAK-CHEX&reg; PLUS</p><p>CONTROL DE SANGRE ENTERA</p><p>Un control diferencial de gl&oacute;bulos blancos de 5 partes que monitorea todos los par&aacute;metros, incluidos los reticulocitos y los gl&oacute;bulos rojos nucleados en los&nbsp;instrumentos&nbsp;Beckman Coulter&nbsp;&reg;&nbsp;.</p><p><strong>Conveniente</strong></p><ul><li>El &uacute;nico control combinado que incluye todos los par&aacute;metros de CBC, reticulocitos y gl&oacute;bulos rojos nucleados que pueden analizarse en una sola ejecuci&oacute;n.</li><li>Ensayos proporcionados para UniCel&reg; DxH &trade; 600 y UniCel DxH 800, LH 750/755, LH 780/780, LH 500 y HmX.</li><li>El ensayo contiene valores de reticulocitos autom&aacute;ticos y manuales en tres niveles de control cl&iacute;nicamente significativos y gl&oacute;bulos rojos nucleados en un nivel.</li><li>Viales de pl&aacute;stico perforables para el muestreo autom&aacute;tico del analizador</li></ul><p><strong>Estable</strong></p><ul><li>Estabilidad de vial cerrado de 105 d&iacute;as</li><li>Estabilidad de vial abierto de 14 d&iacute;as</li></ul>',	NULL,	'1569345927-StaCk Chex Plus 250 px.jpg',	NULL,	NULL,	NULL,	NULL,	1,	NULL,	200,	13,	NULL,	61,	'2019-09-24 22:25:27',	'2021-02-09 07:40:33',	NULL),
(174,	'CELL-CHEX®   STRECK',	'cell-chex-streck',	'<p>&nbsp;</p><p>&nbsp;</p><p>&nbsp;</p><p>CELL-CHEX&reg;</p><p>CONTROL DE FLUIDOS CORPORALES</p><p>El &uacute;nico control de procedimiento de fluidos corporales para recuentos de gl&oacute;bulos rojos y gl&oacute;bulos blancos, identificaci&oacute;n de cristales y diferenciaci&oacute;n de gl&oacute;bulos blancos.</p><p><strong>Exhaustivo</strong></p><ul><li>Combina el recuento total de c&eacute;lulas y el diferencial de WBC para validar todo el procedimiento de calificaci&oacute;n y cuantificaci&oacute;n</li><li>Solo control de fluidos corporales que contienen cristales</li><li>Tres niveles de control.</li></ul><p><strong>Estable</strong></p><ul><li>Estabilidad de vial cerrado de 180 d&iacute;as</li><li>Estabilidad de vial abierto de 30 d&iacute;as</li></ul>',	NULL,	'1569346744-Cell-Chex-Family-logo-update 400PX.jpg',	NULL,	NULL,	NULL,	NULL,	1,	NULL,	204,	13,	NULL,	63,	'2019-09-24 22:39:05',	'2021-02-12 14:24:48',	NULL),
(175,	'CELL-CHEX® AUTO   STRECK',	'cell-chex-auto-streck',	'<p>&nbsp;</p><p>&nbsp;</p><p>CELL-CHEX&reg; AUTO</p><p>CONTROL DE FLUIDOS CORPORALES</p><p>El primer control automatizado de recuento de c&eacute;lulas de fluidos corporales para instrumentos de hematolog&iacute;a Abbott&reg;, Beckman Coulter&reg;, Siemens Healthcare Diagnostics y Sysmex&reg;.</p><p><strong>Conveniente</strong></p><ul><li>Verifica la precisi&oacute;n del instrumento en los l&iacute;mites inferiores de linealidad WBC y RBC</li><li>Los tres niveles de control son inferiores al nivel anormal bajo de los controles diarios de CBC</li><li>Los viales perforables en la tapa permiten el muestreo autom&aacute;tico mediante un instrumento</li></ul><p><strong>Estable</strong></p><ul><li>Estabilidad de vial cerrado de 75 d&iacute;as</li><li>Estabilidad de vial abierto de 30 d&iacute;as</li></ul>',	NULL,	'1569346886-Cell-Chex-Auto 400PX.jpg',	NULL,	NULL,	NULL,	NULL,	1,	NULL,	222,	13,	NULL,	63,	'2019-09-24 22:41:26',	'2021-02-12 14:29:21',	NULL),
(176,	'Toxoplasmosis',	'toxoplasmosis',	'<p>&nbsp;</p><p>SERION ELISA classic - Toxoplasma gondii IgG &nbsp; - ESR 110 G<br />SERION ELISA classic - Toxoplasma gondii IgM &nbsp; - ESR 110 M</p><p>&nbsp;</p><p>USO PREVISTO</p><p>&nbsp;</p><p>Las pruebas SERION ELISA classic Toxoplasma gondii IgG e IgM son inmunoensayos cuantitativos y cualitativos para la detecci&oacute;n de anticuerpos humanos dirigidos contra Toxoplasma gondii en suero o plasma.&nbsp;</p><p>&nbsp;</p><p>La prueba SERION ELISA classic Toxoplasma gondii IgG permite determinar el estado inmunitario, as&iacute; como detectar anticuerpos sintetizados en el espacio intratecal para el diagn&oacute;stico del LCR y, si se utiliza el reactivo de avidez correspondiente, tambi&eacute;n permite detectar la avidez de los anticuerpos IgG con el fin de diferenciar entre una infecci&oacute;n aguda y una infecci&oacute;n pasada.&nbsp;</p><p>&nbsp;</p><p>La prueba SERION ELISA classic Toxoplasma gondii IgM sirve como ensayo inicial para la detecci&oacute;n de infecciones agudas.&nbsp;</p><p>&nbsp;</p><p>La prueba SERION ELISA classic Toxoplasma gondii IgM es apropiada para la detecci&oacute;n en neonatos con la prueba de sangre seca (dried blood spots, DBS).</p>',	NULL,	NULL,	NULL,	NULL,	NULL,	NULL,	1,	NULL,	218,	15,	NULL,	29,	'2019-09-24 23:09:19',	'2021-02-08 22:58:29',	NULL),
(177,	'Rubeola',	'rubeola',	'<ul><li>SERION ELISA classic Rubella Virus IgG &nbsp;ESR129G</li><li>SERION ELISA classic Rubella Virus IgM &nbsp;ESR129M</li></ul><p><br />USO PREVISTO</p><p>Las pruebas SERION ELISA classic Rubella Virus IgG e IgM son inmunoensayos cuantitativos y cualitativos para la detecci&oacute;n de anticuerpos dirigidos contra el virus de la rub&eacute;ola en suero o plasma.&nbsp;</p><p><br />La prueba SERION ELISA classic Rubella Virus IgM sirve como ensayo inicial para la detecci&oacute;n de infecci&oacute;n agudas.&nbsp;</p><p><br />La prueba SERION ELISA classic Rubella Virus IgG permite determinar el estado inmunitario, as&iacute; como detectar anticuerpos IgG producidos en el espacio intratecal para el diagn&oacute;stico del LCR.&nbsp;</p><p><br />Asimismo, la prueba SERION ELISA classic Rubella Virus IgG permite determinar la avidez de los anticuerpos IgG usando el reactivo de avidez correspondiente para diferenciar entre infecciones agudas y anteriores.&nbsp;</p><p><br />La prueba SERION ELISA classic Rubella Virus IgM se evalu&oacute; para medir los anticuerpos IgM espec&iacute;ficos del pat&oacute;geno en sangre seca de reci&eacute;n nacidos a fin de detectar una infecci&oacute;n en neonatos.</p>',	NULL,	NULL,	NULL,	NULL,	NULL,	NULL,	1,	NULL,	200,	15,	NULL,	29,	'2019-09-24 23:22:02',	'2021-02-08 22:57:36',	NULL),
(178,	'Citomegalovirus',	'citomegalovirus',	'<ul><li>SERION ELISA classic Cytomegalovirus IgG N&ordm; de pedido: ESR109G</li><li>SERION ELISA classic Cytomegalovirus IgM N&ordm; de pedido: ESR109M</li></ul><p>&nbsp;</p><p><br />USO PREVISTO</p><p><br />Las pruebas de SERION ELISA classic Cytomegalovirus IgG e IgM son inmunoensayos cuantitativos y cualitativos para la detecci&oacute;n de anticuerpos humanos en suero o plasma dirigidos frente a Cytomegalovirus.&nbsp;</p><p><br />La prueba SERION ELISA classic Cytomegalovirus IgG tambi&eacute;n permite la detecci&oacute;n de anticuerpos sintetizados en el espacio intratecal intrathecal en l&iacute;quido cefalorraqu&iacute;deo para el diagn&oacute;stico de LCR.&nbsp;</p><p><br />SERION ELISA classic Cytomegalovirus IgM est&aacute; recomendado para la detecci&oacute;n de infecciones agudas. Los anticuerpos IgM dirigidos frente a Cytomegalovirus se detectan frecuentemente en caso de estimulaci&oacute;n policlonal y pueden persistir a lo largo de un periodo de tiempo extenso.&nbsp;</p><p><br />La prueba de SERION ELISA classic Cytomegalovirus IgG combinada con el reactivo de avidez de CMV SERION ELISA classic Cytomegalovirus avidity reagent (N&ordm; de pedido: B109AVID) permite la determinaci&oacute;n de la avidez de anticuerpo IgG para la discriminaci&oacute;n de infecciones agudas y recientes.&nbsp;</p><p><br />La prueba SERION ELISA classic Cytomegalovirus IgM es apropiada para la detecci&oacute;n en neonatos con la prueba de sangre seca (dried blood spots, DBS).</p>',	NULL,	NULL,	NULL,	NULL,	NULL,	NULL,	1,	NULL,	270,	15,	NULL,	29,	'2019-09-24 23:31:01',	'2021-02-08 23:01:47',	NULL),
(179,	'Herpes Simplex Virus',	'herpes-simplex-virus',	'<ul><li>SERION ELISA classic Herpes Simplex Virus 1/2 IgA N&ordm; de pedido: ESR105A</li><li>SERION ELISA classic Herpes Simplex Virus 1/2 IgG N&ordm; de pedido: ESR105G</li><li>SERION ELISA classic Herpes Simplex Virus 1/2 IgM N&ordm; de pedido: ESR105M</li><li>SERION ELISA classic Herpes Simplex Virus 1 IgG N&ordm; de pedido: ESR1051G</li><li>SERION ELISA classic Herpes Simplex Virus 1 IgM N&ordm; de pedido: ESR1051M</li><li>SERION ELISA classic Herpes Simplex Virus 2 IgG N&ordm; de pedido: ESR1052G</li><li>SERION ELISA classic Herpes Simplex Virus 2 IgM N&ordm; de pedido: ESR1052M</li></ul><p>&nbsp;</p><p>USO PREVISTO</p><p>&nbsp;</p><p>Las pruebas SERION ELISA classic Herpes Simplex Virus 1/2 IgA, IgG e IgM son inmunoensayos cualitativos y cuantitativos para la detecci&oacute;n de anticuerpos humanos dirigidos contra los virus del herpes simple en suero o plasma.</p><p><br />La demostraci&oacute;n de la presencia de anticuerpos IgM sirve para diagnosticar infecciones agudas.</p><p><br />La prueba SERION ELISA classic HSV 1/2 IgG se utiliza para determinar el estado inmunitario.&nbsp;</p><p><br />La detecci&oacute;n de anticuerpos IgA permite sobre todo diagnosticar reactivaciones. Las pruebas SERION ELISA classic HSV 1/2 IgA e IgG est&aacute;n recomendadas para demost</p>',	NULL,	NULL,	NULL,	NULL,	NULL,	NULL,	1,	NULL,	201,	15,	NULL,	29,	'2019-09-24 23:37:25',	'2021-02-08 23:05:38',	NULL),
(180,	'Dengue NS1',	'dengue-ns1',	NULL,	NULL,	NULL,	NULL,	NULL,	NULL,	NULL,	1,	NULL,	213,	16,	NULL,	28,	'2019-09-26 00:43:16',	'2021-02-08 22:59:17',	NULL),
(181,	'Dengue IgM Captura',	'dengue-igm-captura',	'<p>DetectTM IgM CAPTURE ELISA</p><p>&nbsp;</p><p>La prueba DENV Detect IgM Capture ELISA est&aacute; dise&ntilde;ada para la detecci&oacute;n cualitativa de anticuerpos IgM contra ant&iacute;genos recombinantes DEN (DENRA) en suero para diagn&oacute;stico provisional en laboratorio cl&iacute;nico de infecciones por el virus del dengue</p>',	NULL,	NULL,	NULL,	NULL,	NULL,	NULL,	1,	'1589224914-InBios DENV Detect IgM Captue ELISA Insert (spanish).pdf',	197,	16,	NULL,	28,	'2019-09-26 00:45:24',	'2021-02-08 23:06:27',	NULL),
(182,	'Dengue IgG',	'dengue-igg',	NULL,	NULL,	NULL,	NULL,	NULL,	NULL,	NULL,	1,	NULL,	180,	16,	NULL,	28,	'2019-09-26 00:47:57',	'2021-02-08 22:58:57',	NULL),
(183,	'Chikungunya IgM',	'chikungunya-igm',	NULL,	NULL,	NULL,	NULL,	NULL,	NULL,	NULL,	1,	NULL,	179,	16,	NULL,	28,	'2019-09-26 00:51:44',	'2021-02-08 23:04:48',	NULL),
(184,	'Chikungunya IgG',	'chikungunya-igg',	NULL,	NULL,	NULL,	NULL,	NULL,	NULL,	NULL,	1,	NULL,	178,	16,	NULL,	28,	'2019-09-26 00:52:51',	'2021-02-08 23:04:16',	NULL),
(185,	'ZIKV Detect™ 2.0 IgM Capture ELISA',	'zikv-detect-20-igm-capture-elisa',	'<p><em><strong>Primer kit de serolog&iacute;a&nbsp;en recibir la autorizaci&oacute;n de comercializaci&oacute;n de la FDA</strong></em></p><ul><li>Diferencia a los pacientes positivos para IgM Zika de aquellos infectados con otros flavivirus como el West Nile&nbsp;o el Dengue</li><li>Sensibilidad:&gt; 90%</li><li>Especificidad:&gt; 96%</li><li>Resultados en 4 horas</li></ul>',	NULL,	NULL,	NULL,	NULL,	NULL,	NULL,	1,	NULL,	217,	16,	NULL,	28,	'2019-09-26 00:56:40',	'2021-02-08 23:10:43',	NULL),
(186,	'Dengue IgM Cuantitativo',	'dengue-igm-cuantitativo',	NULL,	NULL,	NULL,	NULL,	NULL,	NULL,	NULL,	1,	NULL,	190,	16,	NULL,	28,	'2019-09-26 01:00:27',	'2021-02-08 23:08:35',	NULL),
(187,	'Helicobacter Pylori',	'helicobacter-pylori',	'<ul><li>SERION ELISA classic Helicobacter pylori IgA ESR118A</li><li>SERION ELISA classic Helicobacter pylori IgG &nbsp;ESR118G</li><li>SERION ELISA classic Helicobacter pylori IgM ESR118M</li></ul><p>USO PREVISTO</p><p>Las pruebas de SERION ELISA classic Helicobacter pylori IgA, IgG e IgM son inmunoensayos cuantitativos y cualitativos para la detecci&oacute;n de anticuerpos humanos en suero o plasma dirigidos frente a Helicobacter pylori.&nbsp;</p><p>La detecci&oacute;n por separado de clases de inmunoglobulinas individuales ofrece una confirmaci&oacute;n del contacto con el pat&oacute;geno y la determinaci&oacute;n del estado de la enfermedad.</p>',	NULL,	NULL,	NULL,	NULL,	NULL,	NULL,	1,	NULL,	202,	15,	NULL,	31,	'2019-09-26 18:12:09',	'2021-02-08 23:07:18',	NULL),
(188,	'Leptospira',	'leptospira',	'<ul><li>SERION ELISA classic Leptospira IgG N&ordm; de pedido: ESR125G</li><li>SERION ELISA classic Leptospira IgM N&ordm; de pedido: ESR125M</li></ul><p>USO PREVISTO</p><p><br />Las pruebas de SERION ELISA classic Leptospira IgG e IgM son inmunoensayos cuantitativos y cualitativos para la detecci&oacute;n de anticuerpos humanos en suero o plasma dirigidos frente a Leptospira spp.&nbsp;</p><p>La prueba SERION ELISA classic Leptospira IgM est&aacute; recomendada para la determinaci&oacute;n de leptospirosis aguda, mientras que la prueba SERION ELISA classic Leptospira IgG se puede utilizar adem&aacute;s de la prueba SERION ELISA classic Leptospira IgM para proporcionar un cuadro inmunol&oacute;gico completo.</p>',	NULL,	NULL,	NULL,	NULL,	NULL,	NULL,	1,	NULL,	202,	15,	NULL,	31,	'2019-09-26 18:16:09',	'2021-02-08 22:59:34',	NULL),
(189,	'Tetanus IgG',	'tetanus-igg',	'<p>SERION ELISA classic Tetanus IgG N&ordm; de pedido: ESR108G</p><p><br />USO PREVISTO</p><p><br />Las pruebas de SERION ELISA classic Tetanus IgG son inmunoensayos cuantitativos para la detecci&oacute;n de anticuerpos humanos en suero o plasma dirigidos frente a la toxina tet&aacute;nica.</p><p><br />El SERION ELISA classic Tetanus IgG est&aacute; recomendado para la determinaci&oacute;n del t&iacute;tulo de la toxina antitet&aacute;nica, para el control de la vacunaci&oacute;n y para la determinaci&oacute;n del estado inmunol&oacute;gico individual actual y para prevenir reacciones de hiperinmunidad.</p>',	NULL,	NULL,	NULL,	NULL,	NULL,	NULL,	1,	NULL,	193,	15,	NULL,	31,	'2019-09-26 18:24:36',	'2021-02-08 23:01:21',	NULL),
(190,	'Chagas Ag purificados',	'chagas-ag-purificados',	'<p>&nbsp;</p><p>&nbsp;</p><p><em><strong>BIOZIMA CHAGAS</strong></em></p><p>&nbsp;</p><p>Ensayo inmunoenzim&aacute;tico para la detecci&oacute;n de anticuerpos contra el Trypanosoma Cruzi en suero humano</p><p>&nbsp;</p><p>&nbsp;</p><p>PRESENTACIONES</p><p>Equipo por 96 determinaciones (Cod.BCH96)<br />Equipo por 192 determinaciones (Cod.BCH192)</p><p><br />SENSIBILIDAD Y ESPECIFICIDAD</p><p>Sensibilidad 100% frente a paneles internos y externos pertenecientes a instituciones de referencia<br />Especificidad &gt;99%</p>',	NULL,	NULL,	NULL,	NULL,	NULL,	NULL,	1,	'1569527011-Inserto BIOZIMA CHAGAS.pdf',	220,	2,	NULL,	30,	'2019-09-26 19:04:28',	'2021-02-08 23:07:43',	NULL),
(191,	'Chagas Ag recombinante',	'chagas-ag-recombinante',	'<p>&nbsp;</p><p>&nbsp;</p><p><em><strong>BIOZIMA CHAGAS RECOMBINANTE</strong></em></p><p>&nbsp;</p><p>Enzimoinmunoensayo (ELISA) de tercera generaci&oacute;n para la detecci&oacute;n de anticuerpos espec&iacute;ficos contra el Trypanosoma cruzi en suero o plasma humano</p><p>&nbsp;</p><p><strong>PRINCIPIO DEL ENSAYO</strong></p><p>Es un ensayo inmunoenzim&aacute;tico, heterog&eacute;neo, no competitivo, basado en el m&eacute;todo indirecto de tercera generaci&oacute;n debido al uso de ant&iacute;genos recombinantes para la detecci&oacute;n de anticuerpos contra el T.cruzi en muestras de suero &oacute; plasma humano. Los ant&iacute;genos se obtienen por t&eacute;cnica de ADN recombinante y representan epitopes inmunodominantes correspondientes a los estad&iacute;os epimastigote y trypomastigote de diferentes cepas del Trypanosoma cruzi</p><p><br />PRESENTACIONES:<br />Equipos por 96 determinaciones (Cod. R96)<br />Equipos por 192 determinaciones (Cod. R192)</p><p><br />SENSIBILIDAD Y ESPECIFICIDAD</p><p>Sensibilidad 100% frente a paneles internos y externos pertenecientes a instituciones de referencia<br />Especificidad &gt;99%</p>',	NULL,	'1577372712-Biozima Chagas Recombinante 400x300.jpg',	NULL,	NULL,	NULL,	NULL,	1,	'1577372712-Inserto BIOZIMA CHAGAS RECOMBINANTE.pdf',	195,	2,	NULL,	30,	'2019-09-26 19:15:53',	'2021-02-08 23:08:12',	NULL),
(192,	'Echinococcus',	'echinococcus',	'<p>&nbsp;</p><p>&nbsp;</p><p>SERION ELISA classic Echinococcus IgG &nbsp;ESR107G</p><p><br />USO PREVISTO</p><p><br />Las pruebas de SERION ELISA classic Echinococcus IgG son inmunoensayos cuantitativos y cualitativos para la detecci&oacute;n de anticuerpos humanos en suero o plasma dirigidos frente a Echinococcus granulosus y Echinococcus multilocularis.&nbsp;</p><p>El ensayo se utiliza para el diagn&oacute;stico de infecciones agudas, el seguimiento serol&oacute;gico del tratamiento y estudios epidemiol&oacute;gicos.</p>',	NULL,	NULL,	NULL,	NULL,	NULL,	NULL,	1,	NULL,	209,	15,	NULL,	30,	'2019-09-26 19:22:52',	'2021-02-08 23:02:15',	NULL),
(193,	'Leishmania',	'leishmania',	'<p>&nbsp;</p><p>SERION ELISA classic Leishmania IgG N&ordm; de pedido: ESR147G</p><p>USO PREVISTO</p><p><br />La prueba SERION ELISA classic Leishmania IgG es un inmunoensayo cualitativo y cuantitativo para la demostraci&oacute;n de la presencia de anticuerpos IgG dirigidos contra Leishmania en suero o plasma.</p><p><br />El ensayo sirve para corroborar el diagn&oacute;stico de leishmaniosis visceral, as&iacute; como para confirmar el contacto con el pat&oacute;geno y para determinar el estado inmunitario en los estudios epidemiol&oacute;gicos.</p>',	NULL,	NULL,	NULL,	NULL,	NULL,	NULL,	1,	NULL,	224,	15,	NULL,	30,	'2019-09-26 19:27:34',	'2021-02-08 22:59:53',	NULL),
(194,	'Chagas anticuerpos contra receptores a neurotransmisores autonómicos.',	'chagas-anticuerpos-contra-receptores-a-neurotransmisores-autonomicos',	'<p><em><strong>CHAGACOR</strong></em></p><p>&nbsp;</p><p>Diagn&oacute;stico presuntivo del S&iacute;ndrome de Disautonom&iacute;a Perif&eacute;rica</p><p><br />Ensayo inmunoenzim&aacute;tico para la investigaci&oacute;n de anticuerpos contra Receptores a neurotransmisores auton&oacute;micos para diagn&oacute;stico presuntivo del S&iacute;ndrome de Disautonom&iacute;a Perif&eacute;rica en la Enfermedad de Chagas.</p><p><br />Uso &ldquo;In Vitro&rdquo;. 96 determinaciones.</p>',	NULL,	NULL,	NULL,	NULL,	NULL,	NULL,	1,	'1569587460-Inserto CHAGACOR.pdf',	177,	2,	NULL,	30,	'2019-09-26 19:34:21',	'2021-02-08 23:11:22',	NULL),
(195,	'Adenovirus',	'adenovirus',	'<ul><li>SERION ELISA classic Adenovirus IgA N&ordm; de pedido: ESR128A</li><li>SERION ELISA classic Adenovirus IgG N&ordm; de pedido: ESR128G</li><li>SERION ELISA classic Adenovirus IgM N&ordm; de pedido: ESR128M</li></ul><p>&nbsp;</p><p>Las pruebas de SERION ELISA classic Adenovirus IgA, IgG e IgM son inmunoensayos para la detecci&oacute;n de anticuerpos humanos en suero o plasma dirigidos frente a todos los serotipos de adenovirus humano pat&oacute;genos.</p><p><br />Los ensayos sirven de apoyo en el diagn&oacute;stico de enfermedades respiratorias agudas y el diagn&oacute;stico diferencial.&nbsp;</p><p><br />La prueba SERION ELISA classic Adenovirus IgG permite demostrar la presencia de anticuerpos IgG sintetizados en el espacio intratecal en el diagn&oacute;stico del LCR.</p>',	NULL,	NULL,	NULL,	NULL,	NULL,	NULL,	1,	NULL,	215,	15,	NULL,	32,	'2019-09-26 19:39:49',	'2021-02-11 21:10:42',	NULL),
(196,	'Bordetella Pertussis',	'bordetella-pertussis',	'<ul><li>SERION ELISA classic Bordetella pertussis IgA N&ordm; de pedido: ESR120A</li><li>SERION ELISA classic Bordetella pertussis IgG N&ordm; de pedido: ESR120G</li><li>SERION ELISA classic Bordetella pertussis IgM N&ordm; de pedido: ESR120M</li></ul><p><br />USO PREVISTO</p><p><br />Las pruebas SERION ELISA classic Bordetella pertussis IgA, IgG e IgM son inmunoensayos cuantitativos y cualitativos para la detecci&oacute;n de anticuerpos humanos dirigidos contra Bordetella pertussis y Bordetella parapertussis en suero o plasma, a fin de confirmar en el laboratorio la existencia de tos ferina.&nbsp;</p><p><br />La detecci&oacute;n diferencial de clases de anticuerpos individuales ayuda a clasificar la fase de la enfermedad.</p>',	NULL,	NULL,	NULL,	NULL,	NULL,	NULL,	1,	NULL,	187,	15,	NULL,	32,	'2019-09-26 20:48:12',	'2021-02-08 23:08:54',	NULL),
(197,	'Bordetella Pertussis Toxin',	'bordetella-pertussis-toxin',	'<ul><li>SERION ELISA classic Bordetella pertussis Toxin IgA N&ordm; de pedido: ESR1201A</li><li>SERION ELISA classic Bordetella pertussis Toxin IgG N&ordm; de pedido: ESR1201G</li></ul><p><br />USO PREVISTO<br /><br />Las pruebas de SERION ELISA classic Bordetella pertussis Toxin IgG e IgA son inmunoensayoscualitativos y cuantitativos para la detecci&oacute;n de anticuerpos humanos en suero o plasma&nbsp;dirigidos frente a la toxina de Bordetella pertussis.</p><p>&nbsp;</p><p>Los ensayos est&aacute;n recomendados para demostrar el contacto con el pat&oacute;geno y pueden utilizarse para el diagn&oacute;stico diferencial de laneumon&iacute;a en combinaci&oacute;n con las pruebas de SERION ELISA classic Bordetella pertussis IgA,IgG e IgM.</p>',	NULL,	NULL,	NULL,	NULL,	NULL,	NULL,	1,	NULL,	198,	15,	NULL,	32,	'2019-09-26 20:52:48',	'2021-02-08 23:10:19',	NULL),
(198,	'Mycoplasma Pneumoniae',	'mycoplasma-pneumoniae',	'<ul><li>SERION ELISA classic Mycoplasma pneumoniae IgA N&ordm; de pedido: ESR127A</li><li>SERION ELISA classic Mycoplasma pneumoniae IgG N&ordm; de pedido: ESR127G</li><li>SERION ELISA classic Mycoplasma pneumoniae IgM N&ordm; de pedido: ESR127M</li></ul><p>&nbsp;</p><p><br />USO PREVISTO<br /><br />Las pruebas SERION ELISA classic Mycoplasma pneumoniae IgA, IgG e IgM son&nbsp;inmunoensayos cuantitativos y cualitativos para la detecci&oacute;n de anticuerpos humanos dirigidos&nbsp;contra Mycoplasma pneumoniae en suero o plasma.</p><p>&nbsp;</p><p>La prueba SERION ELISA classic&nbsp;Mycoplasma pneumoniae IgM permite una detecci&oacute;n sensible de infecciones agudas (primarias),&nbsp;sobre todo en ni&ntilde;os y adolescentes.</p><p>&nbsp;</p><p>La prueba SERION ELISA classic Mycoplasma pneumoniae&nbsp;IgA resulta especialmente adecuada para la detecci&oacute;n de reinfecciones.</p><p>&nbsp;</p><p>La prueba SERION&nbsp;ELISA classic Mycoplasma pneumoniae IgG es un indicador de infecciones agudas y pasadas.</p>',	NULL,	NULL,	NULL,	NULL,	NULL,	NULL,	1,	NULL,	210,	15,	NULL,	32,	'2019-09-26 20:58:12',	'2021-02-08 23:09:10',	NULL),
(199,	'Varicella Zoster',	'varicella-zoster',	'<ul><li>SERION ELISA classic Varicella-Zoster Virus IgA N&ordm; de pedido: ESR104A</li><li>SERION ELISA classic Varicella-Zoster Virus IgG N&ordm; de pedido: ESR104G</li><li>SERION ELISA classic Varicella-Zoster Virus IgM N&ordm; de pedido: ESR104M</li></ul><p><br />USO PREVISTO<br /><br />Las pruebas SERION ELISA classic Varicella-Zoster Virus IgA, IgG e IgM son inmunoensayos&nbsp;cualitativos y cuantitativos para la detecci&oacute;n de anticuerpos humanos dirigidos contra el virus de&nbsp;la varicela-z&oacute;ster en suero o plasma.</p><p>&nbsp;</p><p>La determinaci&oacute;n de anticuerpos IgM est&aacute; recomendada para confirmar la existencia de infecciones agudas.</p><p>&nbsp;</p><p>La demostraci&oacute;n de la presencia de&nbsp;anticuerpos IgG dirigidos contra la glucoprote&iacute;na del virus de la varicela-z&oacute;ster (VVZ) permite&nbsp;determinar el estado inmunitario. La detecci&oacute;n de anticuerpos IgA est&aacute; recomendada sobre todo&nbsp;para la confirmaci&oacute;n de reactivaciones.</p><p>&nbsp;</p><p>Las pruebas SERION ELISA classic Varicella-Zoster&nbsp;Virus IgA e IgG permiten demostrar la presencia de anticuerpos sintetizados en el espacio&nbsp;intratecal en el diagn&oacute;stico del LCR</p>',	NULL,	NULL,	NULL,	NULL,	NULL,	NULL,	1,	NULL,	190,	15,	NULL,	33,	'2019-09-26 21:01:58',	'2021-02-08 23:02:33',	NULL),
(200,	'Epstein-Barr',	'epstein-barr',	'<ul><li>SERION ELISA classic Epstein-Barr Virus VCA IgG N&ordm; de pedido: ESR1361G</li><li>SERION ELISA classic Epstein-Barr Virus VCA IgM N&ordm; de pedido: ESR1361M</li><li>SERION ELISA classic Epstein-Barr Virus EBNA1 IgG N&ordm; de pedido: ESR1362G</li><li>SERION ELISA classic Epstein-Barr Virus EA IgG N&ordm; de pedido: ESR1363G</li></ul><p><br />USO PREVISTO<br /><br />Las pruebas de SERION ELISA classic Epstein-Barr Virus EA IgG, VCA IgG, IgM y EBNA1 IgG&nbsp;son inmunoensayos cuantitativos y cualitativos para la detecci&oacute;n de anticuerpos humanos en&nbsp;suero o plasma dirigidos frente a componentes del virus Epstein-Barr (VEB).</p><p>&nbsp;</p><p>SERION ELISA&nbsp;classic Epstein-Barr Virus EA IgG y SERION ELISA classic EBV VCA IgM se recomiendan para&nbsp;la detecci&oacute;n de infecciones agudas o reactivaciones.</p><p>SERION ELISA classic Epstein-Barr Virus&nbsp;VCA IgG determina infecciones primarias y recientes.</p><p>&nbsp;</p><p>La prueba SERION ELISA classic EBNA1&nbsp;IgG se recomienda para la determinaci&oacute;n de infecciones pasadas.</p><p>&nbsp;</p><p>Las pruebas SERION ELISA&nbsp;classic EBV VCA y EBNA1 IgG se han validado para demostrar la presencia de anticuerpos&nbsp;sintetizados en el espacio intratecal en el diagn&oacute;stico del LCR.</p>',	NULL,	NULL,	NULL,	NULL,	NULL,	NULL,	1,	NULL,	223,	15,	NULL,	33,	'2019-09-26 21:06:29',	'2021-02-08 22:58:03',	NULL),
(201,	'Parvovirus B19',	'parvovirus-b19',	'<ul><li>SERION ELISA classic Parvovirus B19 IgG N&ordm; de pedido: ESR122G</li><li>SERION ELISA classic Parvovirus B19 IgM N&ordm; de pedido: ESR122M</li></ul><p><br />USO PREVISTO<br /><br />Las pruebas SERION ELISA classic Parvovirus B19 IgG e IgM son inmunoensayos cuantitativosy cualitativos para la demostraci&oacute;n de anticuerpos humanos IgG o IgM dirigidos frente a&nbsp;Parvovirus B19 en suero o en plasma.</p><p>&nbsp;</p><p>La prueba de SERION ELISA classic Parvovirus B19 IgMest&aacute; recomendada para la detecci&oacute;n sensible de infecciones agudas.</p><p>La prueba de SERION ELISA classic Parvovirus B19 IgG sirve para la confirmaci&oacute;n de un contacto con el pat&oacute;geno, as&iacute;como para la determinaci&oacute;n del estado inmunitario.</p><p>&nbsp;</p><p>El uso combinado de las pruebas de&nbsp;SERION ELISA classic Parvovirus B19 IgG e IgM permite la diferenciaci&oacute;n entre infecciones agudas y pasadas.</p>',	NULL,	NULL,	NULL,	NULL,	NULL,	NULL,	1,	NULL,	219,	15,	NULL,	33,	'2019-09-26 21:38:05',	'2021-02-08 23:01:01',	NULL),
(202,	'HIV Ag/Ab - Apdia',	'hiv-agab-apdia',	'<p>&nbsp;</p><p>ELISA HIV Ag/Ab - Marca Apdia</p><p>Inmunoensayo enzim&aacute;tico cualitativo de 4ta generaci&oacute;n para la detecci&oacute;n de anticuerpos HIV 1 &ndash; HIV 2 y ant&iacute;geno p24 de HIV1.&nbsp;</p><p>Presentaci&oacute;n kits x 96 /192 / 480 determinaciones.</p>',	NULL,	NULL,	NULL,	NULL,	NULL,	NULL,	1,	NULL,	200,	8,	NULL,	33,	'2019-09-26 21:40:51',	'2021-02-08 23:00:18',	NULL),
(203,	'HTLV I/II  Avioq',	'htlv-iii-avioq',	'<p><strong>AVIOQ HTLV I/II Microelisa System</strong></p><p>Es un ensayo de inmunoabsorci&oacute;n enzim&aacute;tica (ELISA) cualitativo para la detecci&oacute;n de anticuerpos HTLV-I) y/o HTLV-II en suero, plasma humano y muestras cadav&eacute;ricas.</p><p>Est&aacute; concebido para el cribado de donantes humanos individuales, que incluye a donantes voluntarios de sangre total y componentes de la sangre, y a otros donantes vivos.</p><p>&nbsp;</p><p>Caracteristicas</p><ul><li>Especificidad 99,95% observado en ensayos clinicos de donantes tomados al azar</li><li>Tiempo de incubaci&oacute;n total s&oacute;lo 2 horas, 30 minutos (60/60/30)</li><li>Diluci&oacute;n directa en pocillos de microplaca, elimina la necesidad de una diluci&oacute;n externa</li><li>Formato de placa de tira de 8 pocillos, Adaptable a la automatizaci&oacute;n y sus vol&uacute;menes de prueba</li><li>Reduce las repeticiones innecesarias. Alta correlaci&oacute;n entre los resultados iniciales y repetidos</li></ul><p><em><strong>An&aacute;lisis de performance de un nuevo ensayo para detecci&oacute;n de anticuerpos para HTLV I-II&nbsp; 73&deg; Congreso ABA 2019</strong></em><br /><a target=\"_blank\" href=\"https://cromoion.com/biblioteca/f1e5c040-1826-11ea-bee6-f54672370964/download\">Para ver el trabajo completo haga click aqu&iacute;</a></p><p><em><strong>Evaluaci&oacute;n del tamizaje para HTLV I-II y su correlaci&oacute;n con un estudio confirmatorio&nbsp; &nbsp;VII Congreso Hospital Mu&ntilde;iz 2019</strong></em><br /><a target=\"_blank\" href=\"https://cromoion.com/biblioteca/0ed049d0-1827-11ea-bcdb-279aabef7e67/download\">Para ver el trabajo completo haga click aqu&iacute;</a></p><p><em><strong>Evaluaci&oacute;n de la performance del Reactivo Avioq HTLV I/II Microelisa System</strong></em><br /><a target=\"_blank\" href=\"https://cromoion.com/biblioteca/16366720-1765-11ea-8aa5-3f22b6fb052a/download\">- Para ver el trabajo completo haga click aqu&iacute; -</a><br />&nbsp;</p><p><em>Conclusi&oacute;n de la evaluaci&oacute;n</em></p><ul><li>El ensayo para HTLV I/II Avioq Microelisa System se presenta como una buena alternativa de procesamiento manual para la determinaci&oacute;n de HTLV.</li><li>El procedimiento es pr&aacute;ctico, c&oacute;modo y el equipo se muestra robusto en los par&aacute;metros indicados para su trabajo.</li><li>En el marco del estudio realizado el equipo Avioq present&oacute; una buena especificidad (99.8%).</li><li>La sensibilidad que obtuvimos sobre la medici&oacute;n de muestras confirmadas fue del 100%.&nbsp;</li><li>El equipo Avioq pudo reaccionar positivamente tanto con las muestras de HTLV I como con las muestras de HTLV II que se testearon.</li></ul>',	NULL,	'1575554317-Avioq-HTLV-Kit 600px.jpg',	NULL,	NULL,	NULL,	NULL,	1,	'1575554317-Insert-AVIOQ HTLV-I_II.pdf',	208,	9,	NULL,	33,	'2019-09-26 21:43:09',	'2021-02-08 23:00:42',	NULL),
(204,	'TOSOH SYSTEM - CARACTERISTICAS',	'tosoh-system-caracteristicas',	'<p>&nbsp;</p><ul><li>Una copa de reactivo&nbsp; por muestra<ul><li>&Uacute;nica copa de reactivos utilizan un formato de reactivo seco que no requiere pre-mezcla, ni refrigeraci&oacute;n a bordo</li></ul></li></ul><p>&nbsp;</p><ul><li>Formato de reactivo seco<ul><li>El formato seco del reactivo asegura una estabilidad de la calibraci&oacute;n de hasta 90 d&iacute;as para la mayor&iacute;a de los ensayos.</li></ul></li></ul><p>&nbsp;</p><ul><li>Con c&oacute;digo de barras para la identificaci&oacute;n y la gesti&oacute;n de inventario<ul><li>Las copas y bandejas de AIA se etiquetan con el c&oacute;digo y n&uacute;mero de lote para automatizar la programaci&oacute;n y gesti&oacute;n de inventarios en AIA-2000 y 1800-AIA</li></ul></li></ul><p>&nbsp;</p><ul><li>10 minutos de incubaci&oacute;n para la mayor&iacute;a de los ensayos<ul><li>Los Reactivos AIA-PACK ST proporcionan un tiempo de respuesta m&aacute;s r&aacute;pido debido al protocolo de incubaci&oacute;n de 10 minutos</li></ul></li></ul><p>&nbsp;</p><ul><li>Los resultados son intercambiables entre AIA TosohSystem, por esto,<ul><li>Los laboratorios con m&aacute;s de un instrumento Tosoh pueden utilizar los mismos reactivos.</li><li><p>Desde el compacto AIA-360 al AIA-2000 de alto rendimiento, Tosoh a normalizado el formato de prueba en una copa de reactivo que garantiza un rendimiento uniforme en todo momento.</p></li><li><p>La transici&oacute;n entre los sistemas es transparente, asegurando resultados consistentes y una operaci&oacute;n eficiente y econ&oacute;mica para el laboratorio.</p></li></ul></li></ul>',	NULL,	'1569518280-AIA Test Cup 379x336.jpg',	NULL,	NULL,	NULL,	NULL,	1,	NULL,	198,	1,	NULL,	64,	'2019-09-26 22:18:00',	'2021-02-12 14:32:43',	NULL),
(205,	'TOSOH en VETERINARIA',	'tosoh-en-veterinaria',	'<p>El mercado veterinario es un segmento creciente del mercado de pruebas de inmunoensayo, ha ido aumentando el n&uacute;mero de cuentas veterinarias en los &uacute;ltimos a&ntilde;os.</p><p>&nbsp;</p><p>El uso principal del instrumento AIA 360 en cl&iacute;nicas veterinarias es para fines de reproducci&oacute;n, usando nuestras pruebas reproductivas, principalmente progesterona.</p><p>&nbsp;</p><p>Esta es la prueba de volumen m&aacute;s alto para los laboratorios veterinarios, para el seguimiento de la ovulaci&oacute;n y / o el embarazo en animales de compa&ntilde;&iacute;a. Otras pruebas como FT4 y T4, est&aacute;n ganando en popularidad.</p><p>&nbsp;</p><p>Material de apoyo</p><ul><li><a target=\"_blank\" href=\"https://cromoion.faridsilva.com/public/biblioteca/06ff27f0-eacd-11e9-91ca-6144ee3fb0b3/download\">Rangos de Referencia en Veterinaria - TOSOH</a></li><li><a target=\"_blank\" href=\"https://cromoion.faridsilva.com/public/biblioteca/c33d6d70-e08b-11e9-9184-93a77a2c7c0b/download\">Evaluation Report of the AIA360 and analysis of samples from Dogs and Cats</a></li></ul>',	NULL,	NULL,	NULL,	NULL,	NULL,	NULL,	1,	'1570650706-Veterinaria LA.pdf',	203,	1,	NULL,	64,	'2019-09-26 22:46:35',	'2021-02-12 14:30:40',	NULL),
(206,	'Folato TOSOH*',	'folato-tosoh',	'<p>*40 minutos de incubaci&oacute;n. No disponible en el AIA-360</p><p>&nbsp;</p><p>20292&nbsp; &nbsp;AIA-PACK FOL 20 cups x 10 trays (200 tests)</p><p>20392&nbsp; &nbsp;AIA-PACK FOL Calibrator Set Six levels, 12 x 1 mL</p><p>20592&nbsp; &nbsp;AIA-PACK FOL Sample Diluting Sol. 4 x 4 mL</p><p>20707&nbsp; &nbsp;AIA-PACK FOL Pretreatment Set 6 x 5 mL</p>',	NULL,	NULL,	NULL,	NULL,	NULL,	NULL,	1,	NULL,	187,	1,	NULL,	26,	'2019-09-26 23:43:27',	'2021-02-09 02:39:29',	NULL),
(207,	'RBC Folato TOSOH*',	'rbc-folato-tosoh',	'<p>*40 minutos de incubaci&oacute;n. No disponible en el AIA360</p><p>&nbsp;</p><p>20214&nbsp; &nbsp;AIA-PACK RBC FOL 20 cups x 10 trays (200 tests)</p><p>20314&nbsp; &nbsp;AIA-PACK RBC FOLATE Calibrator Set Six Levels, 12 x 1 mL</p><p>20514&nbsp; &nbsp;AIA-PACK RBC FOLATE Sample Diluting&nbsp; Solution 4 x 4 ml</p><p>20710&nbsp; &nbsp;AIA-PACK RBC FOLATE Pretreatment Set PR-1-6 vials, PR-2-1x32mL, PR-3-6x5mL</p><p>20711&nbsp; &nbsp;AIA-PACK RBC FOLATE Hemolysing - Reagent HR-1- 12x5mL, HR-2- 1x65mL</p>',	NULL,	NULL,	NULL,	NULL,	NULL,	NULL,	1,	NULL,	175,	1,	NULL,	26,	'2019-09-26 23:46:30',	'2021-02-09 02:46:47',	NULL),
(208,	'Vitamina B12 TOSOH*',	'vitamina-b12-tosoh',	'<p>*40 minutos de incubaci&oacute;n. No disponible en el AIA360</p><p>&nbsp;</p><p>20293&nbsp; &nbsp;AIA-PACK B-12 20 cups x 10 trays (200 tests)</p><p>20393&nbsp; &nbsp;AIA-PACK B-12 Calibrator Set Six levels, 12 x 1 mL</p><p>20593&nbsp; &nbsp;AIA-PACK B-12 Sample Diluting Sol. 4 x 4 mL</p><p>20706&nbsp; &nbsp;AIA-PACK B-12 Pretreatment Set 6 x 5 mL</p>',	NULL,	NULL,	NULL,	NULL,	NULL,	NULL,	1,	NULL,	221,	1,	NULL,	26,	'2019-09-26 23:49:21',	'2021-02-11 18:12:27',	NULL),
(209,	'OLERUP  -  KIR TYPING KITS',	'olerup-kir-typing-kits',	'<p>Todos los kits est&aacute;n disponibles en 2 formatos: con y sin Taq Polymerase</p><ul><li>Los c&oacute;digos con u son sin Taq</li><li>Los c&oacute;digos sin letra son con Taq</li></ul><p>&nbsp;</p><p>&nbsp;</p><p>C&oacute;digo&nbsp; &nbsp; &nbsp;Producto&nbsp; &nbsp; &nbsp;Cant de test.</p><p>104.101-12&nbsp; &nbsp; &nbsp; KIR Genotyping&nbsp; &nbsp; &nbsp;12</p><p>104.101-12u&nbsp; &nbsp; &nbsp;KIR Genotyping&nbsp; &nbsp; &nbsp;12</p><p>104.201-12&nbsp; &nbsp; &nbsp; KIR HLA Ligand&nbsp; &nbsp; &nbsp;12</p><p>104.201-12u&nbsp; &nbsp; &nbsp;KIR HLA Ligand&nbsp; &nbsp; &nbsp;12</p>',	NULL,	NULL,	NULL,	NULL,	NULL,	NULL,	1,	NULL,	205,	12,	NULL,	54,	'2019-09-27 17:38:03',	'2021-02-08 23:09:41',	NULL),
(210,	'OLERUP  -  DISEASE ASSOCIATED ALLELES',	'olerup-disease-associated-alleles',	'<p>Olerup SSP kits para la detecci&oacute;n de HLA-alelos asociados con enfermedades.</p><p>&nbsp;</p><p>Existen condiciones autoinmunes con una fuerte asociaci&oacute;n con HLA, tales como:</p><p>Espondilitis anquilosante asociada a HLA-B * 27;</p><p>La narcolepsia es una enfermedad neurol&oacute;gica estrechamente relacionada con el HLA-DQB1 * 06: 02</p><p>y m&aacute;s del 95% de los pacientes con enfermedad cel&iacute;aca tienen algo de isoforma de HLA-DQ2 o DQ8.</p><p>&nbsp;</p><p>Hipersensibilidad a medicamentos: Abacavir es un inhibidor nucle&oacute;sido de la transcriptasa inversa utilizado junto con otros agentes antirretrovirales en el tratamiento de la infecci&oacute;n por VIH. La hipersensibilidad a abacavir est&aacute; mediada inmunol&oacute;gicamente, impulsada por la presentaci&oacute;n convencional del ant&iacute;geno MHC-I y la activaci&oacute;n de HLA-B * 57: 01.</p><p>&nbsp;</p><p>Todos los kits est&aacute;n disponibles en 2 formatos: con y sin Taq Polymerase</p><p>&nbsp;</p><p><em><strong>Para screening de &nbsp;B*27,&nbsp;asociado con espondilitis anquilosante</strong></em></p><p>&nbsp;</p><ul><li>B*27 unit dose&nbsp; x 48 test</li><li>B*27 bulk&nbsp; x 48 test</li><li>B*27 unit dose single well&nbsp;x 96 test</li></ul><p>&nbsp;</p><p><em><strong>Para HIGH RESOLUTION de&nbsp; HLA-B*27</strong></em></p><ul><li>HLA-B*27x 4 test</li><li>HLA-B*27x 4 test</li><li>HLA-B*27x 24 test</li><li>HLA-B*27x 24 test</li></ul><p>&nbsp;</p><p><strong><em>Alelos Asociados con Enfermedad Celiaca DQB1 y DQA1</em></strong></p><ul><li>DQA1*02,05;DQB1*02,03:02x 24 test</li><li>DQA1*02,05;DQB1*02,03:02x 24 test</li></ul><p>&nbsp;</p><p><em><strong>Alelos Asociados con Narcolepsia DQB1 y DQA1&nbsp;</strong></em></p><ul><li>DQB1*06:02,DQA1*01:02x 24 test</li><li>DQB1*06:02,DQA1*01:02x 24 test</li></ul><p>&nbsp;</p><p><em><strong>B*57:01,&nbsp;Asociado con HSR de ABACAVIR:</strong></em></p><ul><li>HLA-B*57:01x 12 test</li><li>HLA-B*57:01x 12 test</li></ul>',	NULL,	NULL,	NULL,	NULL,	NULL,	NULL,	1,	NULL,	195,	12,	NULL,	53,	'2019-09-27 17:50:03',	'2021-02-09 07:45:05',	NULL),
(211,	'BIOZIMA CHAGAS RECOMBINANTE',	'biozima-chagas-recombinante',	'<p>&nbsp;</p><p>Enzimoinmunoensayo (ELISA) de tercera generaci&oacute;n para la detecci&oacute;n de anticuerpos espec&iacute;ficos contra el Trypanosoma cruzi en suero o plasma humano</p><p><br />PRESENTACIONES:<br />Equipos por 96 determinaciones (Cod. R96)<br />Equipos por 192 determinaciones (Cod. R192)</p><p><br />SENSIBILIDAD Y ESPECIFICIDAD</p><p>Sensibilidad 100% frente a paneles internos y externos pertenecientes a instituciones de referencia<br />Especificidad &gt;99%</p>',	NULL,	NULL,	NULL,	NULL,	NULL,	NULL,	1,	'1569590978-Inserto BIOZIMA CHAGAS RECOMBINANTE.pdf',	202,	2,	NULL,	59,	'2019-09-27 18:29:38',	'2021-02-09 07:28:41',	NULL),
(212,	'BIOZIMA CHAGAS',	'biozima-chagas',	'<p>&nbsp;</p><p>Ensayo inmunoenzim&aacute;tico para la detecci&oacute;n de anticuerpos contra el Trypanosoma Cruzi en suero humano</p><p>&nbsp;</p><p>&nbsp;</p><p>PRESENTACIONES</p><p>Equipo por 96 determinaciones (Cod.BCH96)<br />Equipo por 192 determinaciones (Cod.BCH192)</p><p><br />SENSIBILIDAD Y ESPECIFICIDAD</p><p>Sensibilidad 100% frente a paneles internos y externos pertenecientes a instituciones de referencia<br />Especificidad &gt;99%</p>',	NULL,	NULL,	NULL,	NULL,	NULL,	NULL,	1,	'1569591187-Inserto BIOZIMA CHAGAS.pdf',	218,	2,	NULL,	59,	'2019-09-27 18:33:07',	'2021-02-09 02:32:12',	NULL),
(213,	'HAI  CHAGAS',	'hai-chagas',	'<p>Prueba cuali semi cuantitativa de hemoaglutinaci&oacute;n indirecta para el diagn&oacute;stico serol&oacute;gico de la enfermedad de Chagas.</p><p>&nbsp;</p><p><em><strong>FUNDAMENTO</strong></em></p><p>HAI CHAGAS POLYCHACO consiste en una suspensi&oacute;n estabilizada de hemat&iacute;es de carnero sensibilizados con ant&iacute;geno de Trypanosoma cruzi, los cuales se aglutinan en presencia de diluciones de sueros humanos o de animales que contengan anticuerpos espec&iacute;ficos.</p><p>&nbsp;</p><p>Para uso diagn&oacute;stico in vitro 480 determinaciones a 1 t&iacute;tulo o 96 determinaciones a 5 t&iacute;tulos, puede ser utilizada con 2- Mercaptoetanol para la neutralizaci&oacute;n de anticuerpos heter&oacute;filos.<br />&nbsp;</p>',	NULL,	'1575918509-HAI Chagas 600px.jpg',	NULL,	NULL,	NULL,	NULL,	1,	'1569591308-Inserto HAI CHAGAS POLYCHACO.pdf',	235,	2,	NULL,	59,	'2019-09-27 18:35:08',	'2021-02-12 18:20:16',	NULL),
(214,	'AD TOXO COLOR - LEMOS',	'ad-toxo-color-lemos',	'<p>&nbsp;</p><p>Prueba de aglutinaci&oacute;n directa para el diagn&oacute;stico de la Toxoplasmosis.<br />&nbsp;</p><p>Puede ser utilizado como auxiliar en el diagn&oacute;stico de casos presuntivos de Toxoplasmosis o para ensayos epidemiol&oacute;gicos, a trav&eacute;s de la detecci&oacute;n de anticuerpos IgM o IgG espec&iacute;ficos contra ant&iacute;genos de la membrana del Toxoplasma Gondii.<br />&nbsp;</p><p>El coloreado de los par&aacute;sitos simplifica la lectura final.</p><p>&nbsp;</p><p>T&eacute;cnica de Aglutinaci&oacute;n Directa recomendada por &ldquo;Consenso Argentino de Toxoplasmosis Cong&eacute;nita&rdquo;</p><p><a target=\"_blank\" href=\"https://cromoion.faridsilva.com/public/biblioteca/462d7930-e9ce-11e9-8539-a5db8d5f922e/download\">para ver el trabajo haga click aqu&iacute;</a></p>',	NULL,	NULL,	NULL,	NULL,	'dVGfiZiFqJM',	NULL,	1,	'1569592357-Inserto AD TOXO COLOR.pdf',	236,	2,	NULL,	68,	'2019-09-27 18:52:37',	'2021-02-09 02:35:38',	NULL),
(215,	'HAI TOXO - LEMOS',	'hai-toxo-lemos',	'<p>&nbsp;</p><p>Prueba cuali semi cuantitativa de hemoaglutinaci&oacute;n indirecta para el diagn&oacute;stico serol&oacute;gico de la Toxoplasmosis.<br />&nbsp;</p><p>Para uso diagn&oacute;stico in vitro 480 determinaciones a 1 t&iacute;tulo o 96 determinaciones a 5 t&iacute;tulos, puede ser utilizada con 2- Mercaptoetanol para la neutralizaci&oacute;n de anticuerpos heter&oacute;filos.</p>',	NULL,	NULL,	NULL,	NULL,	NULL,	NULL,	1,	'1569592462-Inserto HAI TOXO POLYCHACO.pdf',	191,	2,	NULL,	65,	'2019-09-27 18:54:22',	'2021-02-09 02:31:40',	NULL),
(216,	'HAI CHAGAS LEMOS',	'hai-chagas-lemos',	'<p>Prueba cuali semi cuantitativa de hemoaglutinaci&oacute;n indirecta para el diagn&oacute;stico serol&oacute;gico de la enfermedad de Chagas.</p><p>&nbsp;</p><p><em><strong>FUNDAMENTO</strong></em></p><p>HAI CHAGAS POLYCHACO consiste en una suspensi&oacute;n estabilizada de hemat&iacute;es de carnero sensibilizados con ant&iacute;geno de Trypanosoma cruzi, los cuales se aglutinan en presencia de diluciones de sueros humanos o de animales que contengan anticuerpos espec&iacute;ficos.</p><p>&nbsp;</p><p>Para uso diagn&oacute;stico in vitro 480 determinaciones a 1 t&iacute;tulo o 96 determinaciones a 5 t&iacute;tulos, puede ser utilizada con 2- Mercaptoetanol para la neutralizaci&oacute;n de anticuerpos heter&oacute;filos.</p>',	NULL,	'1575918554-HAI Chagas 600px.jpg',	NULL,	NULL,	NULL,	NULL,	1,	'1569592760-Inserto HAI CHAGAS POLYCHACO.pdf',	242,	2,	NULL,	66,	'2019-09-27 18:59:20',	'2021-02-13 00:15:12',	NULL),
(217,	'HIDATEST  LEMOS',	'hidatest-lemos',	'<p>&nbsp;</p><p>Prueba de hemoaglutinaci&oacute;n indirecta para la detecci&oacute;n de anticuerpos contra el Echinococcus granulosus.<br /><br />Se utiliza en el diagn&oacute;stico de casos presuntivos de Hidatidosis.<br /><br />Para uso diagn&oacute;stico in vitro 96 determinaciones La prueba puede ser realizada cualitativa o semi cuantitativamente en sueros o plasmas humanos o de animales.<br /><br />Utiliza 2-Mercaptoetanol para la neutralizaci&oacute;n de anticuerpos heter&oacute;filos</p>',	NULL,	NULL,	NULL,	NULL,	NULL,	NULL,	1,	'1569592885-Inserto HIDATEST.pdf',	215,	2,	NULL,	67,	'2019-09-27 19:01:25',	'2021-02-09 02:30:40',	NULL),
(218,	'SEROKIT',	'serokit',	'<p>Serokit es el m&aacute;s avanzado instrumento de muestreo serol&oacute;gico con conservaci&oacute;n de anticuerpos y ant&iacute;genos para investigaci&oacute;n de enfermedades infecciosas.</p><p>Consiste en una unidad autosuficiente para obtener por punci&oacute;n digital sangre entera de hasta 96 individuos diferentes.</p><p>El equipo contiene todo lo necesario para realizar cada toma y guardar el material obtenido.</p>',	NULL,	NULL,	NULL,	NULL,	NULL,	NULL,	1,	'1569596418-serokit.pdf',	220,	2,	NULL,	69,	'2019-09-27 20:00:18',	'2021-02-09 02:30:25',	NULL),
(219,	'COCAINA - COC',	'cocaina-coc',	'<p>&nbsp;</p><p>Prueba r&aacute;pida de un paso para la detecci&oacute;n cualitativa de Coca&iacute;na y sus principales metabolitos en la orina humana</p><ul><li>Nivel de corte espec&iacute;fico 150 ng/ml</li><li>Presentaci&oacute;n cassette.</li><li>Kit x 25 determinaciones</li></ul>',	NULL,	NULL,	NULL,	NULL,	NULL,	NULL,	1,	NULL,	187,	17,	NULL,	40,	'2019-09-27 20:14:36',	'2021-02-09 02:33:13',	NULL),
(220,	'MARIHUANA - THC',	'marihuana-thc',	'<p>Prueba r&aacute;pida de un paso para la detecci&oacute;n cualitativa de marihuana y sus principales metabolitos en la orina humana</p><ul><li>Nivel de corte espec&iacute;fico 50 ng/ml</li><li>Presentaci&oacute;n cassette</li><li>Kit x 25 determinaciones</li></ul>',	NULL,	NULL,	NULL,	NULL,	NULL,	NULL,	1,	NULL,	208,	17,	NULL,	40,	'2019-09-27 20:17:33',	'2021-02-10 13:49:28',	NULL),
(221,	'BENZODIAZEPINA - BZO',	'benzodiazepina-bzo',	'<p>Prueba r&aacute;pida de un paso para la detecci&oacute;n cualitativa de benzodiazepinas y sus principales metabolitos en la orina humana</p><ul><li>Nivel de corte espec&iacute;fico 200 ng/ml</li><li>Presentaci&oacute;n cassette</li><li>Kit x 25 determinaciones</li></ul>',	NULL,	NULL,	NULL,	NULL,	NULL,	NULL,	1,	NULL,	225,	17,	NULL,	40,	'2019-09-27 20:19:48',	'2021-02-10 13:49:30',	NULL),
(222,	'Panel 2 tests  COC / THC',	'panel-2-tests-coc-thc',	'<p>&nbsp;</p><p>Prueba r&aacute;pida de un paso para la detecci&oacute;n cualitativa de drogas adictivas y sus principales metabolitos en la orina humana</p><p>&nbsp;</p><p><em><strong>Nivel de corte espec&iacute;fico.</strong></em></p><ul><li>COC 150 ng/ml</li><li>THC 50 ng/ml</li></ul><p>&nbsp;</p><p>Presentaci&oacute;n panel</p><p>&nbsp;</p><p>Kit x 25 determinaciones</p>',	NULL,	NULL,	NULL,	NULL,	NULL,	NULL,	1,	NULL,	213,	17,	NULL,	40,	'2019-09-27 20:24:23',	'2021-02-10 13:49:31',	NULL),
(223,	'Panel 3 tests COC/ THC/ BZO',	'panel-3-tests-coc-thc-bzo',	'<p>&nbsp;</p><p>Prueba r&aacute;pida de un paso para la detecci&oacute;n cualitativa de drogas adictivas y sus principales metabolitos en la orina humana</p><p>&nbsp;</p><p><em><strong>Nivel de corte espec&iacute;fico.</strong></em></p><ul><li>COC 150 ng/ml</li><li>THC 50 ng/ml</li><li>BZO 200 ng/ml</li></ul><p>&nbsp;</p><p>Presentaci&oacute;n panel</p><p>&nbsp;</p><p>Kit x 25 determinaciones</p>',	NULL,	NULL,	NULL,	NULL,	NULL,	NULL,	1,	NULL,	194,	17,	NULL,	40,	'2019-09-27 20:30:17',	'2021-02-10 13:49:32',	NULL),
(224,	'Panel 10 Test',	'panel-10-test',	'<p>&nbsp;</p><p>Multi-drugs 10 tests MOP</p><p>COC-THC-BZO-AMP-BAR-MDMA-OPI-TCA-PCP-MOP</p><p>&nbsp;</p><ul><li>Prueba r&aacute;pida de un paso para la detecci&oacute;n cualitativa de drogas adictivas y sus principales metabolitos en la orina humana</li><li>Presentaci&oacute;n panel</li><li>Kit x 25 determinaciones</li></ul><p>&nbsp;</p><p><strong><em>Nivel de corte espec&iacute;fico</em></strong></p><ul><li>COC 150 ng/ml</li><li>THC 50 ng/ml</li><li>BZO 200 ng/ml</li><li>AMP 300 ng/ml</li><li>BAR 200 ng/ml</li><li>MDMA 500 ng/ml</li><li>OPI 300 ng/ml</li><li>TCA 1000 ng/ml</li><li>MOP 100 ng/ml</li><li>PCP 25 ng/ml</li></ul><p>&nbsp;</p><p>&nbsp;</p><p>Multi-drugs 10 tests MTD</p><p>COC-THC-BZO-AMP-BAR-MDMA-OPI-TCA-PCP-MTD</p><p>&nbsp;</p><ul><li>Prueba r&aacute;pida de un paso para la detecci&oacute;n cualitativa de drogas adictivas y sus principales metabolitos en la orina humana</li><li>Presentaci&oacute;n panel</li><li>Kit x 25 determinaciones</li></ul><p>&nbsp;</p><p><strong><em>Nivel de corte espec&iacute;fico</em></strong></p><ul><li>COC 150 ng/ml</li><li>THC 50 ng/ml</li><li>BZO 200 ng/ml</li><li>AMP 300 ng/ml</li><li>BAR 200 ng/ml</li><li>MDMA 500 ng/ml</li><li>OPI 300 ng/ml</li><li>TCA 1000 ng/ml</li><li>MTD&nbsp;300 ng/ml</li><li>PCP 25 ng/ml</li></ul>',	NULL,	NULL,	NULL,	NULL,	NULL,	NULL,	1,	NULL,	237,	17,	NULL,	40,	'2019-09-27 20:33:08',	'2021-02-11 23:36:33',	NULL),
(225,	'Dengue NS1 Ag',	'dengue-ns1-ag',	'<p>&nbsp;La Prueba R&aacute;pida OnSite Dengue Ag4.0 es un inmunoensayo cromatogr&aacute;fico de flujo lateral para la detecci&oacute;n cualitativa del ant&iacute;geno NS1 del dengue (DEN1, 2, 3, 4) en suero, plasma o sangre entera de humanos</p><p>&nbsp;</p><p>&nbsp;</p><ul><li>Detecta el ant&iacute;geno NS1 de los 4 serotipos&nbsp;</li><li>Muestra de sangre total permite evaluar al paciente en el Punto de Atenci&oacute;n, ahorrando tiempo&nbsp;</li><li>Sensibilidad 100%; Especificidad 100% (respecto a Ensayo Comercial a Ag de Dengue)&nbsp;</li><li>Evaluaciones exitosas de los ministerios de salud en Asia y Am&eacute;rica Latina&nbsp;</li><li>Sin reactividad cruzada con 17 enfermedades comunes como HIV, HCV, HBV, CHIK, Malaria, Fiebre Tifoidea&nbsp;</li><li>Sin interferencia con sustancias comunes&nbsp;</li><li>Estabilidad de 24 meses a 2-30&deg;C&nbsp;</li></ul><p>&nbsp;</p><p>Los resultados positivos pueden ser visibles en tan solo un 1 minuto.&nbsp;<br />La interpretaci&oacute;n final de los resultados debe hacerse entre los 20 a 25 minutos</p><p>&nbsp;</p><p>Fabricante CTK Biotech Inc. 13855 Stowe Drive, Poway, CA 92064, USA<br />C&oacute;digo R0063C- presentaci&oacute;n Cassette - x 30 determinaci&oacute;nes</p>',	NULL,	'1581694453-suero plasma sangre.jpg',	NULL,	NULL,	NULL,	NULL,	1,	'1581694453-OnSite Dengue Ag NS1 xa mail.pdf',	307,	19,	NULL,	36,	'2019-09-27 23:30:43',	'2021-02-12 18:20:55',	NULL),
(226,	'Dengue IgM / IgG',	'dengue-igm-igg',	NULL,	NULL,	NULL,	NULL,	NULL,	NULL,	NULL,	1,	NULL,	236,	16,	NULL,	36,	'2019-09-27 23:31:56',	'2021-02-12 23:08:52',	NULL),
(227,	'Dengue NS1 Ag/ IgM / IgG',	'dengue-ns1-ag-igm-igg',	NULL,	NULL,	NULL,	NULL,	NULL,	NULL,	NULL,	1,	NULL,	240,	16,	NULL,	36,	'2019-09-27 23:33:24',	'2021-02-09 02:38:37',	NULL),
(228,	'Candida Vaginal',	'candida-vaginal',	'<ul><li><ul><li>Vaginal Yeast Test &ndash; kit x 20 determinaciones</li></ul></li></ul><p>&middot;&nbsp;&nbsp;&nbsp;&nbsp;&nbsp;&nbsp;&nbsp;&nbsp; El Test Vaginal para Candida es un ensayo r&aacute;pido de flujo lateral para la detecci&oacute;n cualitativa de ant&iacute;genos de Candida en muestras cervicales obtenidas mediante torunda.</p><p>&middot;&nbsp;&nbsp;&nbsp;&nbsp;&nbsp;&nbsp;&nbsp;&nbsp; Materiales incluidos *Dispositivos de test&nbsp; / *Torundas est&eacute;riles&nbsp; / *Instrucciones</p><p>&nbsp;</p><p>&middot;&nbsp;&nbsp;&nbsp;&nbsp;&nbsp;&nbsp;&nbsp;&nbsp; Materiales requeridos pero no incluidos * Reloj/cron&oacute;metro</p>',	NULL,	NULL,	NULL,	NULL,	NULL,	NULL,	1,	NULL,	212,	18,	NULL,	42,	'2019-09-27 23:39:03',	'2021-02-09 02:40:06',	NULL),
(229,	'Bacteriuria / Hematuria',	'bacteriuria-hematuria',	'<p>&nbsp;</p><p>&nbsp;</p><p><em><strong>URISCREEN</strong></em></p><p>&nbsp;</p><p>Kit por 20 determinaciones:</p><p>o&nbsp;&nbsp;&nbsp;&nbsp;&nbsp;&nbsp;&nbsp; URISCREEN es una prueba de cribado r&aacute;pido para ITU (Infecciones del tracto urinario). La prueba est&aacute; primariamente prevista para el cribado de poblaciones asintom&aacute;ticas (pruebas de rutina en hospitales, cl&iacute;nicas, consultorios, etc.) para bacteriuria, hematuria y piuria significativas y la presencia de otras c&eacute;lulas som&aacute;ticas en orina.&nbsp;UN RESULTADO POSITIVO INDICA QUE LA ORINA REQUIERE EXAMENES ADICIONALES DE LABORATORIO PARA UN DIAGN&Oacute;STICO MAS DETALLADO.</p><p>&nbsp;</p><p>a)&nbsp;&nbsp;&nbsp;&nbsp;20 tubos de test con tap&oacute;n, cada uno conteniendo 35-50 mg de reactivo en polvo URISCREEN.</p><p>b)&nbsp;&nbsp;&nbsp;&nbsp;1 frasco gotero x 10 ml de soluci&oacute;n de per&oacute;xido de hidr&oacute;geno al 10 %.&nbsp;</p><p>c)&nbsp;&nbsp;&nbsp;&nbsp;20 pipetas de 2 ml, desechables.&nbsp;</p><p>&nbsp;</p><p>&nbsp;</p><p>o&nbsp;&nbsp; URISCREEN Quality Control Kit:</p><p>o&nbsp;&nbsp;&nbsp; &nbsp;El UriscreenQuality Control Kit est&aacute; destinado al control de calidad del producto URISCREEN.</p><p>Contenido:</p><p>a)&nbsp;&nbsp;&nbsp;&nbsp;5 viales, cada uno con 5 ml de soluci&oacute;n de control negativo, que contiene &aacute;cido c&iacute;trico.&nbsp;<strong><em>&nbsp;</em></strong></p><p>b)&nbsp;&nbsp;&nbsp;&nbsp;1 vial con 6 discos impregnados con&nbsp;<em>Staphylococcus epidermis.</em>&nbsp;</p>',	NULL,	NULL,	NULL,	NULL,	NULL,	NULL,	1,	NULL,	208,	18,	NULL,	42,	'2019-09-27 23:41:05',	'2021-02-09 07:26:14',	NULL),
(230,	'Troponina I .',	'troponina-i',	'<p>La Prueba R&aacute;pida OnSite Troponina I Combinada es un inmunoensayo de flujo lateral que permite la detecci&oacute;n de Troponina cardiaca I (cTnI) y su complejo en suero, plasma o sangre humanos a un nivel igual o mayor a 1 ng/mL</p><p>&nbsp;</p><p><em><strong>Prueba R&aacute;pida Combinada Troponin I CTK</strong></em></p><ul><li>Utiliza parejas de anticuerpos policlonales y monoclonales para reducir interferencia&nbsp;</li><li>Es altamente sensible y especifico.&nbsp;</li><li>Puede ser usado con suero, plasma o sangre total&nbsp;</li><li>Los resultados pueden ser le&iacute;dos en un tiempo de 15 minutos&nbsp;</li><li>Los resultados positivos pueden observarse en tan solo 1 minuto.</li></ul><p>&nbsp;<br /><em><strong>Prueba de interferencia</strong></em></p><p><br />Las siguientes sustancias fueron a&ntilde;adidas a muestras de suero negativas para Troponina I o conteniendo 1,0 ng/ml de Troponina I. &nbsp;No se encontr&oacute; interferencia con ninguna de las sustancias en las siguientes concentraciones:</p><ul><li>Bilirubina 10 mg/dL</li><li>Colesterol 800 mg/dL&nbsp;</li><li>Hemoglobina 250 mg/dL&nbsp;</li><li>Triglic&eacute;ridos 1250 mg/dL</li></ul><p>Fabricante CTK Biotech Inc. San Diego, USA<br />C&oacute;digo R3002C- presentaci&oacute;n Cassette - x 30 determinaci&oacute;nes</p>',	NULL,	NULL,	NULL,	NULL,	NULL,	NULL,	1,	'1581689401-OnSite Troponin I xa imprimir.pdf',	236,	19,	NULL,	38,	'2019-09-27 23:45:46',	'2021-02-12 18:18:31',	NULL),
(231,	'CHAGAS RAPIDO FIRST RESPONSE',	'chagas-rapido-first-response',	'<p><em><strong>Todo Incluido</strong></em></p><ul><li>Casetes individuales</li><li>Manual de instrucciones</li><li>Control Positivo: frasco 0,8 ml</li><li>Control Negativo: frasco 0,8 ml</li><li>Soluci&oacute;n Antis&eacute;ptica lista para usar</li><li>Dispensador para sangre aforado</li><li>Buffer con frasco gotero, listo para usar</li><li>Hojas de papel absorbente para limpiar el &aacute;rea de punci&oacute;n</li><li>Lancetas esterilizadas para punci&oacute;n capilar de uso &uacute;nico e individual</li></ul><p>&nbsp;</p><p><em><strong>Caracter&iacute;sticas</strong></em></p><ul><li>No requiere instrumento</li><li>Almacenamiento de 2 a 30&deg;C</li><li>An&aacute;lisis Cualitativo, lectura visual</li><li>Requiere poco volumen de muestra 10 ul.</li><li>R&aacute;pido, proporciona resultados precisos en 20 min.</li><li>Muestra: Sangre entera o plasma (EDTA heparina o citrato) y suero.</li></ul><p>&nbsp;</p><p><strong>Lectura</strong></p><p><em><strong>Resultado Negativo</strong></em></p><ul><li>Aparece una sola l&iacute;nea Control color rojizo en el &aacute;rea identificada con la letra &ldquo;C&rdquo;</li></ul><p><em><strong>Resultado Positivo</strong></em></p><ul><li>Aparecen dos l&iacute;neas de color rojizo, una en el &aacute;rea con la letra T y otra en el &aacute;rea con&nbsp;la letra C. La intensidad de color de la l&iacute;nea T puede variar dependiendo de la muestra&nbsp;en estudio. Todo color visible, aunque sea muy tenue debe ser interpretado como positivo.</li></ul><p><em><strong>Resultado No Valido</strong></em></p><ul><li>Ausencia de l&iacute;nea de Control color rojizo en el &aacute;rea &ldquo;C&rdquo; aunque est&eacute; o no la l&iacute;nea en el&nbsp;&aacute;rea identificada con la letra &ldquo;T&rdquo;</li></ul><p>&nbsp;</p><p>&nbsp; &nbsp; &nbsp;<a target=\"_blank\" href=\"https://cromoion.com/biblioteca/6a3f2210-113d-11ea-a7ba-6f7c5b5c11da/download\"> ver&nbsp;FOLLETO&nbsp;click aqu&iacute;</a></p>',	NULL,	'1574878289-lectura.JPG',	NULL,	NULL,	NULL,	NULL,	1,	'1569610944-INSERTO 10x16 Chagas Rapido First Response.pdf',	368,	2,	NULL,	39,	'2019-09-27 23:58:16',	'2021-02-09 07:26:29',	NULL),
(232,	'Trypanosoma Detect TM Rapid Test',	'trypanosoma-detect-tm-rapid-test',	'<p>&nbsp;</p><p>El Trypanosoma Detect TM Rapid Test para el diagn&oacute;stico de infecci&oacute;n a T. cruzi en humanos es un ensayo<br />inmunocromatogr&aacute;fico r&aacute;pido en tira, que utiliza un ant&iacute;geno recombinante multi-epitope</p><p>&nbsp;</p><p>Contenido del equipo<br />1. Veinticinco (25) tiras de ensayo envasadas en un sobre individual &oacute; 25 tiras de ensayo dentro de un vial con desecante en la tapa.<br />2. Un (1) vial de soluci&oacute;n de Buffer Chase.</p>',	NULL,	NULL,	NULL,	NULL,	NULL,	NULL,	1,	NULL,	199,	16,	NULL,	39,	'2019-09-28 00:16:42',	'2021-02-09 07:32:39',	NULL),
(233,	'Hemoglobina Glicosilada',	'hemoglobina-glicosilada',	'<p>&nbsp;</p><p><em><strong>GLYCOHEMOGLOBIN REAGENT SET</strong></em></p><p>Para la determinaci&oacute;n de Hemoglobina glicosilada en sangre por cromatograf&iacute;a en columna con resinas de intercambio cati&oacute;nico.</p><p>&nbsp;</p><p>El porcentaje de hemoglobina glicosilada se determina midiendo la absorbancia a 415 nm de la fracci&oacute;n hemoglobina glicosilada y hemoglobina total.</p><p>&nbsp;</p><p>Kit x 40 determinaciones Contenido:</p><ul><li>Resin Reagent 1 x 120 ml</li><li>Lysing Reagent 1 x 20 ml</li><li>Glycohemoglobin Standard 1 x 1 ml</li><li>Separadores de suero 40</li></ul>',	NULL,	'1569612601-Hb glicosilada Teco 300 px.png',	NULL,	NULL,	NULL,	NULL,	1,	'1569612602-G540-40_Spanish_(Espanol) Glycohemoglobin.pdf',	219,	20,	NULL,	44,	'2019-09-28 00:30:02',	'2021-02-08 23:10:06',	NULL),
(234,	'Tiras Reactivas para Análisis de Orina',	'tiras-reactivas-para-analisis-de-orina',	'<p>URS 11</p><p>&nbsp;</p><p>Para la detecci&oacute;n cualitativa y semi-cuantitativa de la&nbsp;</p><p>glucosa, bilirrubina, cetona, gravedad espec&iacute;fica, sangre, pH, prote&iacute;na, urobilin&oacute;geno, nitrito, leucocitos y &aacute;cido asc&oacute;rbico en orina.</p><p>&nbsp;</p><p>Presentaci&oacute;n : kit x 100 tiras</p><p>&nbsp;</p><p><strong>PROCEDIMIENTO DE LA PRUEBA</strong></p><p>&nbsp;</p><ul><li>Retire de la botella s&oacute;lo las tiras que vaya a utilizar y cierre el envase firmemente.</li><li>Sumerja completamente las &aacute;reas</li><li>reactivas de la tira en la orina fresca.</li><li>Mientras la retira, toque el lado de la</li><li>tira contra el borde del recipiente para</li><li>eliminar el exceso de orina.</li><li>Coloque la tira sobre una toalla de papel absorbente para eliminar el exceso de orina y evitar derrames.</li><li>Compare cada &aacute;rea de reactivo con el color que le corresponda en la carta de colores</li><li>L&eacute;alo en los tiempos especificados, es importante para obtener &oacute;ptimos resultados.</li><li>Obtenga los resultados mediante una comparaci&oacute;n directa con la carta de colores.</li></ul><p>&nbsp;</p><p>&nbsp;</p><p>Evite reacciones falso negativas y debiles utilice URS-11 y mida el &Aacute;cido Ascorbico en orina.</p><p>&nbsp;</p><p>Se podr&aacute;n observar reacciones falsas negativas y d&eacute;biles de glucosa, sangre y bilirrubina si:</p><ul><li>Glucosa: m&aacute;s de 50 mg / dl de &aacute;cido asc&oacute;rbico en la muestra.</li><li>Bilirrubina: m&aacute;s de 50 mg / dl de &aacute;cido asc&oacute;rbico en la muestra.</li><li>Sangre: m&aacute;s de 10 mg / dl de &aacute;cido asc&oacute;rbico en la muestra.</li></ul>',	NULL,	'1575305885-para website 1.png',	NULL,	NULL,	NULL,	NULL,	1,	'1575313600-URS-ALL español.pdf',	266,	20,	NULL,	44,	'2019-09-28 00:43:40',	'2021-02-08 23:11:05',	NULL),
(235,	'STREP  A',	'strep-a',	'<p>&nbsp;La Prueba R&aacute;pida OnSite Strep A es un inmunoensayo de flujo lateral para la detecci&oacute;n cualitativa de Streptococcus pyogenes grupo A (Strep A) en muestras de hisopado de laringe.&nbsp;</p><p>&nbsp;</p><p><em><strong>Caracter&iacute;sticas de la Prueba R&aacute;pida OnSite Strep A</strong></em></p><ul><li>Paquete integral dise&ntilde;ado para su uso en el punto de atenci&oacute;n&nbsp;</li><li>Hisopo de alta calidad, marca CE&nbsp;</li><li>Tubo de extracci&oacute;n ergon&oacute;mico, f&aacute;cil de usar&nbsp;</li><li>Resultados disponibles en 5 minutos&nbsp;</li><li>Controles positivos y negativos en cada kit&nbsp;</li></ul><p><em><strong>Desempe&ntilde;o Cl&iacute;nico&nbsp;</strong></em></p><ul><li>Sensibilidad relativa 94.4%</li><li>Especificidad relativa 97.3%</li><li>Concordancia general: 96.6%</li></ul><p>Fabricante CTK Biotech Inc. 13855 Stowe Drive, Poway, CA 92064, USA<br />C&oacute;digo R0184S- presentaci&oacute;n Strip (tiras) &nbsp;- x 25 determinaci&oacute;ne</p>',	NULL,	'1581692026-Procedimiento Strep A x 600px.png',	NULL,	NULL,	NULL,	NULL,	1,	'1583524433-IFU OnSite Strep A Tira.pdf',	345,	19,	NULL,	42,	'2019-09-28 00:47:35',	'2021-02-12 23:09:00',	NULL),
(236,	'Rotavirus Ag',	'rotavirus-ag',	'<p>&nbsp;</p><p>La Prueba R&aacute;pida&nbsp;<em>OnSite&nbsp;</em>Rotavirus Ag es un inmunoensayo cromatogr&aacute;fico de flujo lateral para la detecci&oacute;n cualitativa del ant&iacute;geno del rotavirus en muestras fecales.</p><p>&nbsp;</p><p>kit x 25 det</p>',	NULL,	NULL,	NULL,	NULL,	NULL,	NULL,	1,	NULL,	254,	19,	NULL,	41,	'2019-09-28 00:51:06',	'2021-02-12 18:15:09',	NULL),
(237,	'Rota / Adeno',	'rota-adeno',	'<p>La Prueba R&aacute;pida OnSite Rota/Adeno Ag es un inmunoensayo de flujo lateral para detecci&oacute;n y diferenciaci&oacute;n cualitativas de ant&iacute;genos del rotavirus y adenovirus en muestras fecales</p><p><br />&nbsp;<br /><em><strong>Caracteristicas de Desempe&ntilde;o</strong></em></p><ul><li>Rotavirus Ag Sensibilidad relativa: 100%, Especificidad relativa: 97.2%, Concordancia global: 98.1% &nbsp;</li><li>Adenovirus Ag Sensibilidad relativa: 100%, Especificidad relativa: 97.9%, Concordancia global: 98.1%</li></ul><p>&nbsp;</p><p><em><strong>Prueba R&aacute;pida Rota/Adeno Ag&nbsp;</strong></em></p><ul><li>Ahorra tiempo diferenciando entre rotavirus y adenovirus en una sola prueba&nbsp;</li><li>El resultado est&aacute; disponible en 15 minutos.&nbsp;</li><li>Sin reactividad cruzada con otras enfermedades infecciosas gastrointestinales.&nbsp;</li><li>El dispositivo de recolecci&oacute;n de heces minimiza el manejo de muestras</li></ul><p><a target=\"_blank\" href=\"https://cromoion.com/biblioteca/264f47f0-6302-11ea-bb1a-8190c68efbf6/download\">IFU (Information for Use) Manual de Uso</a></p><p>Fabricante CTK Biotech Inc. 13855 Stowe Drive, Poway, CA 92064, USA<br />C&oacute;digo R0196C- presentaci&oacute;n Cassette - x 25&nbsp;determinaci&oacute;ne</p>',	NULL,	NULL,	NULL,	NULL,	NULL,	NULL,	1,	'1581691087-OnSite Rota Adeno xa mail.pdf',	262,	19,	NULL,	41,	'2019-09-28 00:55:44',	'2021-02-12 18:13:32',	NULL),
(238,	'TPO Ab  TOSOH*',	'tpo-ab-tosoh',	'<p>* 40 min. de incubaci&oacute;n. No disponible en AIA360</p><p>&nbsp;</p><ul><li>20290&nbsp; &nbsp;AIA-PACK TPOAb 20 cups x 5 trays (100 tests)</li><li>20390&nbsp; &nbsp;AIA-PACK Calibrator Set Six levels, 12 x 1 mL</li><li>20490&nbsp; &nbsp;AIA-PACK Control Set Two levels, 4 x 4 mL</li><li>20590&nbsp; &nbsp;AIA-PACK TPOAb/TgAb Sample Diluting Sol. 4 x 100 mL</li></ul>',	NULL,	NULL,	NULL,	NULL,	NULL,	NULL,	1,	NULL,	176,	1,	NULL,	20,	'2019-10-01 20:31:54',	'2021-02-12 11:27:39',	NULL),
(239,	'Tg Ab  TOSOH*',	'tg-ab-tosoh',	'<p>* 40 min. de incubaci&oacute;n. No disponible en AIA360</p><p>&nbsp;</p><ul><li>20291&nbsp; &nbsp;AIA-PACK TgAb 20 cups x 5 trays (100 tests)</li><li>20391&nbsp; &nbsp;AIA-PACK TgAb Calibrator Set Six levels, 12 x 1 mL</li><li>25491&nbsp; &nbsp;AIA-PACK TgAb Control Set Two levels, 6 x 1 mL</li></ul>',	NULL,	NULL,	NULL,	NULL,	NULL,	NULL,	1,	NULL,	198,	1,	NULL,	20,	'2019-10-01 20:34:13',	'2021-02-12 11:27:04',	NULL),
(240,	'TOSOH Distribuidores Latinoamerica',	'tosoh-distribuidores-latinoamerica',	'<ul><li><a target=\"_blank\" href=\"http://www.cromoion.com\">Argentina</a></li><li><a target=\"_blank\" href=\"http://reacur.com.uy/es/contacto/\">Bolivia</a></li><li><a target=\"_blank\" href=\"http://www.scenika.com.br/\">Brasil</a></li><li><a target=\"_blank\" href=\"http://www.procirurgica.cl\">Chile</a></li><li><a target=\"_blank\" href=\"http://www.analteclaboratory.com\">Colombia</a></li><li><a target=\"_blank\" href=\"http://www.tecnodiagnostica.com\">Costa Rica</a></li><li><a target=\"_blank\" href=\"http://www.vibag.com.ec\">Ecuador</a></li><li><a target=\"_blank\" href=\"http://www.sumilab.com.gt\">El Salvador</a></li><li><a target=\"_blank\" href=\"http://www.sumilab.com.gt\">Guatemala</a></li><li><a target=\"_blank\" href=\"http://www.sumilab.com.gt\">Honduras</a></li><li><a target=\"_blank\" href=\"http://www.dicipa.com.mx\">M&eacute;xico AIA Inmunolog&iacute;a</a></li><li><a target=\"_blank\" href=\"http://pharmacur.com.mx\">M&eacute;xico HPLC (Gobierno)</a></li><li><a target=\"_blank\" href=\"http://desego.digitalgap.com.mx/\">M&eacute;xico &nbsp;HPLC (Privado)</a></li><li><a target=\"_blank\" href=\"http://desego.digitalgap.com.mx\">Panam&aacute;</a></li><li><a target=\"_blank\" href=\"http://reacur.com.uy/es/contacto/\">Paraguay</a></li><li><a target=\"_blank\" href=\"http://www.biomed.pe\">Per&uacute;</a></li><li><a target=\"_blank\" href=\"http://www.cruzayala.com\">Rep&uacute;blica Dominicana</a></li><li><a target=\"_blank\" href=\"http://reacur.com.uy/es/contacto/\">Uruguay</a></li><li><a target=\"_blank\" href=\"http://www.tecnodiagnostica.com\">Nicaragua</a></li><li><a target=\"_blank\" href=\"http://caribbeandiagnostics.com/\">Caribe</a></li><li><a target=\"_blank\" href=\"http://www.bionuclear.com\">Puerto Rico&nbsp;</a></li></ul>',	NULL,	NULL,	NULL,	NULL,	NULL,	NULL,	1,	NULL,	210,	1,	NULL,	64,	'2019-10-03 00:45:46',	'2021-02-12 14:33:08',	NULL),
(241,	'. RIQAS - Esquema Internacional de Aseguramiento de la Calidad',	'riqas-esquema-internacional-de-aseguramiento-de-la-calidad',	'<p>La participaci&oacute;n en un programa externo de control de calidad acreditado como RIQAS genera confianza en el rendimiento y la fiabilidad de su laboratorio.</p><p>&nbsp;</p><ul><li>Acreditado por: ISO 13485:2003, UKAS N&deg;0010.</li><li>Acreditado por la Norma ISO 17043:2010 &uml;Evaluaci&oacute;n de la conformidad de los requisitos generales para ensayos de aptitud&uml; que anula y sustituye Norma ISO/IEC Guia 43-1e ILAC-G13.</li><li>M&aacute;s de 45.000 participantes en 133 paises.</li><li>No requiere software especializado.</li><li>Entrada sencilla de datos. Casillas predefinidas.</li><li>Posibilidad de registrar diferentes instrumentos bajo el mismo programa sin cos-to extra.</li><li>Reporte de grupo de instrumentos sin costo adicional</li><li>Reportes de grupos de laboratorios sin costo extra.</li><li>Reporte de performance de fin de ciclo.</li><li>Muestras ciegas. Matriz 100% humana. Libres de interferencias.</li><li>Par&aacute;metros rastreables a materiales de referencia</li><li>Informes completos, f&aacute;ciles y r&aacute;pidos de interpretar en 48 a 72 hs.</li><li>Resultados y reportes confidenciales. Sistema de entrada por contrase&ntilde;a.</li><li>Informe gratuito por transferencia electr&oacute;nica o en versi&oacute;n PDF</li><li>Posibilidad de realizar modificaciones t&eacute;cnicas a lo largo del ciclo.</li><li>Posibilidad de comparar su funcionamiento con laboratorios que utilizan su mis-mo instrumento y metodolog&iacute;a.</li><li>M&uacute;ltiples Programas. Extenso men&uacute; de analitos</li><li>Incluye analitos no disponibles en otros esquemas de Control de Calidad Externo.</li><li>Flexibilidad de planes seg&uacute;n necesidades y/o requerimientos de laboratorios.</li><li>Entrega de Certificados de participaci&oacute;n por kit contratado.</li><li>Contacto permanente con su distribuidor.</li></ul><p>&nbsp;</p>',	NULL,	'1575568689-RIQAS para web.png',	NULL,	NULL,	NULL,	NULL,	1,	NULL,	203,	7,	NULL,	45,	'2019-12-05 23:47:42',	'2021-02-12 23:44:32',	NULL),
(242,	'RIQAS Calendario 2021',	'riqas-calendario-2021',	'<p><a href=\"https://www.cromoion.com/pdf/1609265430-PR076%20-%20RIQAS%20Monthly%20Calendar%20-%202021-compressed.pdf\">para bajar el calendario RIQAS 2021</a></p><p><a href=\"https://www.cromoion.com/pdf/1609265430-PR076%20-%20RIQAS%20Monthly%20Calendar%20-%202021-compressed.pdf\">haga click aqu&iacute;</a></p><p>&nbsp;</p>',	NULL,	'1609265430-Calendario RIQAS 2021.jpg',	NULL,	NULL,	NULL,	NULL,	1,	'1609265430-PR076 - RIQAS Monthly Calendar - 2021-compressed.pdf',	248,	7,	NULL,	45,	'2019-12-06 00:18:52',	'2021-02-09 07:23:11',	NULL),
(243,	'Video Explicativo de la metodología HPLC',	'video-explicativo-de-la-metodologia-hplc',	NULL,	NULL,	NULL,	NULL,	NULL,	'x6HZyaTvVAI',	NULL,	1,	NULL,	209,	1,	1,	72,	'2020-01-17 00:43:52',	'2021-02-09 07:42:08',	NULL),
(245,	'TOSOH HLC-723 GX -2.2 min/prueba',	'tosoh-hlc-723-gx-22-minprueba',	'<p>&nbsp;</p><p><strong>Capacidad de Muestreo</strong></p><ul><li>10 + 2 &nbsp;(Puerto CAL tipo incorporada)</li></ul><p><strong>R&aacute;pido</strong></p><ul><li>An&aacute;lisis 2.2 minutos por prueba</li><li>Tiempo del primer resultado en 6.6 minutos</li></ul><p><strong>Preciso</strong></p><ul><li>Menos de 2% CVs</li><li>Determinaci&oacute;n Directa de la HbA1c estable</li></ul><p><strong>Operaci&oacute;n Simple</strong></p><ul><li>Pantalla t&aacute;ctil f&aacute;cil de usar</li><li>Muestreo de Tubo Primario</li><li>Capacidad de perforaci&oacute;n del tubo</li><li>Identiﬁcaci&oacute;n positiva de la muestra</li><li>Mantenimiento Autom&aacute;tico &nbsp; &nbsp;&nbsp;</li></ul><p><strong>Tama&ntilde;o Compacto&nbsp;</strong></p><ul><li>(A)37.0 X (P)52.5 X (Alto)48.2 cm</li><li>Peso 25Kg</li></ul><p><strong>Especificaciones</strong></p><ul><li>Principio del EnsayoCromatograf&iacute;a l&iacute;quida de alto rendimiento del intercambio ionico</li><li>M&eacute;todo de Detecci&oacute;nAbsorci&oacute;n de 2 ondas (longitud de onda de detecci&oacute;n 415nm)</li><li>&nbsp;Fot&oacute;metro de absorci&oacute;n LED</li><li>Requisito de MuestraSangre entera y sangre diluida</li></ul>',	NULL,	'1579201299-Instrumento Tosoh HLC 723 GX.png',	NULL,	NULL,	NULL,	NULL,	1,	NULL,	183,	1,	1,	71,	'2020-01-17 00:58:48',	'2021-02-09 07:36:18',	NULL),
(246,	'TOSOH HLC®-723 G11 - 1 min/prueba',	'tosoh-hlc-723-g11-1-minprueba',	'<p><strong><em>Analizador Autom&aacute;tico de&nbsp;Hemoglobina Glicosilada HbA1c y sus variantes<br />1.0 min/prueba - sampler 90 o 290</em></strong></p><p>&nbsp;</p><p>El analizador de TOSOH G11, esta destinado a esos laboratorios con un alto volumen de pruebas,&nbsp;<br />tales como laboratorios de referencia o p&uacute;blicos y/o privados de gran tama&ntilde;o, en lo que el tiempo de resultado de la A1c sea esencial, obteniendo resultados cada 60 segundos.&nbsp;</p><p><br /><em><strong>CARACTER&Iacute;STICAS Y BENEFICIOS</strong></em></p><p>&bull;Dimension Compacta<br />&bull;Laingenieria precisa, produce rendimiento preciso &nbsp;&lt;1% CV*<br />&bull;Tiempo de analisisHbA1c 1.0 minuto/prueba<br />&bull;Rastreo y caducidad completa de los reactivos.<br />&bull;Pantalla t&aacute;ctil a color<br />&bull;Historia de hardware robusto &nbsp;&lt;1 Servicio de atenci&oacute;n al a&ntilde;o con alto MTBF.<br />&bull;Las banderas programables ayudan a la auto-verificaci&oacute;n<br />&bull;Cromatogramas de alta resoluci&oacute;n.<br />Separaci&oacute;n entre A1c l&aacute;bil y estable.<br />Medici&oacute;n directa de A1c estable.</p><p>&nbsp;</p><p><em><strong>MODELOS Y DIMENSIONES (W/ D/H)</strong></em></p><ul><li>Modelo&nbsp; &nbsp;G11 -90SL&nbsp; &nbsp; 530 mm x 515 mm x 482 mm</li><li>Modelo&nbsp; &nbsp;G11 &ndash;90LA&nbsp; &nbsp;560 mm x 725 mm x 482 mm</li><li>Modelo&nbsp; &nbsp;G11 -290SL&nbsp; &nbsp;1120 mm x 530 mm x 482 mm</li></ul><p>&nbsp;</p><p><em><strong>Facilidad en el manejo y mantenimiento diario</strong></em></p><ul><li>Calibraci&oacute;n de la S-A1c cada 30 d&iacute;as</li><li>F&aacute;cil y r&aacute;pido remplazo de filtro que elimina la posibilidad de error operario</li><li>Trazabilidad completa por c&oacute;digo de barra para mayor seguridad</li><li>Gran adaptabilidad a m&uacute;ltiples formas de muestreo en la posici&oacute;n de emergencia</li></ul>',	NULL,	'1579201613-G11 con sampleador.jpg',	NULL,	NULL,	NULL,	NULL,	1,	NULL,	184,	1,	1,	71,	'2020-01-17 01:06:53',	'2021-02-09 07:35:54',	NULL),
(247,	'On Site FOB',	'on-site-fob',	'<p>La prueba r&aacute;pida OnSite FOB&nbsp;est&aacute; dise&ntilde;ada para detectar de forma espec&iacute;fica niveles&nbsp;bajos de sangre oculta en heces fecales humanas</p><p>OnSite FOB</p><ul><li>Sensibilidad anal&iacute;tica de la prueba: 50 ng/mL hHb de tamp&oacute;n FOB o 7 &micro;g/g hHb de heces</li><li>Sensibilidad relativa: 97,9 %</li><li>Especificidad relativa: 99.2%</li><li>Concordancia general: 98.9%</li></ul>',	NULL,	'1593175871-Interpretación de los resultados.jpg',	NULL,	NULL,	NULL,	NULL,	1,	'1593175871-Prueba Rápida OnSite FOB - Cassette (50 ngmL).pdf',	122,	19,	1,	44,	'2020-06-26 17:51:11',	'2021-02-12 18:14:22',	NULL),
(248,	'On Site FOB Hi',	'on-site-fob-hi',	'<p>La prueba r&aacute;pida OnSite FOB-Hi est&aacute; dise&ntilde;ada para detectar de forma espec&iacute;fica niveles&nbsp;bajos de sangre oculta en heces fecales humanas<br />&nbsp;</p><p>OnSite FOB-Hi</p><ul><li>Sensibilidad anal&iacute;tica de la prueba: 25 ng/mL hHb de tamp&oacute;n FOB o 3.5 &micro;g/g hHb de heces.</li><li>Sensibilidad relativa: 95,8 %</li><li>Especificidad relativa: 98.8%</li><li>Concordancia general: 97.8%</li></ul><p>&nbsp;</p>',	NULL,	'1593176048-Interpretación de los resultados.jpg',	NULL,	NULL,	NULL,	NULL,	1,	'1593176048-Prueba Rápida OnSite FOB-Hi (25 ngmL).pdf',	138,	19,	1,	44,	'2020-06-26 17:54:08',	'2021-02-12 18:16:48',	NULL);

DROP TABLE IF EXISTS `product_categories`;
CREATE TABLE `product_categories` (
  `id` int(10) unsigned NOT NULL AUTO_INCREMENT,
  `name` varchar(191) COLLATE utf8mb4_unicode_ci DEFAULT NULL,
  `slug` varchar(191) COLLATE utf8mb4_unicode_ci DEFAULT NULL,
  `description` text COLLATE utf8mb4_unicode_ci,
  `photo` varchar(191) COLLATE utf8mb4_unicode_ci DEFAULT NULL,
  `parent_id` int(10) unsigned DEFAULT NULL,
  `_lft` int(10) unsigned DEFAULT NULL,
  `_rgt` int(10) unsigned DEFAULT NULL,
  `created_at` timestamp NULL DEFAULT NULL,
  `updated_at` timestamp NULL DEFAULT NULL,
  PRIMARY KEY (`id`),
  KEY `50084_59b152ee8b93e` (`parent_id`),
  CONSTRAINT `50084_59b152ee8b93e` FOREIGN KEY (`parent_id`) REFERENCES `product_categories` (`id`) ON DELETE CASCADE
) ENGINE=InnoDB DEFAULT CHARSET=utf8mb4 COLLATE=utf8mb4_unicode_ci;

INSERT INTO `product_categories` (`id`, `name`, `slug`, `description`, `photo`, `parent_id`, `_lft`, `_rgt`, `created_at`, `updated_at`) VALUES
(1,	'Instrumentos',	'instrumentos',	NULL,	NULL,	NULL,	1,	2,	'2019-08-26 03:32:07',	'2019-08-05 22:49:41'),
(2,	'Reactivos',	'reactivos',	NULL,	NULL,	NULL,	3,	26,	'2019-08-26 03:32:07',	'2019-08-05 22:49:41'),
(3,	'Inmunoensayo Automatizado',	'inmunoensayo-automatizado',	NULL,	NULL,	2,	22,	23,	'2019-08-26 03:32:07',	'2019-08-05 22:49:41'),
(4,	'ELISA',	'elisa',	NULL,	NULL,	2,	20,	21,	'2019-08-26 03:32:07',	'2019-08-05 22:49:41'),
(5,	'Química Clínica',	'quimica-clinica',	NULL,	NULL,	2,	18,	19,	'2019-08-26 03:32:07',	'2019-08-05 22:49:41'),
(6,	'Test Rápidos',	'test-rapidos',	NULL,	NULL,	2,	16,	17,	'2019-08-26 03:32:07',	'2019-08-05 22:49:41'),
(7,	'Control de Calidad',	'control-de-calidad',	NULL,	NULL,	2,	14,	15,	'2019-08-26 03:32:07',	'2019-08-05 22:49:41'),
(8,	'Aglutinación en Porta',	'aglutinacion-en-porta',	NULL,	NULL,	2,	12,	13,	'2019-08-26 03:32:07',	'2019-08-05 22:49:41'),
(9,	'Banco de Sangre',	'banco-de-sangre',	NULL,	NULL,	2,	10,	11,	'2019-08-26 03:32:07',	'2019-08-05 22:49:41'),
(10,	'Conservación de Muestra',	'conservacion-de-muestra',	NULL,	NULL,	2,	8,	9,	'2019-08-26 03:32:07',	'2019-08-05 22:49:41'),
(11,	'HLA',	'hla',	NULL,	NULL,	2,	6,	7,	'2019-08-26 03:32:07',	'2019-08-05 22:49:41'),
(15,	'HAI -  AD',	'hai-ad',	NULL,	NULL,	2,	4,	5,	'2019-08-26 03:32:07',	'2019-09-27 18:47:37'),
(16,	'Tolerancia a la Glucosa',	'tolerancia-a-la-glucosa',	NULL,	NULL,	2,	24,	25,	'2019-08-26 03:32:07',	'2019-08-05 22:49:41'),
(17,	'Marcadores Tumorales',	'marcadores-tumorales',	NULL,	NULL,	3,	27,	28,	'2019-08-26 03:32:07',	'2019-08-26 02:19:18'),
(18,	'Marcadores Renales',	'marcadores-renales',	NULL,	NULL,	3,	29,	30,	'2019-08-26 03:32:07',	'2019-08-26 02:19:45'),
(19,	'Marcadores Cardiacos',	'marcadores-cardiacos',	NULL,	NULL,	3,	31,	32,	'2019-08-26 03:32:07',	'2019-08-26 02:20:55'),
(20,	'Tiroides',	'tiroides',	NULL,	NULL,	3,	33,	34,	'2019-08-26 03:32:07',	'2019-08-26 02:21:12'),
(21,	'Hormonas',	'hormonas',	NULL,	NULL,	3,	35,	36,	'2019-08-26 03:32:07',	'2019-08-26 02:21:29'),
(22,	'Pruebas Adicionales',	'pruebas-adicionales',	NULL,	NULL,	3,	37,	38,	'2019-08-26 03:32:07',	'2019-08-26 02:21:45'),
(23,	'Hepatitis B',	'hepatitis-b',	NULL,	NULL,	3,	39,	40,	'2019-08-26 03:32:07',	'2019-08-26 02:22:06'),
(24,	'Diabetes',	'diabetes',	NULL,	NULL,	3,	41,	42,	'2019-08-26 03:32:07',	'2019-08-26 02:22:20'),
(25,	'Metabólicos',	'metabolicos',	NULL,	NULL,	3,	43,	44,	'2019-08-26 03:32:07',	'2019-08-26 02:22:40'),
(26,	'Anemia',	'anemia',	NULL,	NULL,	3,	45,	46,	'2019-08-26 03:32:07',	NULL),
(27,	'Screening Neonatal',	'screening-neonatal',	'Tecnología en papel de filtro',	NULL,	4,	47,	48,	'2019-08-26 03:32:07',	'2019-09-25 18:38:29'),
(28,	'Arbovirus',	'arbovirus',	NULL,	NULL,	4,	49,	50,	'2019-08-26 03:32:07',	'2019-08-26 02:27:21'),
(29,	'TORCH',	'torch',	NULL,	NULL,	4,	51,	52,	'2019-08-26 03:32:07',	'2019-08-26 02:27:21'),
(30,	'Parásitos',	'parasitos',	NULL,	NULL,	4,	53,	54,	'2019-08-26 03:32:07',	'2019-08-26 02:27:21'),
(31,	'Bacterias',	'bacterias',	NULL,	NULL,	4,	55,	56,	'2019-08-26 03:32:07',	'2019-08-26 02:27:21'),
(32,	'Respiratorias',	'respiratorias',	NULL,	NULL,	4,	57,	58,	'2019-08-26 03:32:07',	'2019-08-26 02:27:21'),
(33,	'Virus',	'virus',	NULL,	NULL,	4,	59,	60,	'2019-08-26 03:32:07',	'2019-08-26 02:27:21'),
(34,	'Especiales',	'especiales',	NULL,	NULL,	5,	61,	62,	'2019-08-26 03:32:07',	'2019-08-26 02:27:21'),
(35,	'Rutina',	'rutina',	NULL,	NULL,	5,	63,	64,	'2019-08-26 03:32:07',	'2019-08-26 02:27:21'),
(36,	'Arbovirus',	'arbovirus',	NULL,	NULL,	6,	65,	66,	'2019-08-26 03:32:07',	NULL),
(38,	'Cardíacos',	'cardiacos',	NULL,	NULL,	6,	67,	68,	'2019-08-26 03:32:07',	'2019-08-26 02:27:21'),
(39,	'Parásitos',	'parasitos',	NULL,	NULL,	6,	69,	70,	'2019-08-26 03:32:07',	'2019-08-26 02:27:21'),
(40,	'Drogas de Abuso',	'drogas-de-abuso',	NULL,	NULL,	6,	71,	72,	'2019-08-26 03:32:07',	'2019-08-26 02:27:21'),
(41,	'Virus',	'virus',	NULL,	NULL,	6,	73,	74,	'2019-08-26 03:32:07',	'2019-08-26 02:27:21'),
(42,	'Bacterias/Hongos',	'bacterias-hongos',	NULL,	NULL,	6,	75,	76,	'2019-08-26 03:32:07',	'2019-08-26 02:27:21'),
(44,	'Otros',	'otros',	NULL,	NULL,	6,	77,	78,	'2019-08-26 03:32:07',	'2019-09-28 00:08:35'),
(45,	'CCE RIQAS',	'cce-riqas',	NULL,	NULL,	7,	79,	80,	'2019-08-26 03:32:07',	'2019-09-02 18:42:48'),
(46,	'CCI Acusera 24-7',	'cci-acusera-24-7',	NULL,	NULL,	7,	81,	82,	'2019-08-26 03:32:07',	'2019-09-24 20:07:26'),
(47,	'CCI STATS-link',	'cci-stats-link',	NULL,	NULL,	7,	83,	84,	'2019-08-26 03:32:07',	NULL),
(48,	'Bacterias',	'bacterias',	NULL,	NULL,	8,	85,	86,	'2019-08-26 03:32:07',	'2019-08-26 02:27:21'),
(49,	'Virus',	'virus',	NULL,	NULL,	8,	87,	88,	'2019-08-26 03:32:07',	'2019-08-26 02:27:21'),
(51,	'Citometría',	'citometria',	NULL,	NULL,	10,	89,	90,	'2019-08-26 03:32:07',	NULL),
(52,	'DNA',	'dna',	NULL,	NULL,	10,	91,	92,	'2019-08-26 03:32:07',	NULL),
(53,	'Alelos Asociados a Enfermedades',	'alelos-asociados-a-enfermedades',	'Olerup SSP kits para la detección de HLA-alelos asociados con enfermedades.\r\n \r\nExisten condiciones autoinmunes con una fuerte asociación con HLA, tales como:\r\nEspondilitis anquilosante asociada a HLA-B * 27;\r\nLa narcolepsia es una enfermedad neurológica estrechamente relacionada con el HLA-DQB1 * 06: 02\r\ny más del 95% de los pacientes con enfermedad celíaca tienen algo de isoforma de HLA-DQ2 o DQ8.\r\n \r\nHipersensibilidad a medicamentos: \r\nAbacavir es un inhibidor nucleósido de la transcriptasa inversa utilizado junto con otros agentes antirretrovirales en el tratamiento de la infección por VIH. \r\nLa hipersensibilidad a abacavir está mediada inmunológicamente, impulsada por la presentación convencional del antígeno MHC-I y la activación de HLA-B * 57: 01.\r\n \r\nTodos los kits están disponibles en 2 formatos: con y sin Taq Polymerase. \r\n \r\nPara screening de  B*27, asociado con espondilitis anquilosante\r\nCódigo	Producto	Cantidad de test\r\n101.531-48	B*27 unit dose	48\r\n101.531-48u	B*27 unit dose	48\r\n101.532-48	B*27 bulk	48\r\n101.532-48u	B*27 bulk	48\r\n101.911-96	B*27 unit dose single well	96\r\n101.911-96u	B*27 unit dose single well	96\r\n \r\n \r\nPara HIGH RESOLUTION de  HLA-B*27	 \r\nCódigo	Producto	Cantidad de test\r\n101.521-04	HLA-B*27	4\r\n101.521-04u	HLA-B*27	4\r\n101.521-24	HLA-B*27	24\r\n101.521-24u	HLA-B*27	24\r\n \r\n \r\nAlelos Asociados con Enfermedad Celiaca DQB1 y DQA1\r\nCódigo	Producto	Cantidad de test\r\n101.903-24	DQA1*02,05;DQB1*02,03:02	24\r\n101.903-24u	DQA1*02,05;DQB1*02,03:02	24\r\n \r\n \r\nAlelos Asociados con Narcolepsia DQB1 y DQA1\r\nCódigo	Producto	Cantidad de test\r\n101.901-24	DQB1*06:02,DQA1*01:02	24\r\n101.901-24u	DQB1*06:02,DQA1*01:02	24\r\n \r\n \r\nB*57:01, Asociado con HSR de ABACAVIR:\r\nCódigo	Producto	Cantidad de test\r\n101.572-12	HLA-B*57:01	12\r\n101.572-12u	HLA-B*57:01	12',	NULL,	11,	93,	94,	'2019-08-26 03:32:07',	'2019-09-18 21:00:20'),
(54,	'KIR Typing Kits',	'kir-typing-kits',	NULL,	NULL,	11,	95,	96,	'2019-08-26 03:32:07',	'2019-08-26 03:23:48'),
(55,	'Olerup SSP -HLA kits',	'olerup-ssp-hla-kits',	NULL,	NULL,	11,	97,	98,	'2019-08-26 03:32:07',	'2019-08-26 03:23:59'),
(58,	'TTOG',	'ttog',	NULL,	NULL,	16,	99,	100,	'2019-08-26 03:32:07',	'2019-08-26 03:26:05'),
(59,	'Serología',	'serologia',	NULL,	NULL,	9,	101,	102,	'2019-09-18 16:59:56',	'2019-09-18 17:01:16'),
(60,	'CC Citometría de Flujo',	'cc-citometria-de-flujo',	NULL,	NULL,	7,	103,	104,	'2019-09-24 18:46:23',	'2019-09-24 20:06:14'),
(61,	'CC Hematología',	'cc-hematologia',	NULL,	NULL,	7,	105,	106,	'2019-09-24 20:04:01',	'2019-09-24 20:05:34'),
(63,	'CC Fluidos Corporales',	'cc-fluidos-corporales',	NULL,	NULL,	7,	107,	108,	'2019-09-24 22:36:49',	'2019-09-24 22:42:20'),
(64,	'AIA SYSTEM TOSOH',	'aia-system-tosoh',	NULL,	NULL,	3,	109,	110,	'2019-09-26 22:09:39',	'2019-09-26 22:10:11'),
(65,	'HAI TOXOPLASMOSIS',	'hai-toxoplasmosis',	NULL,	NULL,	15,	111,	112,	'2019-09-27 18:45:37',	'2019-09-27 18:48:06'),
(66,	'HAI CHAGAS',	'hai-chagas',	NULL,	NULL,	15,	113,	114,	'2019-09-27 18:46:01',	'2019-09-27 18:48:25'),
(67,	'HAI ECHINOCOCCUS',	'hai-echinococcus',	NULL,	NULL,	15,	115,	116,	'2019-09-27 18:50:04',	'2019-09-27 18:55:25'),
(68,	'AD  TOXOPLASMOSIS',	'ad-toxoplasmosis',	NULL,	NULL,	15,	117,	118,	'2019-09-27 18:50:32',	'2019-09-27 18:55:40'),
(69,	'Chagas',	'chagas',	NULL,	NULL,	10,	119,	120,	'2019-09-27 19:57:03',	'2019-09-27 19:57:31'),
(70,	'HPLC',	'hplc',	NULL,	NULL,	2,	121,	122,	'2020-01-17 00:21:49',	'2020-01-17 00:23:04'),
(71,	'TOSOH HPLC instrumentos',	'tosoh-hplc-instrumentos',	NULL,	NULL,	70,	123,	124,	'2020-01-17 00:28:53',	'2020-01-17 01:08:40'),
(72,	'TOSOH Metodología',	'tosoh-metodologia',	NULL,	NULL,	70,	125,	126,	'2020-01-17 00:32:54',	'2020-01-17 01:03:16');

DROP TABLE IF EXISTS `product_tags`;
CREATE TABLE `product_tags` (
  `id` int(10) unsigned NOT NULL AUTO_INCREMENT,
  `name` varchar(191) COLLATE utf8mb4_unicode_ci DEFAULT NULL,
  `slug` varchar(191) COLLATE utf8mb4_unicode_ci DEFAULT NULL,
  `created_at` timestamp NULL DEFAULT NULL,
  `updated_at` timestamp NULL DEFAULT NULL,
  `category_id` int(10) unsigned DEFAULT NULL,
  PRIMARY KEY (`id`),
  KEY `50085_59b11b9e70393` (`category_id`),
  CONSTRAINT `50085_59b11b9e70393` FOREIGN KEY (`category_id`) REFERENCES `product_categories` (`id`) ON DELETE CASCADE
) ENGINE=InnoDB DEFAULT CHARSET=utf8mb4 COLLATE=utf8mb4_unicode_ci;


DROP TABLE IF EXISTS `roles`;
CREATE TABLE `roles` (
  `id` int(10) unsigned NOT NULL AUTO_INCREMENT,
  `title` varchar(191) COLLATE utf8mb4_unicode_ci NOT NULL,
  `created_at` timestamp NULL DEFAULT NULL,
  `updated_at` timestamp NULL DEFAULT NULL,
  PRIMARY KEY (`id`)
) ENGINE=InnoDB DEFAULT CHARSET=utf8mb4 COLLATE=utf8mb4_unicode_ci;

INSERT INTO `roles` (`id`, `title`, `created_at`, `updated_at`) VALUES
(1,	'Administrador',	'2019-07-28 04:58:47',	NULL);

DROP TABLE IF EXISTS `settings`;
CREATE TABLE `settings` (
  `id` int(10) unsigned NOT NULL AUTO_INCREMENT,
  `key` varchar(191) COLLATE utf8mb4_unicode_ci DEFAULT NULL,
  `value` varchar(191) COLLATE utf8mb4_unicode_ci DEFAULT NULL,
  `created_at` timestamp NULL DEFAULT NULL,
  `updated_at` timestamp NULL DEFAULT NULL,
  `deleted_at` timestamp NULL DEFAULT NULL,
  PRIMARY KEY (`id`),
  KEY `settings_deleted_at_index` (`deleted_at`)
) ENGINE=InnoDB DEFAULT CHARSET=utf8mb4 COLLATE=utf8mb4_unicode_ci;


DROP TABLE IF EXISTS `slideshows`;
CREATE TABLE `slideshows` (
  `id` int(10) unsigned NOT NULL AUTO_INCREMENT,
  `titulo` varchar(191) COLLATE utf8mb4_unicode_ci DEFAULT NULL,
  `image_desktop` varchar(191) COLLATE utf8mb4_unicode_ci DEFAULT NULL,
  `image_mobile` varchar(191) COLLATE utf8mb4_unicode_ci DEFAULT NULL,
  `texto` text COLLATE utf8mb4_unicode_ci,
  `link` varchar(191) COLLATE utf8mb4_unicode_ci DEFAULT NULL,
  `published` int(10) unsigned DEFAULT NULL,
  `order` int(10) unsigned DEFAULT NULL,
  `created_at` timestamp NULL DEFAULT NULL,
  `updated_at` timestamp NULL DEFAULT NULL,
  `deleted_at` timestamp NULL DEFAULT NULL,
  PRIMARY KEY (`id`),
  KEY `slideshows_deleted_at_index` (`deleted_at`)
) ENGINE=InnoDB DEFAULT CHARSET=utf8mb4 COLLATE=utf8mb4_unicode_ci;

INSERT INTO `slideshows` (`id`, `titulo`, `image_desktop`, `image_mobile`, `texto`, `link`, `published`, `order`, `created_at`, `updated_at`, `deleted_at`) VALUES
(1,	'HLC-723 GX',	'1570711688-slide_hemoglobina.jpg',	'1570711688-slide_hemoglobina_cel.jpg',	'<p>Analizador Autom&aacute;tico de Hemoglobina Glicosilada</p>\r\n\r\n<p>&nbsp;</p>\r\n\r\n<ul>\r\n	<li>R&aacute;pido</li>\r\n	<li>Preciso</li>\r\n	<li>Operaci&oacute;n simple</li>\r\n	<li>Tama&ntilde;o compacto</li>\r\n	<li>Panel t&aacute;ctil</li>\r\n</ul>',	NULL,	0,	NULL,	'2019-08-01 19:36:11',	'2020-03-30 21:22:31',	NULL),
(3,	'CHAGAS',	'1568818646-slide_chagas.jpg',	'1568817530-slide_chagas_cel.jpg',	'<p>R&aacute;pido First Response</p>\r\n\r\n<p>&nbsp;</p>\r\n\r\n<ul>\r\n	<li>Almacenamiento 2 a 30&ordm;C</li>\r\n	<li>Requiere poco volumen de muestra</li>\r\n	<li>Analisis cualitativo, lectura visual</li>\r\n	<li>Resultados precisos en 20 min.</li>\r\n	<li>No requiere instrumento</li>\r\n</ul>',	NULL,	0,	3,	'2019-08-01 20:00:28',	'2020-11-26 23:28:54',	NULL),
(4,	'GLUCOCURVE® 75',	'1568817552-slide_glucocurve.jpg',	'1568817552-slide_glucocurve_cel.jpg',	'<p>&nbsp;</p>\r\n\r\n<ul>\r\n	<li>Una soluci&oacute;n f&aacute;cil, innovadora y de agradable sabor naranja para el test de tolerancia oral a la glucosa.</li>\r\n</ul>',	NULL,	0,	2,	'2019-08-01 20:01:53',	'2020-12-18 01:34:59',	'2020-12-18 01:34:59'),
(5,	'Titulo de prueba',	'1572904206-Artboard 1-80.jpg',	'1572904272-Artboard 1-80.jpg',	NULL,	NULL,	0,	NULL,	'2019-11-05 03:50:06',	'2019-11-05 19:41:09',	'2019-11-05 19:41:09'),
(6,	'35° Aniversario',	'1572959586-slides 35 AÑOS v2.png',	'1572959586-slides_responsives 35 años.png',	'<ul>\r\n	<li><em>Gracias a todas esas personas que son y han sido parte de Cromoi&oacute;n:&nbsp;</em></li>\r\n	<li>Empleados, clientes, distribuidores, proveedores y competidores; todos ellos nos han ido guiando en el esfuerzo permanente para ser fieles a nuestro lema fundacional:&nbsp;</li>\r\n	<li>&ldquo;La importancia de un servicio&rdquo;.</li>\r\n	<li>Por todo esto, queremos agradecerles y &nbsp;por supuesto, pedirles que nos sigan acompa&ntilde;ando en este camino: &iexcl;vamos por los 50!</li>\r\n	<li>A todos, &iexcl;muchas gracias!</li>\r\n</ul>',	NULL,	0,	NULL,	'2019-11-05 19:13:06',	'2020-12-18 01:35:07',	'2020-12-18 01:35:07'),
(7,	NULL,	'1596128109-Cuarentena UBUNTU X1920px.png',	'1585585288-slides_responsives cuarentenav2.png',	'<p>&nbsp;</p>\r\n\r\n<p>&nbsp;</p>\r\n\r\n<p>&nbsp;</p>',	NULL,	0,	1,	'2020-03-30 21:01:04',	'2020-11-26 23:35:02',	NULL),
(8,	'Diego 1',	'1606411415-Publicación3.jpg',	'1606411999-Publicación3.jpg',	NULL,	NULL,	1,	2,	'2020-11-26 23:23:35',	'2020-11-27 00:07:00',	'2020-11-27 00:07:00'),
(9,	NULL,	'1606411694-Publicación5.jpg',	'1606412037-Publicación5.jpg',	NULL,	NULL,	1,	3,	'2020-11-26 23:28:14',	'2020-11-27 00:06:50',	'2020-11-27 00:06:50'),
(10,	NULL,	'1606411698-Publicación5.jpg',	NULL,	NULL,	NULL,	1,	3,	'2020-11-26 23:28:18',	'2020-11-26 23:29:12',	'2020-11-26 23:29:12'),
(11,	'Diego 1',	'1606414111-Publicación1.jpg',	'1606414111-Publicación1.jpg',	NULL,	NULL,	1,	4,	'2020-11-27 00:08:31',	'2020-12-17 23:59:26',	'2020-12-17 23:59:26'),
(12,	NULL,	'1606414170-Publicación5.jpg',	'1606414170-Publicación5.jpg',	NULL,	NULL,	1,	3,	'2020-11-27 00:09:30',	'2020-12-17 23:59:39',	'2020-12-17 23:59:39'),
(13,	'Día Internacional de VIH/SIDA',	'1606835881-dia del sida v2.jpg',	'1606835881-dia del sida v2.jpg',	NULL,	NULL,	1,	2,	'2020-12-01 21:05:19',	'2020-12-18 01:35:13',	'2020-12-18 01:35:13'),
(14,	'día del médico',	'1607006849-dia del medicov2.jpg',	'1607006849-dia del medicov2.jpg',	NULL,	NULL,	1,	1,	'2020-12-03 20:43:50',	'2020-12-18 01:35:18',	'2020-12-18 01:35:18'),
(15,	NULL,	'1608235955-Dengue Ag CTK 1920 x 600 v2.png',	'1608235955-Dengue Ag CTK 1920 x 600 v2.png',	'<p>&nbsp;</p>\r\n\r\n<p>&nbsp;</p>\r\n\r\n<h1>&nbsp;</h1>',	NULL,	1,	1,	'2020-12-18 01:49:04',	'2020-12-18 18:04:41',	'2020-12-18 18:04:41'),
(16,	NULL,	'1608300141-Glucocurve 75 1920 x 700 v3.jpg',	'1608300141-Glucocurve 75 1920 x 700 v3.jpg',	NULL,	NULL,	1,	2,	'2020-12-18 02:21:09',	'2020-12-18 20:02:22',	NULL),
(17,	NULL,	'1608300258-Dengue Ag CTK 1920 x 700 v3.jpg',	'1608300258-Dengue Ag CTK 1920 x 700 v3.jpg',	NULL,	NULL,	1,	1,	'2020-12-18 20:04:18',	'2020-12-18 20:04:31',	NULL),
(18,	NULL,	'1608325731-SARAS CoV 2 1920 X 700.jpg',	'1608325731-SARAS CoV 2 1920 X 700.jpg',	NULL,	NULL,	1,	3,	'2020-12-19 03:08:51',	'2020-12-19 03:09:10',	NULL);

DROP TABLE IF EXISTS `subscriptions`;
CREATE TABLE `subscriptions` (
  `id` int(10) unsigned NOT NULL AUTO_INCREMENT,
  `name` varchar(191) COLLATE utf8mb4_unicode_ci DEFAULT NULL,
  `surname` varchar(191) COLLATE utf8mb4_unicode_ci DEFAULT NULL,
  `email` varchar(191) COLLATE utf8mb4_unicode_ci DEFAULT NULL,
  `company` varchar(191) COLLATE utf8mb4_unicode_ci DEFAULT NULL,
  `created_at` timestamp NULL DEFAULT NULL,
  `updated_at` timestamp NULL DEFAULT NULL,
  `deleted_at` timestamp NULL DEFAULT NULL,
  PRIMARY KEY (`id`),
  KEY `messages_deleted_at_index` (`deleted_at`)
) ENGINE=InnoDB DEFAULT CHARSET=utf8mb4 COLLATE=utf8mb4_unicode_ci;

INSERT INTO `subscriptions` (`id`, `name`, `surname`, `email`, `company`, `created_at`, `updated_at`, `deleted_at`) VALUES
(1,	'Marta',	'Sbodio',	'martasbodio@hotmail.com',	'Laboratorio de Analisis Clinicos',	'2019-10-13 05:44:34',	'2019-10-13 05:44:34',	NULL),
(2,	'Daniel',	'Paolicchi',	'daniel.paolicchi@gmail.com',	'laboratorio hospital Gobernador Centeno (La Pampa)',	'2019-10-24 17:45:21',	'2019-10-24 17:45:21',	NULL),
(3,	'Daniel',	'Paolicchi',	'daniel.paolicchi@gmail.com',	'laboratorio hospital Gobernador Centeno (La Pampa)',	'2019-10-24 17:45:23',	'2019-10-24 17:45:23',	NULL),
(4,	'Daniel',	'Paolicchi',	'daniel.paolicchi@gmail.com',	'laboratorio hospital Gobernador Centeno (La Pampa)',	'2019-11-11 18:39:50',	'2019-11-11 18:39:50',	NULL),
(5,	'Dee Shields',	'Dee Shields',	'irishdrakejr@gmail.com',	'Kiehn - Wiza',	'2019-12-09 19:27:23',	'2019-12-09 19:27:23',	NULL),
(6,	'Lyric Gleichner',	'Lyric Gleichner',	'krameer93@gmail.com',	'Rosenbaum, Gibson and Witting',	'2019-12-10 08:18:11',	'2019-12-10 08:18:11',	NULL),
(7,	'Pietro Buckridge',	'Pietro Buckridge',	'm.rau@wg-boetzingen.de',	'Runolfsdottir - Wisozk',	'2019-12-11 11:09:22',	'2019-12-11 11:09:22',	NULL),
(8,	'General Schiller',	'General Schiller',	'melisumina@yahoo.com',	'Kub and Sons',	'2019-12-16 10:01:15',	'2019-12-16 10:01:15',	NULL),
(9,	'daniela',	'gonzalez',	'dann579biotec@gmail.com',	'SOLFACAR',	'2019-12-16 18:10:49',	'2019-12-16 18:10:49',	NULL),
(10,	'Toy Wisoky',	'Toy Wisoky',	'fatihr9@freenet.de',	'Windler - Steuber',	'2019-12-19 00:43:27',	'2019-12-19 00:43:27',	NULL),
(11,	'Taurean Mayer',	'Taurean Mayer',	'laurarubalcava@aol.com',	'Mosciski - Fahey',	'2019-12-19 03:09:06',	'2019-12-19 03:09:06',	NULL),
(12,	'Joel Morissette',	'Joel Morissette',	'elainekjohnstonrb19t@gmail.com',	'Feest, Bradtke and Cremin',	'2019-12-19 15:18:37',	'2019-12-19 15:18:37',	NULL),
(13,	'Burdette Mraz',	'Burdette Mraz',	'cirinzo@me.com',	'Stoltenberg - Fay',	'2019-12-19 16:54:31',	'2019-12-19 16:54:31',	NULL),
(14,	'Mrs. Luis Hodkiewicz',	'Mrs. Luis Hodkiewicz',	'emma.wang@holtrenfrew.com',	'Langosh and Sons',	'2019-12-19 22:35:50',	'2019-12-19 22:35:50',	NULL),
(15,	'prueba',	'prueba',	'pp@pp.com',	'prueba',	'2019-12-20 01:44:18',	'2019-12-20 01:44:18',	NULL),
(16,	'Mrs. Norene Nienow',	'Mrs. Norene Nienow',	'bonadiane@yahoo.com',	'Mann - Lakin',	'2019-12-20 03:43:30',	'2019-12-20 03:43:30',	NULL),
(17,	'Marjory Price',	'Marjory Price',	'libby.mchardyhall@sympatico.ca',	'Hintz, Gibson and Luettgen',	'2020-02-18 02:07:34',	'2020-02-18 02:07:34',	NULL),
(18,	'Dr. Tristin Stokes',	'Dr. Tristin Stokes',	'coreyafoy@gmail.com',	'Treutel Inc',	'2020-02-18 17:12:15',	'2020-02-18 17:12:15',	NULL),
(19,	'Christelle Jacobs',	'Christelle Jacobs',	'einat.zontag@gmail.com',	'Walsh Inc',	'2020-02-19 17:06:37',	'2020-02-19 17:06:37',	NULL),
(20,	'Isaiah Lakin',	'Isaiah Lakin',	'mr9guy119@yahoo.com',	'DuBuque Group',	'2020-02-22 08:44:15',	'2020-02-22 08:44:15',	NULL),
(21,	'Janie O\'Hara',	'Janie O\'Hara',	'karenakeenan@gmail.com',	'Grant Inc',	'2020-02-25 02:04:31',	'2020-02-25 02:04:31',	NULL),
(22,	'Hortense Heller',	'Hortense Heller',	'contact@gopax.com',	'O\'Keefe Group',	'2020-03-02 02:11:03',	'2020-03-02 02:11:03',	NULL),
(23,	'Billie Little',	'Billie Little',	'angellavergne@hotmail.com',	'Okuneva - Kemmer',	'2020-03-02 23:42:22',	'2020-03-02 23:42:22',	NULL),
(24,	'Elias Wintheiser',	'Elias Wintheiser',	'pen911@hotmail.com',	'Casper Group',	'2020-03-09 07:43:05',	'2020-03-09 07:43:05',	NULL),
(25,	'Austyn Grady',	'Austyn Grady',	'binhoang@yahoo.com',	'Stanton - Kreiger',	'2020-03-11 02:57:05',	'2020-03-11 02:57:05',	NULL),
(26,	'Paul Rice',	'Paul Rice',	'rwilling008@comcast.net',	'Nader LLC',	'2020-03-11 21:32:33',	'2020-03-11 21:32:33',	NULL),
(27,	'Miss Rex Kling',	'Miss Rex Kling',	'vancooneyp@yahoo.com',	'Cassin Group',	'2020-03-17 02:38:42',	'2020-03-17 02:38:42',	NULL),
(28,	'Dedric Schumm Jr.',	'Dedric Schumm Jr.',	'missysat13@gmail.com',	'Daugherty - Kreiger',	'2020-03-18 09:41:22',	'2020-03-18 09:41:22',	NULL),
(29,	'Jakayla Block',	'Jakayla Block',	'stewart.lightfield@gmail.com',	'Zboncak, Erdman and Schaefer',	'2020-03-22 17:47:28',	'2020-03-22 17:47:28',	NULL),
(30,	'Elvis Graham',	'Elvis Graham',	'benamp@aol.com',	'Johnson - Crooks',	'2020-03-27 05:26:51',	'2020-03-27 05:26:51',	NULL),
(31,	'JqjDruVoiHg',	'WzotYGNH',	'flynnelizabeth62@gmail.com',	'olqWYtQuIhAXUD',	'2020-04-04 19:43:09',	'2020-04-04 19:43:09',	NULL),
(32,	'Carlos',	'Martin',	'CACOCHACHO@HOTMAIL.COM',	'TOSOH',	'2020-04-08 02:49:20',	'2020-04-08 02:49:20',	NULL),
(33,	'Laury Ortiz',	'Laury Ortiz',	'pfagoora@gmail.com',	'O\'Kon, Fadel and Schaden',	'2020-04-09 23:05:55',	'2020-04-09 23:05:55',	NULL),
(34,	'Mr. Valentina Koepp',	'Mr. Valentina Koepp',	'ranakhoreibi@gmail.com',	'Bauch LLC',	'2020-04-11 08:05:53',	'2020-04-11 08:05:53',	NULL),
(35,	'Mr. Novella Hane',	'Mr. Novella Hane',	'nigel.prior@ihg.com',	'Johnson, Harvey and Moen',	'2020-04-20 17:31:07',	'2020-04-20 17:31:07',	NULL),
(36,	'Barton Goyette',	'Barton Goyette',	'vickibriggs@hotmail.co.uk',	'Mosciski - O\'Conner',	'2020-04-30 22:22:56',	'2020-04-30 22:22:56',	NULL),
(37,	'Judy Gusikowski',	'Judy Gusikowski',	'diana.alagar@yahoo.com',	'Bernier Group',	'2020-05-03 19:17:23',	'2020-05-03 19:17:23',	NULL),
(38,	'Charlie Beahan',	'Charlie Beahan',	'evelyn.layne@lrsd.org',	'Towne, Pfeffer and Paucek',	'2020-05-03 20:14:13',	'2020-05-03 20:14:13',	NULL),
(39,	'Viola Casper DVM',	'Viola Casper DVM',	'lklimaytys@yahoo.co.uk',	'Walker - Schinner',	'2020-05-06 04:00:42',	'2020-05-06 04:00:42',	NULL),
(40,	'Dr. Izabella Daniel',	'Dr. Izabella Daniel',	'carole.spink@bakermckenzie.com',	'Towne, Swaniawski and Herman',	'2020-05-06 10:50:07',	'2020-05-06 10:50:07',	NULL),
(41,	'Marta',	'Politano',	'lumabio7@outlook.es',	'Policlínico central UOM',	'2020-05-08 00:05:52',	'2020-05-08 00:05:52',	NULL),
(42,	'Frank Grant',	'Frank Grant',	'robert.cash22@gmail.com',	'Reichel and Sons',	'2020-05-12 10:34:34',	'2020-05-12 10:34:34',	NULL),
(43,	'Dedrick McClure',	'Dedrick McClure',	'bramele@yahoo.com',	'McLaughlin Group',	'2020-05-14 09:39:30',	'2020-05-14 09:39:30',	NULL),
(44,	'Ena Pfeffer',	'Ena Pfeffer',	'cbuchanan10@hotmail.co.uk',	'Robel - Nicolas',	'2020-05-15 13:40:47',	'2020-05-15 13:40:47',	NULL),
(45,	'Ana',	'Viola',	'Info@laboratorioviola.com.ar',	'Laboratorio Viola SRL',	'2020-05-15 16:47:09',	'2020-05-15 16:47:09',	NULL),
(46,	'María Jose',	'Echeverriarza',	'echeverriarza.m@tecnodiagnostica.com',	'Tecno Diagnostica',	'2020-05-15 19:06:58',	'2020-05-15 19:06:58',	NULL),
(47,	'carlos',	'ponce',	'carlos.enrique.ponce@gmail.com',	'metalsa argentina sa',	'2020-05-16 00:58:56',	'2020-05-16 00:58:56',	NULL),
(48,	'Cydney Pacocha',	'Cydney Pacocha',	'betsyorozco68@yahoo.com',	'Feil - Johnston',	'2020-05-17 11:11:05',	'2020-05-17 11:11:05',	NULL),
(49,	'Nicole Wisozk',	'Nicole Wisozk',	'beth03456@yahoo.com',	'Johnson, Mayer and Considine',	'2020-05-17 16:07:40',	'2020-05-17 16:07:40',	NULL),
(50,	'Jeanette Runte Sr.',	'Jeanette Runte Sr.',	'jamesalderman@bellsouth.net',	'Schuppe Inc',	'2020-05-23 22:45:57',	'2020-05-23 22:45:57',	NULL),
(51,	'Aurelie Deckow',	'Aurelie Deckow',	'a.utz@camp37.com',	'Frami Group',	'2020-05-26 03:36:34',	'2020-05-26 03:36:34',	NULL),
(52,	'Aliya Harvey',	'Aliya Harvey',	'contacto101@hotmail.com',	'Runte, Huels and Feest',	'2020-05-27 00:17:40',	'2020-05-27 00:17:40',	NULL),
(53,	'Christa Hackett',	'Christa Hackett',	'mandi2dd@hotmail.com',	'Moen and Sons',	'2020-05-27 07:47:12',	'2020-05-27 07:47:12',	NULL),
(54,	'Loyal Windler',	'Loyal Windler',	'm-heeren@web.de',	'Smith - Dare',	'2020-05-27 23:46:40',	'2020-05-27 23:46:40',	NULL),
(55,	'Laisha Bednar',	'Laisha Bednar',	'colojerez18@yahoo.com',	'Herman Group',	'2020-05-28 02:34:50',	'2020-05-28 02:34:50',	NULL),
(56,	'Wiley Langosh',	'Wiley Langosh',	'headphonejackbuisness@gmail.com',	'Nikolaus Group',	'2020-05-28 13:53:20',	'2020-05-28 13:53:20',	NULL),
(57,	'Darion Weissnat',	'Darion Weissnat',	'amiyah1616@gmail.com',	'Koch - Treutel',	'2020-05-28 14:15:47',	'2020-05-28 14:15:47',	NULL),
(58,	'Dakota Davis',	'Dakota Davis',	'victoriaandrews1@yahoo.com',	'Pfannerstill Group',	'2020-06-01 11:33:31',	'2020-06-01 11:33:31',	NULL),
(59,	'Bruce Little Sr.',	'Bruce Little Sr.',	'carlweaver96@gmail.com',	'Nolan - Willms',	'2020-06-03 15:15:24',	'2020-06-03 15:15:24',	NULL),
(60,	'Alford Paucek DVM',	'Alford Paucek DVM',	'jared@jleland.com',	'Simonis, Hilpert and Lesch',	'2020-06-09 15:45:22',	'2020-06-09 15:45:22',	NULL),
(61,	'Electa Hoppe',	'Electa Hoppe',	'offivaccine@yahoo.com',	'Denesik and Sons',	'2020-06-12 02:05:19',	'2020-06-12 02:05:19',	NULL),
(62,	'Adrienne Braun',	'Adrienne Braun',	'dannymee12@gmail.com',	'Hilll, Mueller and Waters',	'2020-06-15 04:43:39',	'2020-06-15 04:43:39',	NULL),
(63,	'Mrs. Wellington Kuvalis',	'Mrs. Wellington Kuvalis',	'jlsorensen@gmail.com',	'Rosenbaum - Russel',	'2020-06-18 18:15:00',	'2020-06-18 18:15:00',	NULL),
(64,	'Estelle Oberbrunner',	'Estelle Oberbrunner',	'jncogirl@aol.com',	'Becker - Witting',	'2020-06-19 19:46:33',	'2020-06-19 19:46:33',	NULL),
(65,	'lfmekouZJNR',	'ilEGPACmagc',	'ennpauline8@gmail.com',	'mFVihbvEKxqUfe',	'2020-06-25 00:51:36',	'2020-06-25 00:51:36',	NULL),
(66,	'Nicolas',	'Ruf',	'gerencia@laboratorioruf.com.ar',	'Ruf Srvicios Bioquimicos SRL',	'2020-07-03 15:40:14',	'2020-07-03 15:40:14',	NULL),
(67,	'susana',	'marchetti',	'iacimarchetti@hotmail.com',	'iaci marchetti srl',	'2020-07-03 22:33:55',	'2020-07-03 22:33:55',	NULL),
(68,	'Kasey Jerde MD',	'Kasey Jerde MD',	'leasabin@aol.com',	'Kiehn LLC',	'2020-07-03 23:45:14',	'2020-07-03 23:45:14',	NULL),
(69,	'Keyshawn Lindgren',	'Keyshawn Lindgren',	'jeffshutt@live.com',	'Rolfson and Sons',	'2020-07-05 11:22:56',	'2020-07-05 11:22:56',	NULL),
(70,	'Unique Weimann',	'Unique Weimann',	'docjoe9981@yahoo.com',	'Anderson, Nader and Muller',	'2020-07-09 11:46:54',	'2020-07-09 11:46:54',	NULL),
(71,	'Luna Hoppe',	'Luna Hoppe',	'yini.shi01@gmail.com',	'Ryan and Sons',	'2020-07-18 11:37:39',	'2020-07-18 11:37:39',	NULL),
(72,	'Isadore Lemke',	'Isadore Lemke',	'gpencinger@hotmail.com',	'Mann, MacGyver and O\'Keefe',	'2020-07-22 07:49:22',	'2020-07-22 07:49:22',	NULL),
(73,	'Dr. Sofia Luettgen',	'Dr. Sofia Luettgen',	'vinguardino@gmail.com',	'Mann, Ward and Wolf',	'2020-07-22 20:18:17',	'2020-07-22 20:18:17',	NULL),
(74,	'Lorenzo Zemlak',	'Lorenzo Zemlak',	'a.utz@camp37.com',	'Altenwerth LLC',	'2020-07-23 20:04:08',	'2020-07-23 20:04:08',	NULL),
(75,	'Jayson Krajcik',	'Jayson Krajcik',	'jane_mikhael125@hotmail.com',	'Heathcote - Collins',	'2020-07-23 22:30:51',	'2020-07-23 22:30:51',	NULL),
(76,	'Carlos',	'Corthey',	'ccorthey@lebym.com.ar',	'LEBYM SRL',	'2020-07-26 17:20:31',	'2020-07-26 17:20:31',	NULL),
(77,	'Gwen Sauer',	'Gwen Sauer',	'jon@yazzi.com',	'Breitenberg - Kirlin',	'2020-08-05 08:38:23',	'2020-08-05 08:38:23',	NULL),
(78,	'rosana',	'ortiz',	'clau.rosana.ortiz@gmail.com',	'particulst',	'2020-08-12 23:19:55',	'2020-08-12 23:19:55',	NULL),
(79,	'rosana',	'ortiz',	'clau.rosana.ortiz@gmail.com',	'particulst',	'2020-08-12 23:19:58',	'2020-08-12 23:19:58',	NULL),
(80,	'Brice Schmidt',	'Brice Schmidt',	'soniaroy2902@gmail.com',	'Schiller LLC',	'2020-08-16 05:26:24',	'2020-08-16 05:26:24',	NULL),
(81,	'Yolanda astrid',	'Gonzalez',	'laboratorioclinicoyg@gmail.com',	'Laboratorio clínico especializado especializado Yolanda  Gómez sas',	'2020-08-19 18:16:28',	'2020-08-19 18:16:28',	NULL),
(82,	'DwqdNpHlixRM',	'nkXFyBrYbRH',	'noelfox095@gmail.com',	'kDGRcChblBMjIK',	'2020-08-19 21:40:02',	'2020-08-19 21:40:02',	NULL),
(83,	'Omar',	'Villalobos',	'ovillalobos13@gmail.com',	'Laboratorio Campo Elias',	'2020-08-27 18:53:07',	'2020-08-27 18:53:07',	NULL),
(84,	'Frank Schaefer',	'Frank Schaefer',	'davidgrimm1@gmail.com',	'Davis Group',	'2020-08-27 22:25:31',	'2020-08-27 22:25:31',	NULL),
(85,	'Oscar Hauck',	'Oscar Hauck',	'enahano@yahoo.com',	'Marvin LLC',	'2020-09-02 10:33:21',	'2020-09-02 10:33:21',	NULL),
(86,	'Fredrick Nader Sr.',	'Fredrick Nader Sr.',	'glparry@shaw.ca',	'Adams LLC',	'2020-09-02 22:36:52',	'2020-09-02 22:36:52',	NULL),
(87,	'Lindsey Leuschke',	'Lindsey Leuschke',	'2817331234@txt.att.net',	'Konopelski - Gaylord',	'2020-09-07 03:14:57',	'2020-09-07 03:14:57',	NULL),
(88,	'Issac Altenwerth',	'Issac Altenwerth',	'lorigast@aol.com',	'Macejkovic Inc',	'2020-09-08 04:36:52',	'2020-09-08 04:36:52',	NULL),
(89,	'Laney Schulist',	'Laney Schulist',	'bdcinrio@yahoo.com',	'Corkery, White and Legros',	'2020-09-14 07:25:20',	'2020-09-14 07:25:20',	NULL),
(90,	'Lottie Gusikowski',	'Lottie Gusikowski',	'grisom8@gmail.com',	'Nikolaus, Graham and Senger',	'2020-09-17 06:20:42',	'2020-09-17 06:20:42',	NULL),
(91,	'Chance Considine',	'Chance Considine',	'5125964681@vtext.com',	'Funk Group',	'2020-09-19 06:06:05',	'2020-09-19 06:06:05',	NULL),
(92,	'Stephania Beahan',	'Stephania Beahan',	'anonymetxs@hotmail.com',	'Langworth - Torp',	'2020-09-21 06:29:33',	'2020-09-21 06:29:33',	NULL),
(93,	'Branson Williamson',	'Branson Williamson',	'victoria_creamer@yahoo.com',	'Crist LLC',	'2020-09-24 11:40:28',	'2020-09-24 11:40:28',	NULL),
(94,	'Desiree Brown',	'Desiree Brown',	'dmboner@yahoo.com',	'Jerde, Conn and Lakin',	'2020-10-01 22:54:12',	'2020-10-01 22:54:12',	NULL),
(95,	'Noemy Larson I',	'Noemy Larson I',	'pamela.crawford@btinternet.com',	'Zulauf LLC',	'2020-10-15 13:39:07',	'2020-10-15 13:39:07',	NULL),
(96,	'VuiRobHNGJq',	'RsmIGZYwUXu',	'oddivistrybt@gmail.com',	'nFBJbcZIPa',	'2020-10-17 13:37:28',	'2020-10-17 13:37:28',	NULL),
(97,	'Oceane Rogahn',	'Oceane Rogahn',	'pappyq2003@yahoo.com',	'Deckow - Boehm',	'2020-10-18 17:53:16',	'2020-10-18 17:53:16',	NULL),
(98,	'Lori Reynolds',	'Lori Reynolds',	'fredtwo11@hotmail.com',	'Robel and Sons',	'2020-10-20 08:51:19',	'2020-10-20 08:51:19',	NULL),
(99,	'ZSrlfJKFtyoMGCR',	'eqkgMbTPRJYmSXHz',	'wouggelleot@gmail.com',	'OuJQUKLG',	'2020-10-21 01:50:34',	'2020-10-21 01:50:34',	NULL),
(100,	'Macie Davis',	'Macie Davis',	'support@topshelfbc.com',	'Rogahn LLC',	'2020-10-22 09:54:20',	'2020-10-22 09:54:20',	NULL),
(101,	'Alf Schneider',	'Alf Schneider',	'lb_martinez@yahoo.com',	'Macejkovic - Hegmann',	'2020-10-24 19:59:31',	'2020-10-24 19:59:31',	NULL),
(102,	'Demetris Lind',	'Demetris Lind',	'cherokeereefer@yahoo.com',	'Hermiston - Heaney',	'2020-10-24 20:55:31',	'2020-10-24 20:55:31',	NULL),
(103,	'Rosemarie Turner',	'Rosemarie Turner',	'martingutierrezsara@gmail.com',	'Von Inc',	'2020-10-26 18:25:05',	'2020-10-26 18:25:05',	NULL),
(104,	'Nathanial Armstrong',	'Nathanial Armstrong',	'marty@mblank.com',	'Kassulke - Schimmel',	'2020-10-29 05:44:08',	'2020-10-29 05:44:08',	NULL),
(105,	'Jovany Davis',	'Jovany Davis',	't_booker@hotmail.com',	'Brekke Inc',	'2020-10-31 02:40:57',	'2020-10-31 02:40:57',	NULL),
(106,	'Darrel Terry',	'Darrel Terry',	'toracliviu@icloud.com',	'Brekke Group',	'2020-11-02 04:36:55',	'2020-11-02 04:36:55',	NULL),
(107,	'psgxGaiLnfPK',	'CpDMslZXOxRHUd',	'wheelermoris60@gmail.com',	'IEGKqtRUxVO',	'2020-11-03 18:31:25',	'2020-11-03 18:31:25',	NULL),
(108,	'wSNzcOoDxPuZURpB',	'zpFGMbhui',	'gramimthral1808@gmail.com',	'OGRavKZrik',	'2020-11-14 01:30:08',	'2020-11-14 01:30:08',	NULL),
(109,	'zxAHCgjwPZe',	'TgcfUBsqedYvw',	'gramimthral1808@gmail.com',	'SwVbUIzdO',	'2020-11-14 01:30:11',	'2020-11-14 01:30:11',	NULL),
(110,	'Kelsie Keeling',	'Kelsie Keeling',	'bupaymentgw@gmail.com',	'Ritchie, Gulgowski and Windler',	'2020-11-14 07:13:44',	'2020-11-14 07:13:44',	NULL),
(111,	'Candelario Hessel',	'Candelario Hessel',	'randy_piccoli@hotmail.com',	'Gutkowski - Kling',	'2020-11-18 14:52:39',	'2020-11-18 14:52:39',	NULL),
(112,	'Winifred Predovic',	'Winifred Predovic',	'pemis@aol.com',	'Steuber - Hettinger',	'2020-11-25 21:19:17',	'2020-11-25 21:19:17',	NULL),
(113,	'Macy Gaylord',	'Macy Gaylord',	'rr771035@gmail.com',	'Wintheiser LLC',	'2020-11-27 13:41:33',	'2020-11-27 13:41:33',	NULL),
(114,	'Tre Schaefer',	'Tre Schaefer',	'geoffpaton40@gmail.com',	'Mante - Beatty',	'2020-11-30 09:15:35',	'2020-11-30 09:15:35',	NULL),
(115,	'nNuqDlTsOGimAvk',	'BbrwgjsuCzxY',	'landsemumic543@gmail.com',	'RCoxHcNde',	'2020-12-01 07:29:18',	'2020-12-01 07:29:18',	NULL),
(116,	'Pierce Schuppe',	'Pierce Schuppe',	'hannahcboyd3@gmail.com',	'Haley LLC',	'2020-12-03 04:01:01',	'2020-12-03 04:01:01',	NULL),
(117,	'Marguerite Hoppe',	'Marguerite Hoppe',	'bhihi.rajah@orange.fr',	'Bergstrom, Mayer and Hills',	'2020-12-04 20:57:27',	'2020-12-04 20:57:27',	NULL),
(118,	'TXiQYHyjMfDm',	'cihsvqHtJmxARpYn',	'segentpaco528@gmail.com',	'rSeFzvJwAuE',	'2020-12-06 06:50:21',	'2020-12-06 06:50:21',	NULL),
(119,	'VAdKLiXFGZlscSy',	'xfrkVzpSK',	'segentpaco528@gmail.com',	'MhWJkfImxTb',	'2020-12-06 06:50:25',	'2020-12-06 06:50:25',	NULL);

DROP TABLE IF EXISTS `users`;
CREATE TABLE `users` (
  `id` int(10) unsigned NOT NULL AUTO_INCREMENT,
  `name` varchar(191) COLLATE utf8mb4_unicode_ci NOT NULL,
  `email` varchar(191) COLLATE utf8mb4_unicode_ci NOT NULL,
  `password` varchar(191) COLLATE utf8mb4_unicode_ci NOT NULL,
  `role_id` int(10) unsigned DEFAULT NULL,
  `remember_token` varchar(191) COLLATE utf8mb4_unicode_ci DEFAULT NULL,
  `created_at` timestamp NULL DEFAULT NULL,
  `updated_at` timestamp NULL DEFAULT NULL,
  `approved` tinyint(4) DEFAULT '0',
  PRIMARY KEY (`id`),
  KEY `50078_5959bdd875b97` (`role_id`),
  CONSTRAINT `50078_5959bdd875b97` FOREIGN KEY (`role_id`) REFERENCES `roles` (`id`) ON DELETE CASCADE
) ENGINE=InnoDB DEFAULT CHARSET=utf8mb4 COLLATE=utf8mb4_unicode_ci;

INSERT INTO `users` (`id`, `name`, `email`, `password`, `role_id`, `remember_token`, `created_at`, `updated_at`, `approved`) VALUES
(1,	'webmaster',	'faridsilva@gmail.com',	'$2y$10$tsuUubHYd8Eoty0ahx1cHOIfV83Rz8bCcCSBw85siGiGI1WV7EFBq',	1,	'XstV9DtPePnkfqmmd15T0WpmlT0kInSEiiWYySUTNralSaiNeaAd7A9zXXSp',	NULL,	'2019-08-02 04:56:17',	1),
(2,	'Andrea',	'marianfranzoni@gmail.com',	'$2y$10$UmliGd4qF3Xz9ajrop7M0e7WdEFCHrEUtbHCJFo06g.2PqMXqmb8G',	1,	'JlTDKtR4Bbi8EwjAuv9UP1whDkDpAnfvVIL3292iGx19mieNKtctUmRe9KJX',	'2019-08-02 04:56:03',	'2019-08-02 04:56:03',	1),
(3,	'Roberto',	'rober.menchaca@gmail.com',	'$2y$10$opLMB3wRugwSsmhwQie3YO.JizrCQhWOSJ42Wu7mXA1sR.QWdfJE6',	1,	'hUncZx6dbO39O67sjDiNkSRVee2SUM6jaZJ0lumXomUSmH936wnh1o5R2qYf',	'2019-09-09 22:32:58',	'2019-10-01 23:30:27',	1);

-- 2021-02-12 23:55:42
